id_evento,fecha,modulo,alerta,incidente_real,veredicto,tam_commit,t_respuesta_h,id_duplicado,tam_commit_atipico,t_respuesta_h_atipico
1153,NA,db,FALSE,FALSE,negativo,148,3.9,FALSE,FALSE,FALSE
781,2026-05-03,auth,FALSE,FALSE,negativo,96,1.7,FALSE,FALSE,FALSE
2228,2026-10-10,api,FALSE,FALSE,negativo,16,8.2,FALSE,FALSE,FALSE
2197,2026-08-12,db,FALSE,FALSE,negativo,NA,2.9,FALSE,TRUE,FALSE
1558,2026-09-24,db,FALSE,FALSE,negativo,75,1.9,TRUE,FALSE,FALSE
1858,2026-02-07,auth,FALSE,FALSE,negativo,40,17.1,FALSE,FALSE,FALSE
665,2026-11-12,db,TRUE,FALSE,negativo,48,9.9,FALSE,FALSE,FALSE
959,2026-09-22,db,FALSE,FALSE,positivo,9,2,FALSE,FALSE,FALSE
1417,2026-06-28,ui,NA,FALSE,negativo,123,2.4,FALSE,FALSE,FALSE
1509,2026-02-25,db,FALSE,FALSE,negativo,160,9.2,FALSE,FALSE,FALSE
2466,2026-12-03,ui,FALSE,FALSE,negativo,38,1.9,FALSE,FALSE,FALSE
671,2026-04-23,ui,FALSE,FALSE,negativo,63,3.9,TRUE,FALSE,FALSE
1262,2026-09-26,auth,FALSE,FALSE,negativo,10,3.4,FALSE,FALSE,FALSE
1650,NA,auth,TRUE,TRUE,positivo,91,13.5,FALSE,FALSE,FALSE
2067,2026-05-15,db,FALSE,FALSE,negativo,56,10.9,FALSE,FALSE,FALSE
229,2026-08-23,ui,FALSE,FALSE,negativo,76,3,FALSE,FALSE,FALSE
2468,2026-08-05,auth,FALSE,FALSE,negativo,97,3,FALSE,FALSE,FALSE
27,2026-11-09,auth,FALSE,FALSE,negativo,35,3.2,FALSE,FALSE,FALSE
1868,2026-05-12,auth,FALSE,FALSE,negativo,347,4.2,FALSE,FALSE,FALSE
1133,2026-02-28,ui,FALSE,FALSE,negativo,12,1.3,FALSE,FALSE,FALSE
640,2026-02-10,api,FALSE,FALSE,positivo,27,8.5,FALSE,FALSE,FALSE
1248,2026-03-19,api,FALSE,FALSE,negativo,28,2.7,FALSE,FALSE,FALSE
1607,2026-03-08,api,FALSE,FALSE,negativo,10,3,FALSE,FALSE,FALSE
512,2026-02-16,db,FALSE,FALSE,negativo,117,8.2,FALSE,FALSE,FALSE
1277,2026-10-07,ui,FALSE,FALSE,negativo,67,2.3,FALSE,FALSE,FALSE
1785,2026-12-01,auth,FALSE,NA,negativo,36,4.6,FALSE,FALSE,FALSE
574,2026-03-14,api,FALSE,FALSE,negativo,73,3.6,FALSE,FALSE,FALSE
2307,2026-02-22,api,FALSE,FALSE,negativo,150,10.1,FALSE,FALSE,FALSE
2063,2026-02-07,api,FALSE,FALSE,negativo,66,5.2,FALSE,FALSE,FALSE
1872,2026-07-16,api,FALSE,FALSE,negativo,20,99999,FALSE,FALSE,FALSE
94,2026-03-05,db,FALSE,FALSE,negativo,62,9.1,FALSE,FALSE,FALSE
1522,2026-05-06,auth,FALSE,FALSE,negativo,15,1.2,FALSE,FALSE,FALSE
1158,2026-10-11,api,FALSE,FALSE,negativo,17,10,FALSE,FALSE,FALSE
613,2026-06-15,db,FALSE,FALSE,negativo,NA,1.3,FALSE,TRUE,FALSE
2428,2026-11-02,db,FALSE,FALSE,negativo,136,4.7,FALSE,FALSE,FALSE
1885,2026-06-03,api,FALSE,FALSE,negativo,66,15.8,FALSE,FALSE,FALSE
835,2026-11-11,api,FALSE,FALSE,negativo,112,3.7,FALSE,FALSE,FALSE
2595,2026-10-16,api,FALSE,FALSE,negativo,118,0.8,FALSE,FALSE,FALSE
2225,2026-09-03,auth,FALSE,FALSE,negativo,51,8.2,FALSE,FALSE,FALSE
2364,2026-10-25,db,FALSE,FALSE,NA,25,11.2,FALSE,FALSE,FALSE
1387,2026-05-02,db,FALSE,FALSE,negativo,25,4.7,FALSE,FALSE,FALSE
836,2026-12-08,auth,FALSE,FALSE,negativo,70,14.8,FALSE,FALSE,FALSE
231,2026-10-17,auth,FALSE,FALSE,negativo,47,5.3,TRUE,FALSE,FALSE
810,2026-09-05,api,FALSE,FALSE,negativo,40,2,FALSE,FALSE,FALSE
65,2026-08-17,ui,FALSE,FALSE,negativo,NA,4.1,FALSE,NA,FALSE
369,2026-12-06,auth,FALSE,FALSE,negativo,8,7.2,FALSE,FALSE,FALSE
1539,2026-09-14,auth,FALSE,NA,negativo,NA,4,FALSE,NA,FALSE
1895,2026-07-13,db,FALSE,FALSE,positivo,23,9.2,FALSE,FALSE,FALSE
1021,2026-10-21,api,TRUE,FALSE,negativo,56,13.3,FALSE,FALSE,FALSE
2452,2026-01-09,ui,FALSE,FALSE,negativo,185,5.7,FALSE,FALSE,FALSE
1546,2026-10-20,db,FALSE,FALSE,negativo,34,6.4,FALSE,FALSE,FALSE
2153,2026-10-03,auth,FALSE,NA,positivo,155,4.7,FALSE,FALSE,FALSE
88,2026-11-16,auth,FALSE,FALSE,negativo,59,2.7,FALSE,FALSE,FALSE
1415,2026-03-22,db,TRUE,TRUE,positivo,41,33.4,FALSE,FALSE,FALSE
1597,2026-07-11,auth,FALSE,FALSE,negativo,113,2.6,FALSE,FALSE,FALSE
1672,2026-11-10,api,FALSE,FALSE,positivo,76,6.1,FALSE,FALSE,FALSE
274,2026-03-21,api,FALSE,FALSE,negativo,81,NA,FALSE,FALSE,NA
575,2026-04-15,db,FALSE,FALSE,negativo,44,2.1,FALSE,FALSE,FALSE
664,2026-09-23,auth,FALSE,FALSE,negativo,102,0.5,FALSE,FALSE,FALSE
1904,2026-08-18,auth,FALSE,FALSE,negativo,56,12.3,FALSE,FALSE,FALSE
1646,2026-06-24,api,NA,FALSE,negativo,147,1.4,FALSE,FALSE,FALSE
1528,2026-11-03,api,FALSE,FALSE,negativo,119,7.5,FALSE,FALSE,FALSE
236,2026-12-22,auth,FALSE,FALSE,negativo,NA,3.2,FALSE,NA,FALSE
1854,2026-02-27,api,FALSE,FALSE,negativo,62,6.3,FALSE,FALSE,FALSE
633,NA,api,FALSE,FALSE,negativo,163,2.9,FALSE,FALSE,FALSE
246,2026-03-18,api,FALSE,FALSE,negativo,157,6.9,FALSE,FALSE,FALSE
203,2026-12-02,auth,NA,TRUE,positivo,115,30.9,FALSE,FALSE,FALSE
2020,2026-08-28,auth,FALSE,FALSE,negativo,44,3.8,FALSE,FALSE,FALSE
683,NA,ui,FALSE,FALSE,negativo,36,6.1,FALSE,FALSE,FALSE
1328,2026-05-19,auth,FALSE,FALSE,negativo,219,NA,FALSE,FALSE,TRUE
1092,2026-05-19,auth,FALSE,FALSE,negativo,200,4.2,FALSE,FALSE,FALSE
1270,2026-02-07,api,TRUE,FALSE,negativo,34,1.5,FALSE,FALSE,FALSE
618,2026-10-09,auth,FALSE,FALSE,negativo,83,5.1,FALSE,FALSE,FALSE
492,2026-07-04,ui,TRUE,FALSE,negativo,320,4.8,FALSE,FALSE,FALSE
1358,2026-05-20,auth,FALSE,FALSE,negativo,124,13.4,FALSE,FALSE,FALSE
2208,2026-02-13,ui,FALSE,FALSE,negativo,71,4.3,FALSE,FALSE,FALSE
2339,NA,api,TRUE,TRUE,positivo,NA,7.6,FALSE,NA,FALSE
1787,2026-02-01,db,FALSE,FALSE,negativo,27,10.9,FALSE,FALSE,FALSE
1100,2026-02-03,db,FALSE,NA,negativo,7,7.7,FALSE,FALSE,FALSE
585,2026-04-03,api,FALSE,FALSE,negativo,24,4.2,FALSE,FALSE,FALSE
2558,2026-06-07,db,FALSE,FALSE,negativo,46,1.5,FALSE,FALSE,FALSE
1463,2026-09-08,auth,FALSE,FALSE,negativo,126,6.4,FALSE,FALSE,FALSE
1313,2026-07-12,auth,FALSE,FALSE,negativo,23,4.6,FALSE,FALSE,FALSE
677,2026-10-28,auth,FALSE,FALSE,negativo,79,1.6,FALSE,FALSE,FALSE
102,2026-07-20,ui,FALSE,FALSE,negativo,58,3.4,FALSE,FALSE,FALSE
410,2026-06-26,db,FALSE,FALSE,negativo,18,1.8,FALSE,FALSE,FALSE
2525,NA,db,TRUE,FALSE,negativo,16,NA,FALSE,FALSE,TRUE
413,2026-11-14,auth,FALSE,FALSE,negativo,28,0.7,FALSE,FALSE,FALSE
1480,2026-08-08,ui,FALSE,FALSE,negativo,62,2.6,FALSE,FALSE,FALSE
218,2026-09-17,api,FALSE,FALSE,negativo,71,12.8,FALSE,FALSE,FALSE
1883,2026-05-17,api,FALSE,FALSE,negativo,28,4.6,FALSE,FALSE,FALSE
1544,2026-03-07,auth,FALSE,FALSE,negativo,12,8.5,FALSE,FALSE,FALSE
931,2026-10-24,api,FALSE,FALSE,negativo,658,6.9,FALSE,FALSE,FALSE
1554,2026-04-13,api,FALSE,FALSE,negativo,79,NA,FALSE,FALSE,TRUE
1062,2026-03-08,auth,FALSE,FALSE,negativo,192,4.9,FALSE,FALSE,FALSE
2140,2026-11-05,db,FALSE,FALSE,negativo,9,0.5,FALSE,FALSE,FALSE
322,2026-07-25,api,FALSE,FALSE,negativo,29,10.4,FALSE,FALSE,FALSE
85,2026-01-12,api,FALSE,FALSE,negativo,28,5,FALSE,FALSE,FALSE
2358,2026-09-22,auth,FALSE,FALSE,negativo,19,0.3,FALSE,FALSE,FALSE
968,2026-02-20,ui,NA,FALSE,negativo,75,8.5,FALSE,FALSE,FALSE
2552,2026-09-03,db,FALSE,NA,negativo,19,12.9,FALSE,FALSE,FALSE
579,2026-11-10,auth,TRUE,TRUE,positivo,128,17.8,FALSE,FALSE,FALSE
1517,2026-08-06,db,FALSE,FALSE,negativo,24,4.7,FALSE,FALSE,FALSE
750,2026-09-16,api,FALSE,NA,negativo,22,NA,FALSE,FALSE,TRUE
1011,2026-07-24,db,FALSE,FALSE,negativo,17,5.1,FALSE,FALSE,FALSE
2181,2026-09-27,ui,FALSE,FALSE,negativo,22,9.6,FALSE,FALSE,FALSE
407,2026-04-25,db,FALSE,FALSE,negativo,31,4,TRUE,FALSE,FALSE
257,2026-11-02,auth,FALSE,FALSE,negativo,NA,NA,FALSE,TRUE,TRUE
1563,2026-02-27,api,FALSE,FALSE,negativo,15,9.6,FALSE,FALSE,FALSE
111,2026-06-03,api,FALSE,FALSE,negativo,363,5.5,FALSE,FALSE,FALSE
131,2026-11-07,api,TRUE,TRUE,negativo,30,2,FALSE,FALSE,FALSE
97,2026-09-05,auth,FALSE,FALSE,negativo,63,6.8,FALSE,FALSE,FALSE
1113,2026-10-25,db,FALSE,FALSE,negativo,107,1.6,FALSE,FALSE,FALSE
2385,2026-06-19,api,TRUE,FALSE,negativo,26,3.8,FALSE,FALSE,FALSE
1301,2026-07-27,db,FALSE,FALSE,negativo,140,2.3,FALSE,FALSE,FALSE
444,2026-10-12,ui,TRUE,FALSE,negativo,16,5.1,FALSE,FALSE,FALSE
144,2026-03-22,db,NA,FALSE,negativo,159,8.6,FALSE,FALSE,FALSE
558,2026-05-14,ui,TRUE,FALSE,positivo,22,3.8,FALSE,FALSE,FALSE
659,2026-04-04,api,TRUE,TRUE,positivo,46,10.7,FALSE,FALSE,FALSE
489,2026-06-28,auth,TRUE,TRUE,positivo,110,11.4,FALSE,FALSE,FALSE
965,2026-03-25,auth,FALSE,FALSE,negativo,75,NA,FALSE,FALSE,TRUE
370,2026-04-21,ui,FALSE,FALSE,negativo,41,12.1,FALSE,FALSE,FALSE
1641,NA,db,FALSE,FALSE,negativo,116,1.1,FALSE,FALSE,FALSE
2418,2026-05-04,api,FALSE,FALSE,negativo,103,99999,FALSE,FALSE,FALSE
1725,2026-10-06,db,FALSE,FALSE,negativo,178,6.1,FALSE,FALSE,FALSE
1922,NA,auth,FALSE,FALSE,negativo,155,2.5,FALSE,FALSE,FALSE
1944,2026-12-10,ui,FALSE,FALSE,negativo,57,10.4,FALSE,FALSE,FALSE
976,2026-06-09,api,TRUE,FALSE,negativo,214,5.5,FALSE,FALSE,FALSE
186,2026-03-07,api,NA,FALSE,negativo,28,2.7,FALSE,FALSE,FALSE
1074,2026-03-25,api,TRUE,FALSE,negativo,289,5.4,FALSE,FALSE,FALSE
690,2026-12-05,db,FALSE,FALSE,negativo,72,7.5,FALSE,FALSE,FALSE
1327,2026-09-27,auth,FALSE,FALSE,negativo,58,7.6,FALSE,FALSE,FALSE
842,2026-04-01,ui,TRUE,FALSE,negativo,91,8.8,FALSE,FALSE,FALSE
728,2026-11-06,api,FALSE,FALSE,negativo,10,2.5,FALSE,FALSE,FALSE
310,2026-07-27,ui,FALSE,FALSE,negativo,29,6.1,FALSE,FALSE,FALSE
1727,2026-05-04,auth,FALSE,FALSE,negativo,36,7,FALSE,FALSE,FALSE
1643,2026-12-08,ui,NA,FALSE,negativo,30,11.1,FALSE,FALSE,FALSE
405,2026-12-23,db,FALSE,FALSE,negativo,36,99999,FALSE,FALSE,FALSE
1247,2026-08-13,auth,FALSE,NA,negativo,NA,5,FALSE,TRUE,FALSE
1986,2026-01-13,api,FALSE,FALSE,negativo,17,4.3,FALSE,FALSE,FALSE
726,2026-11-14,auth,FALSE,FALSE,negativo,36,5.8,FALSE,FALSE,FALSE
524,2026-05-05,api,FALSE,FALSE,negativo,81,1.8,FALSE,FALSE,FALSE
780,2026-08-09,auth,FALSE,FALSE,negativo,61,3.9,FALSE,FALSE,FALSE
727,2026-06-07,api,FALSE,FALSE,negativo,47,6.1,FALSE,FALSE,FALSE
2534,2026-05-27,auth,FALSE,FALSE,negativo,354,6.8,FALSE,FALSE,FALSE
2343,2026-12-04,auth,FALSE,FALSE,negativo,27,3,FALSE,FALSE,FALSE
790,2026-04-08,auth,FALSE,FALSE,positivo,37,8.7,FALSE,FALSE,FALSE
1853,2026-01-02,db,FALSE,FALSE,negativo,87,2.1,FALSE,FALSE,FALSE
1965,2026-08-04,ui,FALSE,FALSE,negativo,201,3.4,FALSE,FALSE,FALSE
995,2026-01-25,auth,FALSE,FALSE,negativo,NA,3.5,TRUE,TRUE,FALSE
1547,2026-02-16,auth,FALSE,FALSE,positivo,118,5.3,FALSE,FALSE,FALSE
311,2026-01-10,auth,FALSE,FALSE,negativo,75,5.2,FALSE,FALSE,FALSE
299,2026-02-19,auth,FALSE,FALSE,negativo,NA,0.5,FALSE,TRUE,FALSE
1750,NA,api,FALSE,FALSE,negativo,50,2.5,FALSE,FALSE,FALSE
2546,2026-04-01,auth,FALSE,FALSE,negativo,44,5.1,FALSE,FALSE,FALSE
2336,2026-06-24,ui,NA,FALSE,negativo,301,2.7,FALSE,FALSE,FALSE
1866,2026-07-24,api,FALSE,FALSE,negativo,34,16,FALSE,FALSE,FALSE
784,2026-01-08,auth,FALSE,FALSE,negativo,77,1.9,FALSE,FALSE,FALSE
1121,2026-10-14,api,FALSE,FALSE,negativo,18,0.3,FALSE,FALSE,FALSE
1359,2026-08-16,auth,FALSE,FALSE,negativo,46,0.9,FALSE,FALSE,FALSE
2571,2026-05-24,db,FALSE,FALSE,negativo,79,5.7,FALSE,FALSE,FALSE
980,2026-05-10,auth,FALSE,FALSE,negativo,206,3.3,FALSE,FALSE,FALSE
193,2026-09-24,api,FALSE,FALSE,negativo,16,NA,FALSE,FALSE,NA
2175,2026-07-12,api,FALSE,FALSE,negativo,119,3.6,FALSE,FALSE,FALSE
1440,2026-07-24,ui,FALSE,FALSE,negativo,108,4.4,FALSE,FALSE,FALSE
1835,2026-09-25,api,FALSE,FALSE,negativo,202,4.9,FALSE,FALSE,FALSE
1099,2026-07-04,api,FALSE,FALSE,negativo,105,99999,FALSE,FALSE,FALSE
1205,2026-10-04,api,TRUE,FALSE,negativo,37,2.4,FALSE,FALSE,FALSE
744,2026-11-15,auth,FALSE,FALSE,negativo,60,2.1,FALSE,FALSE,FALSE
135,2026-12-06,api,TRUE,TRUE,positivo,117,14.8,FALSE,FALSE,FALSE
308,2026-09-28,auth,FALSE,FALSE,negativo,48,6,FALSE,FALSE,FALSE
1393,2026-08-10,api,FALSE,FALSE,negativo,228,4.1,FALSE,FALSE,FALSE
458,2026-08-20,db,FALSE,FALSE,negativo,47,2.5,FALSE,FALSE,FALSE
1531,2026-12-14,api,TRUE,TRUE,positivo,48,5.8,FALSE,FALSE,FALSE
2596,2026-09-20,db,FALSE,FALSE,negativo,28,NA,FALSE,FALSE,TRUE
452,2026-07-02,ui,FALSE,FALSE,negativo,67,0.2,FALSE,FALSE,FALSE
221,2026-11-20,db,TRUE,FALSE,negativo,29,12.7,FALSE,FALSE,FALSE
738,2026-08-13,ui,FALSE,FALSE,negativo,31,NA,FALSE,FALSE,NA
2417,2026-09-18,api,FALSE,FALSE,NA,40,2.6,FALSE,FALSE,FALSE
1594,2026-02-15,db,TRUE,TRUE,positivo,150,8.2,FALSE,FALSE,FALSE
559,2026-12-06,auth,FALSE,FALSE,negativo,32,4.5,FALSE,FALSE,FALSE
2134,2026-03-01,db,FALSE,FALSE,negativo,67,7.2,FALSE,FALSE,FALSE
2550,2026-03-28,api,FALSE,FALSE,negativo,24,3.8,FALSE,FALSE,FALSE
1908,2026-03-28,auth,FALSE,FALSE,negativo,44,6,FALSE,FALSE,FALSE
202,2026-09-09,db,TRUE,TRUE,positivo,54,23.3,FALSE,FALSE,FALSE
1923,2026-03-01,auth,TRUE,FALSE,negativo,217,8,FALSE,FALSE,FALSE
508,NA,db,FALSE,FALSE,negativo,47,3.4,FALSE,FALSE,FALSE
587,2026-07-18,api,FALSE,FALSE,negativo,203,5.2,FALSE,FALSE,FALSE
109,2026-09-03,db,FALSE,FALSE,negativo,81,7,FALSE,FALSE,FALSE
2031,2026-12-26,auth,NA,FALSE,negativo,18,0.6,FALSE,FALSE,FALSE
2338,2026-10-21,api,TRUE,TRUE,positivo,29,7.7,FALSE,FALSE,FALSE
1188,2026-05-17,api,TRUE,FALSE,negativo,18,13.8,FALSE,FALSE,FALSE
73,2026-06-08,auth,TRUE,TRUE,positivo,71,28.6,FALSE,FALSE,FALSE
2047,2026-09-07,auth,FALSE,FALSE,negativo,139,9.2,FALSE,FALSE,FALSE
1091,2026-04-12,api,FALSE,FALSE,negativo,30,12.5,FALSE,FALSE,FALSE
1181,2026-09-16,db,TRUE,TRUE,positivo,20,16.5,FALSE,FALSE,FALSE
2381,2026-11-04,api,FALSE,FALSE,negativo,59,2.2,FALSE,FALSE,FALSE
859,2026-02-06,db,TRUE,TRUE,negativo,75,99999,FALSE,FALSE,FALSE
1231,2026-10-12,auth,FALSE,FALSE,negativo,40,2,FALSE,FALSE,FALSE
1351,2026-02-14,ui,FALSE,FALSE,negativo,57,7.2,FALSE,FALSE,FALSE
292,NA,api,FALSE,FALSE,negativo,37,5.7,FALSE,FALSE,FALSE
1916,2026-04-05,api,NA,FALSE,negativo,72,7.9,FALSE,FALSE,FALSE
2184,2026-08-27,ui,FALSE,FALSE,negativo,143,10.7,FALSE,FALSE,FALSE
2397,NA,api,FALSE,FALSE,negativo,34,7.9,FALSE,FALSE,FALSE
2463,2026-06-25,db,FALSE,FALSE,negativo,56,7.9,FALSE,FALSE,FALSE
1709,2026-05-11,api,FALSE,FALSE,negativo,158,8.8,FALSE,FALSE,FALSE
1958,2026-02-04,ui,FALSE,FALSE,negativo,67,4.6,FALSE,FALSE,FALSE
1942,2026-08-01,api,FALSE,FALSE,negativo,95,4.3,FALSE,FALSE,FALSE
316,2026-10-23,auth,FALSE,FALSE,negativo,45,10.4,FALSE,FALSE,FALSE
1713,NA,ui,FALSE,FALSE,positivo,39,1.7,TRUE,FALSE,FALSE
1186,2026-08-10,auth,FALSE,FALSE,negativo,73,4.7,FALSE,FALSE,FALSE
2425,2026-06-27,db,FALSE,FALSE,negativo,18,13.8,FALSE,FALSE,FALSE
48,2026-04-01,api,FALSE,FALSE,negativo,57,3.2,FALSE,FALSE,FALSE
357,2026-01-26,api,FALSE,FALSE,negativo,81,7.5,FALSE,FALSE,FALSE
1352,2026-06-15,api,FALSE,FALSE,positivo,64,6.3,FALSE,FALSE,FALSE
2025,2026-06-09,auth,FALSE,FALSE,NA,22,3.1,FALSE,FALSE,FALSE
945,2026-04-22,api,NA,TRUE,positivo,29,1.8,FALSE,FALSE,FALSE
2392,2026-10-23,ui,FALSE,FALSE,negativo,27,9.9,FALSE,FALSE,FALSE
1798,2026-11-13,api,TRUE,FALSE,negativo,74,5.6,FALSE,FALSE,FALSE
2157,2026-07-28,auth,FALSE,FALSE,positivo,515,17,FALSE,FALSE,FALSE
1825,2026-06-23,api,FALSE,NA,negativo,167,8.8,FALSE,FALSE,FALSE
1088,2026-06-17,db,TRUE,FALSE,negativo,107,3.9,TRUE,FALSE,FALSE
2597,2026-06-01,auth,FALSE,FALSE,negativo,60,3.3,FALSE,FALSE,FALSE
1837,2026-10-02,auth,FALSE,FALSE,negativo,70,2.4,FALSE,FALSE,FALSE
1946,2026-09-13,auth,FALSE,FALSE,negativo,18,10.7,FALSE,FALSE,FALSE
2540,2026-02-14,auth,FALSE,FALSE,negativo,97,7.6,FALSE,FALSE,FALSE
2380,2026-09-09,db,FALSE,FALSE,negativo,121,3.7,TRUE,FALSE,FALSE
761,2026-06-24,api,FALSE,FALSE,negativo,17,9.7,FALSE,FALSE,FALSE
1211,2026-05-19,api,NA,FALSE,negativo,25,4.9,FALSE,FALSE,FALSE
1879,2026-12-21,auth,FALSE,FALSE,negativo,34,12.1,FALSE,FALSE,FALSE
1446,2026-07-10,auth,FALSE,FALSE,negativo,250,3,FALSE,FALSE,FALSE
1206,2026-12-04,ui,FALSE,FALSE,negativo,311,7.5,FALSE,FALSE,FALSE
2205,2026-01-23,api,FALSE,FALSE,negativo,64,12.9,FALSE,FALSE,FALSE
2003,2026-09-22,ui,FALSE,FALSE,negativo,65,2.1,FALSE,FALSE,FALSE
679,2026-04-06,db,FALSE,FALSE,negativo,108,11.8,FALSE,FALSE,FALSE
354,2026-06-26,ui,FALSE,FALSE,negativo,17,8.3,FALSE,FALSE,FALSE
1901,2026-12-20,api,FALSE,FALSE,negativo,374,8.9,FALSE,FALSE,FALSE
1425,2026-02-19,api,FALSE,FALSE,negativo,22,5.3,FALSE,FALSE,FALSE
1504,2026-05-12,api,FALSE,FALSE,negativo,12,4.5,FALSE,FALSE,FALSE
1759,2026-10-12,auth,FALSE,FALSE,negativo,50,2.4,FALSE,FALSE,FALSE
962,2026-08-10,api,FALSE,FALSE,negativo,37,9.1,TRUE,FALSE,FALSE
249,2026-01-16,api,FALSE,FALSE,negativo,102,1.3,FALSE,FALSE,FALSE
1560,2026-10-19,auth,FALSE,FALSE,negativo,241,8.4,FALSE,FALSE,FALSE
2055,2026-01-19,ui,FALSE,FALSE,negativo,23,1.2,FALSE,FALSE,FALSE
1151,2026-02-21,db,TRUE,FALSE,negativo,176,1.4,FALSE,FALSE,FALSE
1961,NA,api,TRUE,FALSE,negativo,36,4.5,FALSE,FALSE,FALSE
940,2026-09-18,api,FALSE,FALSE,negativo,105,9.5,FALSE,FALSE,FALSE
2526,2026-12-11,api,NA,FALSE,NA,129,4.7,FALSE,FALSE,FALSE
1635,2026-10-22,api,FALSE,FALSE,negativo,49,7.2,FALSE,FALSE,FALSE
238,2026-11-12,api,FALSE,FALSE,negativo,103,19.6,FALSE,FALSE,FALSE
2210,2026-03-02,api,FALSE,FALSE,negativo,265,12.7,FALSE,FALSE,FALSE
844,2026-02-16,api,FALSE,FALSE,NA,108,0.8,FALSE,FALSE,FALSE
1218,2026-09-14,api,FALSE,FALSE,negativo,90,7.1,FALSE,FALSE,FALSE
1143,2026-07-12,auth,FALSE,FALSE,NA,76,NA,FALSE,FALSE,TRUE
350,2026-03-24,db,FALSE,FALSE,negativo,51,6.8,FALSE,FALSE,FALSE
280,2026-06-16,auth,FALSE,FALSE,positivo,99,7.4,FALSE,FALSE,FALSE
878,2026-02-10,ui,FALSE,FALSE,negativo,49,0.6,FALSE,FALSE,FALSE
783,2026-04-17,api,TRUE,TRUE,positivo,106,9.8,FALSE,FALSE,FALSE
466,2026-06-16,ui,FALSE,FALSE,negativo,155,0.8,FALSE,FALSE,FALSE
72,2026-03-23,auth,FALSE,FALSE,positivo,71,3.9,FALSE,FALSE,FALSE
1566,2026-10-14,api,FALSE,FALSE,negativo,409,NA,FALSE,FALSE,TRUE
2373,2026-07-18,auth,TRUE,TRUE,negativo,91,10.2,TRUE,FALSE,FALSE
910,2026-02-13,auth,TRUE,FALSE,negativo,38,4.6,FALSE,FALSE,FALSE
12,2026-09-09,api,FALSE,FALSE,negativo,35,99999,FALSE,FALSE,FALSE
540,2026-05-25,db,FALSE,FALSE,positivo,62,11,FALSE,FALSE,FALSE
2171,2026-01-01,api,TRUE,FALSE,negativo,91,4.2,FALSE,FALSE,FALSE
454,2026-12-21,ui,FALSE,FALSE,negativo,67,1.7,FALSE,FALSE,FALSE
1396,2026-11-25,api,TRUE,FALSE,negativo,17,2.3,FALSE,FALSE,FALSE
136,2026-06-22,api,FALSE,FALSE,NA,71,0.7,FALSE,FALSE,FALSE
426,2026-08-24,auth,FALSE,FALSE,negativo,7,11.3,FALSE,FALSE,FALSE
291,2026-04-08,api,FALSE,FALSE,negativo,118,2.8,FALSE,FALSE,FALSE
1346,2026-07-04,db,FALSE,FALSE,negativo,49,5.7,FALSE,FALSE,FALSE
177,2026-11-12,auth,FALSE,FALSE,negativo,95,2.2,FALSE,FALSE,FALSE
2039,2026-07-23,db,TRUE,TRUE,positivo,13,9.3,FALSE,FALSE,FALSE
753,2026-11-18,db,FALSE,FALSE,negativo,398,99999,FALSE,FALSE,FALSE
1002,2026-11-15,ui,FALSE,FALSE,negativo,39,4.5,TRUE,FALSE,FALSE
2244,2026-09-04,db,FALSE,FALSE,negativo,65,8.6,FALSE,FALSE,FALSE
2461,NA,ui,FALSE,FALSE,negativo,214,17.1,FALSE,FALSE,FALSE
1448,2026-12-22,auth,FALSE,FALSE,negativo,50,9.3,FALSE,FALSE,FALSE
706,2026-03-09,api,FALSE,FALSE,negativo,92,3.4,FALSE,FALSE,FALSE
1476,2026-03-11,api,FALSE,FALSE,negativo,180,2,FALSE,FALSE,FALSE
820,2026-05-22,api,FALSE,FALSE,negativo,97,99999,FALSE,FALSE,FALSE
1305,2026-08-23,api,FALSE,FALSE,negativo,58,3.2,FALSE,FALSE,FALSE
2548,2026-06-13,auth,FALSE,FALSE,negativo,206,2.4,FALSE,FALSE,FALSE
729,NA,api,FALSE,FALSE,negativo,36,18.9,FALSE,FALSE,FALSE
1998,2026-08-12,api,FALSE,FALSE,negativo,19,0.7,FALSE,FALSE,FALSE
305,2026-01-28,auth,FALSE,FALSE,negativo,30,2.7,FALSE,FALSE,FALSE
499,2026-10-21,ui,TRUE,FALSE,negativo,5,NA,FALSE,FALSE,TRUE
2273,2026-09-05,ui,NA,FALSE,negativo,66,4.6,FALSE,FALSE,FALSE
2109,NA,db,FALSE,FALSE,negativo,29,3,FALSE,FALSE,FALSE
56,2026-01-15,api,FALSE,FALSE,negativo,NA,14.5,FALSE,NA,FALSE
1710,2026-08-03,db,TRUE,NA,negativo,14,3.4,FALSE,FALSE,FALSE
1615,2026-01-28,db,FALSE,FALSE,negativo,150,12.5,FALSE,FALSE,FALSE
2079,2026-01-23,auth,FALSE,FALSE,negativo,32,12.4,FALSE,FALSE,FALSE
2543,2026-07-02,auth,FALSE,FALSE,negativo,73,8.6,FALSE,FALSE,FALSE
504,2026-12-17,auth,FALSE,FALSE,negativo,103,6.2,FALSE,FALSE,FALSE
1870,2026-10-25,auth,FALSE,FALSE,negativo,62,2.9,FALSE,FALSE,FALSE
446,2026-11-21,auth,FALSE,FALSE,negativo,53,13.4,FALSE,FALSE,FALSE
217,2026-11-27,auth,FALSE,FALSE,negativo,30,5.8,FALSE,FALSE,FALSE
174,NA,api,FALSE,FALSE,negativo,37,12.4,FALSE,FALSE,FALSE
2598,2026-06-07,auth,FALSE,FALSE,negativo,98,5.4,FALSE,FALSE,FALSE
2433,2026-07-01,db,TRUE,FALSE,negativo,59,1.9,FALSE,FALSE,FALSE
798,2026-10-05,api,FALSE,FALSE,negativo,13,7.7,FALSE,FALSE,FALSE
154,2026-07-27,api,TRUE,FALSE,negativo,142,10.9,FALSE,FALSE,FALSE
1536,2026-05-07,api,FALSE,FALSE,negativo,228,14.6,FALSE,FALSE,FALSE
399,2026-07-22,api,TRUE,NA,positivo,78,34.4,FALSE,FALSE,FALSE
773,NA,db,FALSE,FALSE,negativo,140,5.2,FALSE,FALSE,FALSE
1631,2026-09-07,ui,FALSE,FALSE,negativo,14,24.8,FALSE,FALSE,FALSE
1595,2026-07-28,api,FALSE,FALSE,negativo,177,4.3,FALSE,FALSE,FALSE
1032,2026-12-08,ui,FALSE,FALSE,positivo,29,5.4,FALSE,FALSE,FALSE
1070,2026-10-13,auth,FALSE,FALSE,negativo,26,3.4,TRUE,FALSE,FALSE
106,2026-09-23,auth,FALSE,FALSE,negativo,17,1.5,FALSE,FALSE,FALSE
525,2026-10-17,auth,FALSE,FALSE,negativo,393,NA,FALSE,FALSE,NA
2103,2026-06-06,auth,FALSE,FALSE,negativo,6,9.3,FALSE,FALSE,FALSE
1304,2026-08-10,api,FALSE,FALSE,negativo,70,1.9,FALSE,FALSE,FALSE
717,2026-09-26,auth,FALSE,FALSE,negativo,56,2.7,FALSE,FALSE,FALSE
1134,2026-10-20,auth,TRUE,TRUE,positivo,16,16.1,FALSE,FALSE,FALSE
616,2026-11-24,ui,TRUE,FALSE,negativo,33,99999,FALSE,FALSE,FALSE
530,2026-11-16,ui,FALSE,FALSE,negativo,347,8.8,TRUE,FALSE,FALSE
1271,2026-04-08,db,FALSE,FALSE,negativo,65,1.9,FALSE,FALSE,FALSE
1938,2026-06-24,auth,FALSE,NA,negativo,124,3.8,FALSE,FALSE,FALSE
4,2026-12-05,auth,FALSE,FALSE,negativo,99,99999,FALSE,FALSE,FALSE
2234,2026-09-25,api,FALSE,FALSE,negativo,194,4,FALSE,FALSE,FALSE
807,2026-11-03,db,FALSE,FALSE,negativo,28,2.2,FALSE,FALSE,FALSE
2279,2026-04-13,api,FALSE,FALSE,negativo,143,11.4,FALSE,FALSE,FALSE
69,2026-06-08,auth,TRUE,FALSE,negativo,57,6.9,FALSE,FALSE,FALSE
1774,2026-12-10,ui,FALSE,FALSE,negativo,44,19.6,FALSE,FALSE,FALSE
2391,2026-07-24,ui,FALSE,FALSE,negativo,139,0.7,FALSE,FALSE,FALSE
1264,2026-01-13,auth,FALSE,FALSE,negativo,233,4.7,FALSE,FALSE,FALSE
2457,2026-01-27,api,FALSE,FALSE,negativo,77,2.1,FALSE,FALSE,FALSE
1959,2026-04-15,ui,FALSE,FALSE,negativo,63,10.7,FALSE,FALSE,FALSE
284,2026-10-21,api,FALSE,FALSE,negativo,101,7.5,FALSE,FALSE,FALSE
2041,2026-05-02,db,TRUE,TRUE,positivo,91,3.6,FALSE,FALSE,FALSE
2033,2026-10-01,auth,FALSE,FALSE,negativo,59,4.4,FALSE,FALSE,FALSE
1427,2026-12-24,db,FALSE,FALSE,negativo,96,9.9,FALSE,FALSE,FALSE
9,2026-10-17,auth,FALSE,FALSE,negativo,67,5.3,FALSE,FALSE,FALSE
1570,NA,api,FALSE,FALSE,negativo,62,8,FALSE,FALSE,FALSE
2328,2026-09-25,auth,FALSE,FALSE,negativo,88,NA,FALSE,FALSE,NA
1724,2026-04-14,ui,FALSE,FALSE,negativo,133,2.1,FALSE,FALSE,FALSE
1464,2026-05-07,ui,FALSE,FALSE,negativo,55,12.6,FALSE,FALSE,FALSE
1632,2026-07-09,auth,TRUE,FALSE,negativo,14,5.1,FALSE,FALSE,FALSE
2365,2026-09-24,api,FALSE,FALSE,negativo,71,5.8,FALSE,FALSE,FALSE
1438,2026-02-20,auth,FALSE,FALSE,negativo,131,2.1,FALSE,FALSE,FALSE
691,2026-03-18,api,TRUE,FALSE,negativo,30,6.9,FALSE,FALSE,FALSE
995,2026-01-25,auth,FALSE,FALSE,negativo,NA,3.5,TRUE,TRUE,FALSE
247,2026-09-19,api,FALSE,FALSE,negativo,19,4,FALSE,FALSE,FALSE
368,2026-10-06,auth,TRUE,FALSE,negativo,35,4.3,FALSE,FALSE,FALSE
1571,2026-08-05,db,FALSE,FALSE,negativo,63,2.1,FALSE,FALSE,FALSE
462,2026-08-26,ui,FALSE,FALSE,negativo,NA,4.8,FALSE,NA,FALSE
2373,2026-07-18,auth,TRUE,TRUE,negativo,91,10.2,TRUE,FALSE,FALSE
2287,2026-02-01,auth,TRUE,TRUE,negativo,NA,2.9,FALSE,TRUE,FALSE
77,2026-09-22,ui,FALSE,FALSE,negativo,115,7.4,FALSE,FALSE,FALSE
2317,2026-01-07,auth,FALSE,FALSE,negativo,116,3.1,FALSE,FALSE,FALSE
967,2026-04-20,auth,FALSE,FALSE,negativo,55,6.7,FALSE,FALSE,FALSE
1887,2026-03-21,db,FALSE,FALSE,negativo,51,1.8,FALSE,FALSE,FALSE
398,2026-05-14,ui,FALSE,FALSE,negativo,27,5.1,FALSE,FALSE,FALSE
233,2026-10-20,db,TRUE,TRUE,positivo,19,9.5,FALSE,FALSE,FALSE
112,2026-07-24,api,FALSE,FALSE,negativo,50,8.5,FALSE,FALSE,FALSE
1603,2026-03-21,api,FALSE,FALSE,negativo,9,4.8,FALSE,FALSE,FALSE
939,2026-01-13,auth,NA,FALSE,negativo,169,3,FALSE,FALSE,FALSE
1408,2026-12-06,api,FALSE,FALSE,negativo,18,5,FALSE,FALSE,FALSE
44,2026-08-24,auth,TRUE,NA,negativo,53,4.8,FALSE,FALSE,FALSE
1952,2026-04-11,ui,TRUE,FALSE,negativo,68,13.6,FALSE,FALSE,FALSE
402,2026-07-02,ui,FALSE,FALSE,negativo,89,7.8,FALSE,FALSE,FALSE
62,2026-10-03,auth,FALSE,FALSE,negativo,NA,4.2,FALSE,NA,FALSE
2342,2026-03-25,auth,FALSE,FALSE,negativo,37,3.9,FALSE,FALSE,FALSE
1703,2026-08-17,auth,FALSE,FALSE,negativo,358,8.7,FALSE,FALSE,FALSE
583,2026-11-05,ui,FALSE,FALSE,negativo,81,8.2,FALSE,FALSE,FALSE
897,2026-11-05,api,FALSE,FALSE,negativo,65,13.8,FALSE,FALSE,FALSE
438,2026-09-26,db,FALSE,FALSE,positivo,419,8,FALSE,FALSE,FALSE
1361,NA,auth,FALSE,FALSE,positivo,29,2.4,FALSE,FALSE,FALSE
703,2026-05-24,ui,FALSE,FALSE,negativo,89,10.4,FALSE,FALSE,FALSE
1010,2026-10-06,api,FALSE,FALSE,negativo,27,3.7,FALSE,FALSE,FALSE
1023,2026-09-27,ui,FALSE,FALSE,negativo,150,7.2,FALSE,FALSE,FALSE
2352,2026-07-13,api,FALSE,FALSE,negativo,77,7.9,FALSE,FALSE,FALSE
1367,2026-05-02,db,FALSE,FALSE,negativo,67,9.2,FALSE,FALSE,FALSE
1079,2026-03-14,auth,NA,FALSE,negativo,103,1.1,FALSE,FALSE,FALSE
627,2026-01-12,api,FALSE,FALSE,negativo,67,0.9,FALSE,FALSE,FALSE
2542,2026-04-22,api,FALSE,FALSE,negativo,70,2.8,FALSE,FALSE,FALSE
2281,2026-04-13,ui,FALSE,FALSE,negativo,49,3.7,FALSE,FALSE,FALSE
1896,NA,auth,FALSE,FALSE,NA,60,NA,FALSE,FALSE,NA
1737,NA,api,TRUE,TRUE,positivo,93,NA,FALSE,FALSE,TRUE
2037,2026-01-26,api,FALSE,NA,negativo,36,10.7,FALSE,FALSE,FALSE
1839,2026-04-15,db,FALSE,FALSE,negativo,41,6.6,FALSE,FALSE,FALSE
2282,2026-12-05,auth,FALSE,FALSE,negativo,48,7.5,FALSE,FALSE,FALSE
479,2026-02-18,db,FALSE,FALSE,negativo,36,5.3,FALSE,FALSE,FALSE
621,2026-02-13,db,FALSE,FALSE,negativo,65,1,TRUE,FALSE,FALSE
670,NA,api,FALSE,FALSE,negativo,27,4.1,FALSE,FALSE,FALSE
2411,2026-07-03,ui,FALSE,FALSE,negativo,153,0.3,FALSE,FALSE,FALSE
169,2026-10-04,auth,FALSE,FALSE,negativo,12,7.8,FALSE,FALSE,FALSE
1940,2026-04-17,ui,FALSE,FALSE,negativo,146,11.2,FALSE,FALSE,FALSE
1610,2026-03-23,db,FALSE,FALSE,negativo,64,5.8,TRUE,FALSE,FALSE
2189,2026-02-16,auth,FALSE,FALSE,negativo,10,2.8,FALSE,FALSE,FALSE
1399,2026-08-02,auth,TRUE,TRUE,positivo,19,13.7,FALSE,FALSE,FALSE
1102,2026-12-07,db,FALSE,FALSE,negativo,79,3.5,FALSE,FALSE,FALSE
1524,2026-07-13,auth,FALSE,FALSE,negativo,NA,0.6,FALSE,TRUE,FALSE
1402,2026-10-28,auth,FALSE,FALSE,negativo,26,NA,FALSE,FALSE,NA
2469,2026-05-08,auth,FALSE,FALSE,negativo,40,6.3,FALSE,FALSE,FALSE
1467,2026-08-09,db,FALSE,FALSE,negativo,23,1.9,FALSE,FALSE,FALSE
1666,2026-06-25,api,FALSE,FALSE,negativo,82,3.7,FALSE,FALSE,FALSE
1170,2026-06-04,db,FALSE,FALSE,negativo,64,17.4,FALSE,FALSE,FALSE
86,2026-09-21,auth,FALSE,FALSE,negativo,232,11.7,FALSE,FALSE,FALSE
2479,2026-11-21,db,FALSE,FALSE,negativo,22,7.3,FALSE,FALSE,FALSE
591,2026-12-17,api,FALSE,FALSE,negativo,57,11.9,FALSE,FALSE,FALSE
2475,2026-07-08,auth,TRUE,NA,positivo,12,4,FALSE,FALSE,FALSE
1221,2026-03-03,auth,FALSE,FALSE,negativo,444,8.8,FALSE,FALSE,FALSE
998,2026-03-13,db,NA,FALSE,negativo,30,8,FALSE,FALSE,FALSE
1324,2026-03-05,api,FALSE,FALSE,negativo,36,13.3,FALSE,FALSE,FALSE
1764,2026-04-21,api,FALSE,FALSE,negativo,452,NA,FALSE,FALSE,NA
1743,2026-06-16,api,FALSE,FALSE,negativo,14,13,FALSE,FALSE,FALSE
1018,2026-05-26,auth,TRUE,FALSE,negativo,32,10.6,FALSE,FALSE,FALSE
2315,2026-10-01,db,FALSE,FALSE,negativo,24,3,FALSE,FALSE,FALSE
1434,2026-09-21,api,FALSE,FALSE,negativo,21,9.2,FALSE,FALSE,FALSE
1299,2026-08-15,api,FALSE,FALSE,negativo,173,NA,FALSE,FALSE,NA
2077,2026-03-14,auth,FALSE,NA,negativo,54,9.3,FALSE,FALSE,FALSE
858,2026-06-22,auth,FALSE,FALSE,negativo,73,4.4,FALSE,FALSE,FALSE
1200,2026-09-07,api,FALSE,FALSE,negativo,44,5.4,FALSE,FALSE,FALSE
130,2026-11-19,db,FALSE,FALSE,negativo,197,NA,FALSE,FALSE,NA
1553,2026-03-28,api,FALSE,NA,negativo,42,4.8,FALSE,FALSE,FALSE
98,2026-12-06,api,FALSE,NA,negativo,6,6.3,FALSE,FALSE,FALSE
1829,2026-11-17,db,TRUE,TRUE,positivo,75,35.3,FALSE,FALSE,FALSE
1195,2026-02-02,api,FALSE,FALSE,negativo,56,2.9,FALSE,FALSE,FALSE
2262,2026-12-21,api,FALSE,FALSE,negativo,18,6.9,FALSE,FALSE,FALSE
1746,2026-11-14,auth,FALSE,FALSE,NA,37,11.1,FALSE,FALSE,FALSE
1912,2026-06-15,db,NA,FALSE,negativo,185,NA,FALSE,FALSE,NA
631,2026-09-08,api,FALSE,FALSE,positivo,44,2.2,FALSE,FALSE,FALSE
1587,2026-02-16,api,FALSE,FALSE,negativo,20,5.8,FALSE,FALSE,FALSE
1275,2026-12-17,api,FALSE,FALSE,negativo,57,2.6,FALSE,FALSE,FALSE
1861,2026-04-15,db,FALSE,FALSE,negativo,49,3.4,FALSE,FALSE,FALSE
2163,2026-09-17,db,FALSE,FALSE,negativo,60,1.2,FALSE,FALSE,FALSE
1812,2026-10-11,api,FALSE,FALSE,negativo,154,13.4,FALSE,FALSE,FALSE
2537,2026-10-04,api,FALSE,FALSE,negativo,99,5.2,FALSE,FALSE,FALSE
1898,2026-09-06,auth,FALSE,FALSE,negativo,NA,0.7,FALSE,TRUE,FALSE
2155,2026-08-15,db,FALSE,FALSE,negativo,77,10.5,FALSE,FALSE,FALSE
752,2026-08-19,db,FALSE,FALSE,negativo,42,NA,TRUE,FALSE,NA
2173,2026-03-26,api,FALSE,FALSE,negativo,47,1.1,FALSE,FALSE,FALSE
2557,2026-02-27,api,FALSE,FALSE,negativo,42,5.9,FALSE,FALSE,FALSE
1953,2026-05-04,auth,FALSE,FALSE,negativo,31,2,FALSE,FALSE,FALSE
327,2026-05-16,api,FALSE,FALSE,negativo,119,7.1,FALSE,FALSE,FALSE
556,2026-05-23,auth,FALSE,FALSE,positivo,44,2.3,FALSE,FALSE,FALSE
153,2026-05-05,auth,FALSE,FALSE,positivo,33,10,TRUE,FALSE,FALSE
2061,2026-10-03,api,FALSE,FALSE,negativo,92,2.6,FALSE,FALSE,FALSE
898,2026-03-04,api,FALSE,FALSE,negativo,46,NA,FALSE,FALSE,TRUE
2330,2026-04-21,api,TRUE,FALSE,negativo,71,5.7,FALSE,FALSE,FALSE
1024,2026-05-22,api,NA,FALSE,negativo,23,10.5,TRUE,FALSE,FALSE
432,2026-02-03,auth,FALSE,FALSE,negativo,72,1.4,FALSE,FALSE,FALSE
1971,2026-01-13,db,FALSE,FALSE,positivo,113,1,FALSE,FALSE,FALSE
2451,2026-10-08,api,FALSE,FALSE,negativo,38,1.9,FALSE,FALSE,FALSE
1934,2026-06-04,ui,FALSE,FALSE,negativo,94,8.8,FALSE,FALSE,FALSE
365,2026-12-17,db,FALSE,FALSE,negativo,NA,10.2,FALSE,NA,FALSE
205,NA,api,FALSE,NA,negativo,84,13.4,FALSE,FALSE,FALSE
2137,2026-03-24,db,FALSE,FALSE,negativo,76,NA,FALSE,FALSE,TRUE
244,2026-08-24,api,TRUE,TRUE,NA,33,5.3,FALSE,FALSE,FALSE
23,2026-06-26,auth,FALSE,FALSE,negativo,16,16.7,FALSE,FALSE,FALSE
1268,2026-05-15,api,FALSE,FALSE,negativo,176,4.4,FALSE,FALSE,FALSE
2156,2026-08-03,ui,FALSE,FALSE,negativo,28,4,FALSE,FALSE,FALSE
1983,2026-04-21,db,FALSE,FALSE,negativo,82,2,FALSE,FALSE,FALSE
2200,2026-05-04,db,FALSE,FALSE,negativo,244,2.3,FALSE,FALSE,FALSE
2458,NA,db,FALSE,FALSE,negativo,174,6.1,FALSE,FALSE,FALSE
920,2026-05-04,auth,FALSE,FALSE,negativo,174,2.1,FALSE,FALSE,FALSE
502,2026-03-09,api,FALSE,FALSE,negativo,150,11.5,FALSE,FALSE,FALSE
2564,2026-04-22,db,FALSE,FALSE,negativo,40,6.1,FALSE,FALSE,FALSE
1701,2026-09-24,api,FALSE,FALSE,negativo,109,10.8,FALSE,FALSE,FALSE
163,2026-05-28,auth,FALSE,FALSE,negativo,69,6.1,FALSE,FALSE,FALSE
1354,2026-04-08,api,NA,FALSE,negativo,30,12.3,FALSE,FALSE,FALSE
419,2026-07-14,db,FALSE,FALSE,negativo,27,0.4,FALSE,FALSE,FALSE
1127,2026-08-12,api,TRUE,FALSE,negativo,153,3.2,TRUE,FALSE,FALSE
2447,2026-01-03,api,TRUE,FALSE,negativo,32,NA,FALSE,FALSE,NA
647,2026-10-09,auth,FALSE,FALSE,negativo,100,5.6,FALSE,FALSE,FALSE
1718,2026-10-25,api,FALSE,FALSE,positivo,NA,1.5,FALSE,TRUE,FALSE
329,2026-11-11,auth,FALSE,FALSE,negativo,54,2.2,FALSE,FALSE,FALSE
2005,2026-11-26,auth,FALSE,FALSE,negativo,30,2.9,FALSE,FALSE,FALSE
1080,2026-06-15,ui,FALSE,FALSE,negativo,139,2.9,FALSE,FALSE,FALSE
1242,2026-07-01,db,FALSE,FALSE,negativo,40,3.8,FALSE,FALSE,FALSE
1707,2026-09-22,auth,FALSE,FALSE,negativo,36,6.9,FALSE,FALSE,FALSE
160,2026-12-02,auth,FALSE,FALSE,negativo,185,18.4,FALSE,FALSE,FALSE
314,2026-01-09,db,FALSE,FALSE,negativo,351,2.9,FALSE,FALSE,FALSE
2144,2026-11-17,auth,TRUE,FALSE,negativo,9,NA,FALSE,FALSE,NA
1009,2026-04-11,api,FALSE,FALSE,negativo,56,16.3,TRUE,FALSE,FALSE
331,2026-10-28,api,FALSE,FALSE,negativo,10,11.6,FALSE,FALSE,FALSE
1243,NA,api,FALSE,FALSE,negativo,91,2.5,FALSE,FALSE,FALSE
137,2026-10-07,api,FALSE,FALSE,negativo,30,7.2,FALSE,FALSE,FALSE
1433,2026-11-07,ui,FALSE,FALSE,negativo,176,10.2,FALSE,FALSE,FALSE
2182,2026-04-01,db,TRUE,TRUE,positivo,59,2.1,TRUE,FALSE,FALSE
1494,2026-07-14,auth,TRUE,FALSE,negativo,45,2.4,FALSE,FALSE,FALSE
2306,2026-04-26,ui,FALSE,FALSE,negativo,7,99999,FALSE,FALSE,FALSE
188,2026-11-05,api,FALSE,FALSE,negativo,370,7.2,FALSE,FALSE,FALSE
49,2026-12-17,db,FALSE,FALSE,negativo,111,8.9,FALSE,FALSE,FALSE
1693,2026-05-23,auth,FALSE,FALSE,negativo,71,2,FALSE,FALSE,FALSE
545,2026-10-26,db,FALSE,FALSE,negativo,10,9.5,FALSE,FALSE,FALSE
391,2026-01-11,api,TRUE,TRUE,negativo,52,9.4,FALSE,FALSE,FALSE
818,2026-05-14,db,TRUE,TRUE,positivo,252,16.1,FALSE,FALSE,FALSE
2046,2026-08-07,api,NA,FALSE,negativo,183,8.4,FALSE,FALSE,FALSE
1294,2026-12-13,api,FALSE,FALSE,negativo,59,10.7,FALSE,FALSE,FALSE
941,2026-04-19,auth,FALSE,FALSE,negativo,28,9.2,TRUE,FALSE,FALSE
167,2026-03-05,api,FALSE,FALSE,positivo,641,4.3,FALSE,FALSE,FALSE
2085,2026-11-26,api,TRUE,TRUE,positivo,92,20,FALSE,FALSE,FALSE
328,2026-06-13,auth,FALSE,FALSE,NA,138,4.5,FALSE,FALSE,FALSE
2216,2026-10-07,api,FALSE,FALSE,negativo,72,3.1,FALSE,FALSE,FALSE
1220,2026-11-07,auth,FALSE,FALSE,positivo,87,7.4,FALSE,FALSE,FALSE
1232,2026-03-07,api,FALSE,FALSE,negativo,16,4.8,FALSE,FALSE,FALSE
1097,2026-01-14,api,FALSE,FALSE,negativo,46,7.2,TRUE,FALSE,FALSE
1694,2026-10-12,ui,FALSE,FALSE,negativo,35,7.2,FALSE,FALSE,FALSE
1442,2026-03-03,api,TRUE,FALSE,negativo,51,2,FALSE,FALSE,FALSE
799,2026-06-11,api,FALSE,FALSE,negativo,210,4.3,FALSE,FALSE,FALSE
262,2026-03-02,auth,FALSE,FALSE,negativo,153,31.3,FALSE,FALSE,FALSE
2222,2026-11-06,ui,NA,FALSE,negativo,62,4.5,FALSE,FALSE,FALSE
2123,2026-01-08,api,FALSE,FALSE,negativo,21,10.6,FALSE,FALSE,FALSE
1235,2026-05-11,auth,FALSE,FALSE,negativo,52,3.3,FALSE,FALSE,FALSE
318,2026-06-25,auth,FALSE,FALSE,negativo,66,11.2,FALSE,FALSE,FALSE
639,2026-03-21,auth,FALSE,FALSE,negativo,52,4.5,FALSE,FALSE,FALSE
746,2026-10-26,auth,FALSE,FALSE,negativo,58,14.7,FALSE,FALSE,FALSE
1661,2026-10-13,auth,FALSE,FALSE,positivo,13,21.2,FALSE,FALSE,FALSE
1016,2026-07-27,db,FALSE,FALSE,negativo,63,3.8,FALSE,FALSE,FALSE
1412,2026-12-22,db,FALSE,FALSE,negativo,79,6.9,FALSE,FALSE,FALSE
1828,2026-05-03,auth,FALSE,FALSE,negativo,166,7.4,FALSE,FALSE,FALSE
578,2026-11-09,auth,FALSE,FALSE,negativo,33,10.8,FALSE,FALSE,FALSE
32,2026-03-10,auth,FALSE,FALSE,negativo,120,1.7,FALSE,FALSE,FALSE
1337,2026-10-09,auth,FALSE,FALSE,negativo,63,1.7,FALSE,FALSE,FALSE
906,2026-06-05,auth,TRUE,FALSE,negativo,81,99999,FALSE,FALSE,FALSE
1507,2026-03-03,auth,FALSE,FALSE,negativo,142,5.6,FALSE,FALSE,FALSE
569,2026-11-12,db,FALSE,FALSE,negativo,52,4.1,FALSE,FALSE,FALSE
139,2026-10-17,api,FALSE,FALSE,negativo,11,1,FALSE,FALSE,FALSE
2309,2026-08-03,auth,FALSE,FALSE,negativo,72,2.9,FALSE,FALSE,FALSE
345,2026-07-07,db,FALSE,FALSE,negativo,18,NA,FALSE,FALSE,NA
785,2026-07-10,auth,FALSE,FALSE,negativo,91,4.3,FALSE,FALSE,FALSE
1806,2026-08-24,auth,FALSE,FALSE,negativo,90,4.9,FALSE,FALSE,FALSE
359,2026-12-09,db,FALSE,FALSE,negativo,193,2.5,FALSE,FALSE,FALSE
132,2026-02-01,api,FALSE,FALSE,negativo,75,15.7,FALSE,FALSE,FALSE
1306,2026-02-04,auth,FALSE,FALSE,negativo,113,3.9,FALSE,FALSE,FALSE
2549,2026-01-05,db,FALSE,TRUE,positivo,52,4.4,FALSE,FALSE,FALSE
2183,2026-01-26,api,FALSE,FALSE,positivo,32,5.2,FALSE,FALSE,FALSE
755,2026-04-21,auth,FALSE,FALSE,negativo,66,4,FALSE,FALSE,FALSE
2165,2026-02-19,api,FALSE,FALSE,negativo,410,2.6,FALSE,FALSE,FALSE
1208,2026-09-13,api,FALSE,FALSE,negativo,83,5,FALSE,FALSE,FALSE
838,2026-11-20,db,FALSE,FALSE,negativo,18,11.1,FALSE,FALSE,FALSE
2484,2026-06-05,api,FALSE,NA,negativo,471,7.7,FALSE,FALSE,FALSE
1586,2026-03-07,auth,FALSE,FALSE,negativo,142,99999,FALSE,FALSE,FALSE
2574,2026-11-07,auth,FALSE,FALSE,negativo,30,0.9,FALSE,FALSE,FALSE
1755,2026-10-09,ui,TRUE,FALSE,negativo,32,1.2,FALSE,FALSE,FALSE
490,2026-09-23,api,TRUE,FALSE,negativo,175,4.6,FALSE,FALSE,FALSE
2044,NA,db,FALSE,FALSE,negativo,60,7.4,FALSE,FALSE,FALSE
2187,2026-05-24,auth,FALSE,FALSE,negativo,46,6.7,FALSE,FALSE,FALSE
531,2026-01-16,auth,FALSE,FALSE,negativo,57,5.2,FALSE,FALSE,FALSE
276,2026-02-20,ui,FALSE,FALSE,negativo,97,1.6,FALSE,FALSE,FALSE
997,2026-12-03,ui,FALSE,FALSE,negativo,284,1.2,FALSE,FALSE,FALSE
821,2026-07-12,db,FALSE,FALSE,negativo,58,7.2,FALSE,FALSE,FALSE
71,2026-11-26,auth,FALSE,FALSE,positivo,141,5.4,FALSE,FALSE,FALSE
568,2026-12-18,ui,FALSE,FALSE,negativo,21,4.1,FALSE,FALSE,FALSE
848,2026-04-24,ui,FALSE,FALSE,negativo,96,7.4,FALSE,FALSE,FALSE
1278,2026-04-07,ui,FALSE,FALSE,negativo,261,5.4,FALSE,FALSE,FALSE
2350,2026-09-21,auth,FALSE,FALSE,negativo,20,8.6,FALSE,FALSE,FALSE
2243,2026-05-13,db,FALSE,FALSE,negativo,103,3.9,FALSE,FALSE,FALSE
2220,2026-10-02,api,TRUE,FALSE,negativo,20,14.6,FALSE,FALSE,FALSE
912,2026-08-27,auth,FALSE,FALSE,negativo,102,8.8,FALSE,FALSE,FALSE
223,2026-01-01,ui,FALSE,FALSE,negativo,37,2.4,FALSE,FALSE,FALSE
682,2026-08-24,auth,FALSE,FALSE,negativo,23,8.8,FALSE,FALSE,FALSE
732,2026-07-19,db,FALSE,FALSE,negativo,87,2.4,FALSE,FALSE,FALSE
2507,2026-08-22,auth,FALSE,FALSE,negativo,55,7.4,FALSE,FALSE,FALSE
151,2026-12-01,api,FALSE,FALSE,negativo,131,9.2,FALSE,FALSE,FALSE
666,2026-01-20,api,FALSE,FALSE,negativo,20,11.2,TRUE,FALSE,FALSE
1534,2026-12-09,api,FALSE,FALSE,negativo,56,5.9,FALSE,FALSE,FALSE
80,2026-11-22,api,TRUE,FALSE,negativo,72,14.6,FALSE,FALSE,FALSE
971,2026-09-21,api,FALSE,FALSE,negativo,531,1.3,FALSE,FALSE,FALSE
1175,2026-03-17,auth,FALSE,FALSE,negativo,5,4.4,FALSE,FALSE,FALSE
2213,2026-06-25,api,FALSE,FALSE,positivo,54,NA,FALSE,FALSE,NA
603,2026-06-09,api,FALSE,FALSE,negativo,95,5.7,FALSE,FALSE,FALSE
720,2026-09-02,api,FALSE,FALSE,negativo,195,1.1,FALSE,FALSE,FALSE
34,2026-11-17,auth,FALSE,FALSE,negativo,25,2.6,FALSE,FALSE,FALSE
2577,2026-04-03,db,FALSE,FALSE,negativo,186,3.6,FALSE,FALSE,FALSE
453,2026-01-04,auth,FALSE,FALSE,negativo,86,2.8,FALSE,FALSE,FALSE
724,2026-03-06,db,FALSE,FALSE,negativo,42,99999,FALSE,FALSE,FALSE
472,2026-03-26,api,TRUE,TRUE,positivo,34,20.6,FALSE,FALSE,FALSE
1311,2026-06-05,api,FALSE,NA,negativo,116,7.3,FALSE,FALSE,FALSE
1489,2026-10-01,auth,NA,FALSE,negativo,64,10.6,FALSE,FALSE,FALSE
59,2026-03-17,auth,TRUE,FALSE,negativo,29,5.3,FALSE,FALSE,FALSE
409,2026-01-13,db,FALSE,FALSE,negativo,62,6.8,TRUE,FALSE,FALSE
747,2026-06-23,auth,FALSE,FALSE,positivo,72,15.2,FALSE,FALSE,FALSE
628,2026-11-11,db,FALSE,NA,negativo,340,4.6,FALSE,FALSE,FALSE
1451,2026-12-05,db,TRUE,TRUE,NA,34,5.3,FALSE,FALSE,FALSE
1303,2026-09-15,db,FALSE,FALSE,negativo,22,99999,FALSE,FALSE,FALSE
2128,NA,ui,FALSE,FALSE,negativo,119,NA,FALSE,FALSE,NA
2221,2026-05-19,ui,FALSE,FALSE,negativo,15,4.3,FALSE,FALSE,FALSE
2049,2026-10-14,api,FALSE,FALSE,negativo,60,4.6,FALSE,FALSE,FALSE
2390,2026-12-20,ui,FALSE,FALSE,negativo,9,4.6,FALSE,FALSE,FALSE
2421,2026-04-19,api,TRUE,FALSE,negativo,166,99999,FALSE,FALSE,FALSE
680,2026-04-18,ui,FALSE,FALSE,negativo,30,2.7,FALSE,FALSE,FALSE
2032,2026-08-06,api,FALSE,FALSE,negativo,16,0.4,FALSE,FALSE,FALSE
2359,2026-12-07,ui,FALSE,FALSE,negativo,58,6.1,FALSE,FALSE,FALSE
1372,2026-07-24,db,FALSE,FALSE,negativo,36,NA,FALSE,FALSE,TRUE
1691,2026-01-18,auth,FALSE,FALSE,negativo,401,4.3,FALSE,FALSE,FALSE
1223,2026-06-15,api,FALSE,FALSE,negativo,52,6.3,FALSE,FALSE,FALSE
1721,2026-07-04,api,TRUE,TRUE,positivo,23,2,FALSE,FALSE,FALSE
1741,2026-06-24,db,FALSE,FALSE,negativo,218,1.3,FALSE,FALSE,FALSE
1640,NA,api,FALSE,FALSE,negativo,221,6.6,FALSE,FALSE,FALSE
222,2026-06-05,db,FALSE,NA,negativo,32,3.5,FALSE,FALSE,FALSE
593,2026-01-04,ui,FALSE,FALSE,negativo,121,2.6,FALSE,FALSE,FALSE
3,2026-07-16,auth,FALSE,FALSE,negativo,67,2.7,FALSE,FALSE,FALSE
2406,2026-02-01,auth,FALSE,FALSE,negativo,192,21.2,FALSE,FALSE,FALSE
53,2026-09-16,db,FALSE,NA,negativo,27,6,FALSE,FALSE,FALSE
1083,2026-02-20,db,TRUE,FALSE,negativo,58,11.1,FALSE,FALSE,FALSE
2449,2026-06-10,db,FALSE,FALSE,negativo,39,NA,FALSE,FALSE,NA
180,2026-08-05,ui,FALSE,FALSE,negativo,17,0.7,FALSE,FALSE,FALSE
1936,2026-07-10,db,TRUE,FALSE,negativo,82,5,FALSE,FALSE,FALSE
2090,2026-09-05,api,FALSE,FALSE,negativo,136,NA,FALSE,FALSE,NA
2125,2026-07-03,db,TRUE,TRUE,positivo,106,15.7,FALSE,FALSE,FALSE
586,2026-09-13,db,FALSE,FALSE,negativo,55,1.7,FALSE,FALSE,FALSE
1627,2026-09-07,auth,FALSE,FALSE,negativo,141,1,FALSE,FALSE,FALSE
1626,2026-10-27,api,TRUE,TRUE,positivo,NA,28.9,FALSE,TRUE,FALSE
991,2026-07-02,db,FALSE,FALSE,negativo,74,5.9,FALSE,FALSE,FALSE
2566,2026-08-06,auth,FALSE,FALSE,negativo,29,0.7,FALSE,FALSE,FALSE
716,NA,ui,FALSE,FALSE,negativo,103,1.2,TRUE,FALSE,FALSE
782,2026-07-10,ui,FALSE,FALSE,negativo,26,7.3,FALSE,FALSE,FALSE
1161,2026-12-09,auth,FALSE,FALSE,negativo,186,99999,TRUE,FALSE,FALSE
2166,2026-04-28,api,FALSE,FALSE,positivo,18,3.4,FALSE,FALSE,FALSE
793,2026-12-09,api,FALSE,NA,negativo,701,7.3,FALSE,FALSE,FALSE
486,2026-01-16,db,NA,FALSE,negativo,31,3.6,FALSE,FALSE,FALSE
1362,2026-11-08,auth,TRUE,FALSE,negativo,59,8.3,FALSE,FALSE,FALSE
1792,2026-09-13,auth,FALSE,FALSE,negativo,33,6.4,FALSE,FALSE,FALSE
841,NA,api,FALSE,FALSE,negativo,32,NA,FALSE,FALSE,TRUE
1182,2026-08-19,db,FALSE,FALSE,negativo,33,NA,FALSE,FALSE,NA
1214,2026-02-23,auth,FALSE,FALSE,negativo,72,11.3,FALSE,FALSE,FALSE
1740,2026-10-10,auth,FALSE,FALSE,negativo,34,1.9,FALSE,FALSE,FALSE
2147,2026-10-11,api,FALSE,FALSE,negativo,38,99999,FALSE,FALSE,FALSE
899,2026-02-22,auth,FALSE,FALSE,negativo,443,5.8,FALSE,FALSE,FALSE
796,2026-12-12,auth,FALSE,FALSE,negativo,NA,1,FALSE,TRUE,FALSE
1144,2026-07-12,auth,FALSE,FALSE,negativo,268,4.8,FALSE,FALSE,FALSE
1801,2026-09-11,db,NA,FALSE,positivo,16,8.6,FALSE,FALSE,FALSE
2274,2026-05-12,db,FALSE,FALSE,negativo,72,2.1,FALSE,FALSE,FALSE
669,2026-04-17,api,FALSE,FALSE,negativo,79,5.8,FALSE,FALSE,FALSE
382,2026-05-21,api,FALSE,FALSE,negativo,NA,2.4,FALSE,NA,FALSE
2523,2026-01-24,api,FALSE,NA,negativo,161,5.4,FALSE,FALSE,FALSE
2102,2026-06-02,ui,FALSE,FALSE,negativo,48,6.2,FALSE,FALSE,FALSE
881,2026-03-17,auth,FALSE,FALSE,negativo,419,5.6,FALSE,FALSE,FALSE
1716,2026-07-09,ui,FALSE,FALSE,negativo,58,0.1,FALSE,FALSE,FALSE
805,2026-09-25,ui,FALSE,FALSE,negativo,41,1.9,FALSE,FALSE,FALSE
183,2026-06-16,api,FALSE,FALSE,negativo,97,3.1,FALSE,FALSE,FALSE
1215,2026-08-28,ui,FALSE,FALSE,negativo,82,2.7,FALSE,FALSE,FALSE
1501,2026-10-16,db,FALSE,FALSE,negativo,62,5.4,FALSE,FALSE,FALSE
2580,2026-07-09,auth,FALSE,FALSE,negativo,88,13.9,FALSE,FALSE,FALSE
2585,2026-08-06,api,FALSE,FALSE,negativo,355,4.9,FALSE,FALSE,FALSE
373,2026-09-15,api,FALSE,FALSE,negativo,102,8.5,FALSE,FALSE,FALSE
2372,2026-09-17,api,FALSE,FALSE,negativo,62,21.5,FALSE,FALSE,FALSE
392,2026-11-11,db,FALSE,FALSE,negativo,536,4.1,FALSE,FALSE,FALSE
2503,NA,db,FALSE,FALSE,negativo,131,3.6,FALSE,FALSE,FALSE
1036,2026-01-01,db,FALSE,FALSE,negativo,17,7.8,FALSE,FALSE,FALSE
1830,2026-04-25,api,FALSE,FALSE,negativo,52,NA,FALSE,FALSE,TRUE
795,2026-08-26,db,TRUE,FALSE,negativo,30,4.8,FALSE,FALSE,FALSE
2057,2026-02-11,db,TRUE,FALSE,negativo,67,1.1,FALSE,FALSE,FALSE
1976,2026-12-16,api,FALSE,FALSE,negativo,95,10.6,FALSE,FALSE,FALSE
1192,2026-01-09,db,FALSE,FALSE,negativo,57,10,FALSE,FALSE,FALSE
104,2026-05-26,api,FALSE,FALSE,negativo,NA,7.8,FALSE,NA,FALSE
1867,2026-04-02,api,TRUE,FALSE,negativo,47,7.6,FALSE,FALSE,FALSE
1878,2026-05-13,auth,FALSE,NA,negativo,32,2.6,FALSE,FALSE,FALSE
1317,2026-08-16,db,TRUE,FALSE,negativo,58,8.6,TRUE,FALSE,FALSE
2286,2026-02-23,api,FALSE,NA,negativo,147,22.3,FALSE,FALSE,FALSE
213,2026-03-09,auth,FALSE,FALSE,negativo,17,5.9,FALSE,FALSE,FALSE
460,2026-07-01,auth,FALSE,FALSE,negativo,15,99999,FALSE,FALSE,FALSE
1291,2026-03-20,db,FALSE,FALSE,negativo,61,10.1,FALSE,FALSE,FALSE
1042,2026-12-24,auth,TRUE,FALSE,negativo,19,4.5,FALSE,FALSE,FALSE
2239,2026-09-13,auth,FALSE,FALSE,negativo,41,7.6,FALSE,FALSE,FALSE
2416,2026-04-24,ui,FALSE,FALSE,negativo,213,9.7,FALSE,FALSE,FALSE
1616,2026-11-05,api,FALSE,NA,negativo,208,5.4,TRUE,FALSE,FALSE
1955,2026-05-05,api,FALSE,FALSE,positivo,56,1.6,FALSE,FALSE,FALSE
880,2026-07-15,api,FALSE,FALSE,negativo,28,8.7,FALSE,FALSE,FALSE
1051,2026-01-13,db,FALSE,FALSE,negativo,131,6.2,FALSE,FALSE,FALSE
1712,2026-05-15,ui,FALSE,FALSE,negativo,50,3,FALSE,FALSE,FALSE
1647,2026-01-13,auth,FALSE,FALSE,negativo,9,3.4,FALSE,FALSE,FALSE
2237,2026-12-19,db,FALSE,FALSE,positivo,33,6.5,FALSE,FALSE,FALSE
2149,2026-06-21,auth,FALSE,FALSE,negativo,73,10.2,FALSE,FALSE,FALSE
1279,2026-06-02,ui,FALSE,FALSE,negativo,50,12.3,FALSE,FALSE,FALSE
1339,2026-08-26,db,FALSE,FALSE,negativo,10,14.7,FALSE,FALSE,FALSE
214,2026-03-03,auth,NA,FALSE,negativo,29,3.1,FALSE,FALSE,FALSE
513,2026-01-12,auth,FALSE,FALSE,negativo,284,2.5,FALSE,FALSE,FALSE
1771,NA,api,FALSE,FALSE,negativo,85,9.8,FALSE,FALSE,FALSE
433,2026-11-09,api,FALSE,FALSE,positivo,40,7,FALSE,FALSE,FALSE
789,2026-05-09,api,TRUE,FALSE,negativo,445,1.8,FALSE,FALSE,FALSE
1470,2026-07-06,db,TRUE,FALSE,negativo,707,10.4,FALSE,FALSE,FALSE
855,NA,api,FALSE,FALSE,negativo,51,2.8,FALSE,FALSE,FALSE
699,2026-06-24,api,FALSE,FALSE,negativo,67,6.6,FALSE,FALSE,FALSE
1962,2026-07-13,db,FALSE,FALSE,positivo,103,4.7,FALSE,FALSE,FALSE
975,2026-12-07,auth,NA,FALSE,negativo,32,6.1,FALSE,FALSE,FALSE
1713,NA,ui,FALSE,FALSE,positivo,39,1.7,TRUE,FALSE,FALSE
2177,2026-10-15,db,FALSE,FALSE,negativo,59,5.5,FALSE,FALSE,FALSE
1055,2026-02-26,auth,TRUE,TRUE,positivo,142,5.5,FALSE,FALSE,FALSE
542,2026-06-08,auth,FALSE,FALSE,negativo,62,4.2,FALSE,FALSE,FALSE
2367,2026-12-27,db,TRUE,FALSE,negativo,57,99999,FALSE,FALSE,FALSE
2427,2026-08-26,auth,FALSE,NA,negativo,74,4.5,FALSE,FALSE,FALSE
1228,2026-03-05,auth,FALSE,FALSE,negativo,47,2.5,FALSE,FALSE,FALSE
298,2026-10-22,auth,FALSE,FALSE,negativo,61,12.9,FALSE,FALSE,FALSE
67,2026-09-08,api,FALSE,FALSE,negativo,99,2.1,FALSE,FALSE,FALSE
1561,NA,auth,NA,FALSE,negativo,13,3.7,FALSE,FALSE,FALSE
996,2026-08-13,auth,TRUE,TRUE,positivo,237,5.8,FALSE,FALSE,FALSE
1841,2026-09-10,api,FALSE,FALSE,negativo,534,2.9,FALSE,FALSE,FALSE
422,2026-02-23,db,FALSE,FALSE,negativo,90,9.4,FALSE,FALSE,FALSE
553,2026-05-26,auth,FALSE,FALSE,negativo,37,2.4,FALSE,FALSE,FALSE
2199,2026-08-05,api,FALSE,FALSE,negativo,127,1.7,FALSE,FALSE,FALSE
758,2026-03-19,api,FALSE,FALSE,negativo,173,11.9,FALSE,FALSE,FALSE
527,2026-12-11,auth,FALSE,FALSE,negativo,67,10.6,FALSE,FALSE,FALSE
1115,2026-06-14,auth,FALSE,FALSE,negativo,29,6.2,FALSE,FALSE,FALSE
1992,2026-11-21,api,FALSE,FALSE,negativo,31,4.9,FALSE,FALSE,FALSE
2040,2026-03-17,auth,FALSE,FALSE,negativo,46,4.3,FALSE,FALSE,FALSE
93,2026-08-03,ui,FALSE,FALSE,negativo,96,8.4,FALSE,FALSE,FALSE
964,2026-02-19,auth,FALSE,FALSE,negativo,140,16.8,FALSE,FALSE,FALSE
230,2026-03-28,ui,FALSE,FALSE,negativo,130,13.1,FALSE,FALSE,FALSE
75,2026-02-20,ui,FALSE,FALSE,negativo,101,11.4,FALSE,FALSE,FALSE
1621,2026-07-02,api,FALSE,NA,negativo,185,5,FALSE,FALSE,FALSE
777,2026-02-12,auth,FALSE,FALSE,negativo,69,3.2,FALSE,FALSE,FALSE
643,2026-01-09,db,FALSE,FALSE,negativo,9,4.3,FALSE,FALSE,FALSE
1520,2026-07-12,ui,FALSE,FALSE,negativo,13,2.3,FALSE,FALSE,FALSE
1790,2026-12-26,db,FALSE,FALSE,negativo,161,2.9,FALSE,FALSE,FALSE
1293,2026-05-21,auth,FALSE,FALSE,negativo,32,5.8,FALSE,FALSE,FALSE
50,2026-05-21,api,FALSE,FALSE,negativo,62,7.7,FALSE,FALSE,FALSE
2305,2026-01-02,db,FALSE,FALSE,negativo,36,3.4,FALSE,FALSE,FALSE
994,2026-05-18,auth,TRUE,FALSE,negativo,75,2.1,FALSE,FALSE,FALSE
1929,2026-12-14,auth,FALSE,FALSE,negativo,NA,7,FALSE,TRUE,FALSE
2280,2026-03-08,ui,FALSE,FALSE,negativo,106,4.9,FALSE,FALSE,FALSE
470,2026-03-10,db,FALSE,FALSE,negativo,171,3.3,FALSE,FALSE,FALSE
702,2026-07-26,auth,FALSE,FALSE,negativo,72,6.4,FALSE,FALSE,FALSE
2594,2026-09-05,ui,FALSE,FALSE,negativo,42,2.5,FALSE,FALSE,FALSE
1754,2026-08-01,auth,FALSE,FALSE,negativo,124,13.9,FALSE,FALSE,FALSE
30,2026-03-02,auth,FALSE,FALSE,negativo,10,4.2,FALSE,FALSE,FALSE
1117,2026-06-13,db,FALSE,FALSE,negativo,38,4,FALSE,FALSE,FALSE
2424,2026-03-01,ui,FALSE,NA,negativo,97,4.9,FALSE,FALSE,FALSE
1768,2026-08-17,auth,FALSE,FALSE,negativo,94,7.4,FALSE,FALSE,FALSE
1061,2026-05-03,db,FALSE,FALSE,negativo,147,1.7,FALSE,FALSE,FALSE
1325,2026-03-16,ui,FALSE,FALSE,negativo,73,1.9,FALSE,FALSE,FALSE
776,2026-07-14,auth,FALSE,FALSE,negativo,10,6.7,FALSE,FALSE,FALSE
1623,2026-11-27,auth,FALSE,FALSE,negativo,113,2.3,FALSE,FALSE,FALSE
2264,2026-04-01,api,FALSE,FALSE,positivo,63,13.5,FALSE,FALSE,FALSE
16,2026-01-23,api,TRUE,FALSE,negativo,52,0.8,FALSE,FALSE,FALSE
1968,2026-08-14,auth,FALSE,FALSE,negativo,66,4.3,FALSE,FALSE,FALSE
1386,2026-01-04,ui,FALSE,FALSE,negativo,32,3.9,FALSE,FALSE,FALSE
698,2026-12-14,api,FALSE,FALSE,negativo,82,4.9,FALSE,FALSE,FALSE
812,2026-11-05,api,FALSE,FALSE,negativo,188,10.2,FALSE,FALSE,FALSE
2193,2026-04-08,api,TRUE,FALSE,negativo,12,15.8,FALSE,FALSE,FALSE
1778,2026-07-08,api,FALSE,FALSE,negativo,34,10.1,FALSE,FALSE,FALSE
51,2026-06-26,db,FALSE,FALSE,negativo,18,3.4,FALSE,FALSE,FALSE
1655,2026-10-28,db,FALSE,FALSE,negativo,88,6.3,TRUE,FALSE,FALSE
414,2026-08-18,ui,FALSE,FALSE,negativo,35,NA,FALSE,FALSE,NA
2398,2026-03-08,api,FALSE,FALSE,positivo,40,11.1,FALSE,FALSE,FALSE
2006,2026-11-12,api,FALSE,FALSE,negativo,29,1.5,FALSE,FALSE,FALSE
637,2026-09-09,ui,FALSE,FALSE,negativo,69,1.4,TRUE,FALSE,FALSE
216,2026-11-21,auth,FALSE,FALSE,negativo,NA,0.3,FALSE,NA,FALSE
1069,2026-01-13,auth,FALSE,FALSE,negativo,97,5.7,FALSE,FALSE,FALSE
2444,2026-05-12,db,FALSE,FALSE,negativo,28,8.4,FALSE,FALSE,FALSE
1676,2026-01-15,auth,FALSE,FALSE,negativo,55,5.7,FALSE,FALSE,FALSE
33,2026-03-13,ui,FALSE,FALSE,positivo,274,8.6,FALSE,FALSE,FALSE
1925,2026-08-24,ui,FALSE,FALSE,negativo,61,7.8,FALSE,FALSE,FALSE
411,2026-03-16,db,FALSE,FALSE,negativo,26,1.7,FALSE,FALSE,FALSE
1605,2026-09-27,api,FALSE,FALSE,negativo,210,5.1,FALSE,FALSE,FALSE
1350,2026-02-20,auth,FALSE,FALSE,negativo,19,4.1,FALSE,FALSE,FALSE
893,2026-09-01,auth,FALSE,NA,negativo,28,8.3,FALSE,FALSE,FALSE
348,2026-08-24,db,FALSE,FALSE,negativo,21,10,FALSE,FALSE,FALSE
641,2026-03-07,db,FALSE,FALSE,negativo,105,4.5,FALSE,FALSE,FALSE
211,2026-05-11,api,FALSE,FALSE,negativo,103,11,FALSE,FALSE,FALSE
161,2026-11-18,db,FALSE,FALSE,negativo,77,5,FALSE,FALSE,FALSE
99,2026-03-22,auth,FALSE,FALSE,negativo,64,NA,FALSE,FALSE,TRUE
17,2026-02-24,db,FALSE,FALSE,positivo,17,7,TRUE,FALSE,FALSE
950,2026-01-16,db,FALSE,FALSE,negativo,34,19.9,FALSE,FALSE,FALSE
1222,2026-05-16,ui,FALSE,FALSE,negativo,223,1.1,FALSE,FALSE,FALSE
1495,2026-01-01,auth,FALSE,FALSE,negativo,29,7.8,FALSE,FALSE,FALSE
2538,2026-02-12,db,FALSE,FALSE,negativo,41,1.9,TRUE,FALSE,FALSE
1753,2026-05-08,ui,FALSE,FALSE,negativo,134,7.1,TRUE,FALSE,FALSE
590,2026-03-21,auth,FALSE,FALSE,negativo,37,2.4,FALSE,FALSE,FALSE
1394,2026-09-22,api,FALSE,FALSE,negativo,34,99999,FALSE,FALSE,FALSE
606,2026-12-09,db,FALSE,FALSE,negativo,95,NA,FALSE,FALSE,NA
336,2026-02-08,db,TRUE,TRUE,positivo,32,8.9,FALSE,FALSE,FALSE
1527,2026-01-05,ui,FALSE,NA,negativo,19,6.4,FALSE,FALSE,FALSE
2414,2026-01-03,auth,FALSE,FALSE,negativo,24,21.2,FALSE,FALSE,FALSE
536,2026-07-27,ui,TRUE,TRUE,positivo,12,10.2,FALSE,FALSE,FALSE
1468,2026-05-20,api,FALSE,FALSE,negativo,70,8.1,FALSE,FALSE,FALSE
1652,2026-07-25,ui,FALSE,FALSE,negativo,24,2.1,FALSE,FALSE,FALSE
689,2026-08-26,db,FALSE,FALSE,negativo,80,1.4,FALSE,FALSE,FALSE
2124,2026-01-09,api,FALSE,FALSE,negativo,79,2.3,FALSE,FALSE,FALSE
2027,2026-07-12,api,FALSE,FALSE,negativo,84,9.5,FALSE,FALSE,FALSE
2118,2026-04-08,api,FALSE,FALSE,negativo,20,2.6,FALSE,FALSE,FALSE
1937,2026-05-02,api,FALSE,FALSE,negativo,329,4.4,FALSE,FALSE,FALSE
786,2026-02-14,api,FALSE,FALSE,negativo,48,5.9,FALSE,FALSE,FALSE
1943,2026-10-27,auth,FALSE,FALSE,negativo,116,10.1,FALSE,FALSE,FALSE
2563,2026-03-20,api,FALSE,FALSE,negativo,61,5.3,FALSE,FALSE,FALSE
2477,2026-05-05,ui,FALSE,FALSE,negativo,56,6.3,FALSE,FALSE,FALSE
2227,2026-09-14,db,FALSE,FALSE,NA,741,4.9,FALSE,FALSE,FALSE
1856,2026-02-13,auth,NA,FALSE,negativo,44,8.3,FALSE,FALSE,FALSE
2516,2026-03-21,ui,FALSE,FALSE,negativo,36,2.8,FALSE,FALSE,FALSE
1538,2026-07-16,ui,FALSE,NA,negativo,262,2.9,FALSE,FALSE,FALSE
1552,2026-07-26,ui,FALSE,FALSE,negativo,376,14.8,FALSE,FALSE,FALSE
2573,2026-02-17,db,FALSE,FALSE,negativo,37,1.9,FALSE,FALSE,FALSE
300,2026-09-07,db,FALSE,FALSE,negativo,77,4.3,FALSE,FALSE,FALSE
2393,2026-04-12,auth,FALSE,FALSE,negativo,5,8.3,FALSE,FALSE,FALSE
2300,2026-06-20,auth,FALSE,FALSE,negativo,25,7.1,FALSE,FALSE,FALSE
507,2026-08-23,api,FALSE,FALSE,negativo,66,NA,FALSE,FALSE,NA
2265,2026-05-20,auth,FALSE,FALSE,positivo,77,1.9,FALSE,FALSE,FALSE
1385,2026-07-26,auth,FALSE,FALSE,negativo,30,11.3,FALSE,FALSE,FALSE
1909,2026-12-08,db,FALSE,FALSE,negativo,182,9.5,FALSE,FALSE,FALSE
2579,2026-02-05,ui,FALSE,FALSE,negativo,133,3.8,FALSE,FALSE,FALSE
362,2026-04-03,auth,FALSE,FALSE,negativo,50,9.7,FALSE,FALSE,FALSE
2472,2026-05-21,api,FALSE,FALSE,negativo,12,2.1,FALSE,FALSE,FALSE
2544,2026-01-08,api,FALSE,FALSE,negativo,33,4.6,FALSE,FALSE,FALSE
2238,2026-06-27,auth,TRUE,FALSE,negativo,196,3.1,FALSE,FALSE,FALSE
2002,2026-10-03,api,FALSE,FALSE,negativo,52,3,FALSE,FALSE,FALSE
1472,2026-07-11,api,FALSE,FALSE,negativo,43,2.1,FALSE,FALSE,FALSE
1770,2026-12-12,ui,FALSE,FALSE,negativo,23,99999,FALSE,FALSE,FALSE
2009,2026-02-08,api,FALSE,FALSE,negativo,69,1.2,FALSE,FALSE,FALSE
2069,2026-11-02,ui,FALSE,FALSE,negativo,7,1.2,FALSE,FALSE,FALSE
2348,2026-11-12,db,FALSE,FALSE,negativo,67,8.9,FALSE,FALSE,FALSE
1255,2026-07-05,auth,FALSE,FALSE,negativo,45,10.4,FALSE,FALSE,FALSE
2462,2026-12-24,auth,FALSE,NA,negativo,9,3.8,FALSE,FALSE,FALSE
1111,2026-12-13,api,FALSE,TRUE,negativo,NA,6.3,FALSE,TRUE,FALSE
2351,2026-01-20,auth,NA,FALSE,negativo,52,11.4,FALSE,FALSE,FALSE
1692,2026-04-14,api,FALSE,FALSE,negativo,30,7.2,FALSE,FALSE,FALSE
884,2026-03-01,ui,TRUE,FALSE,negativo,29,2.6,FALSE,FALSE,FALSE
2312,2026-11-08,auth,FALSE,FALSE,negativo,21,4.6,FALSE,FALSE,FALSE
756,2026-04-13,api,FALSE,FALSE,negativo,146,5.9,FALSE,FALSE,FALSE
338,2026-03-24,auth,FALSE,FALSE,negativo,396,5.8,FALSE,FALSE,FALSE
866,NA,api,FALSE,FALSE,negativo,88,14.3,FALSE,FALSE,FALSE
82,2026-10-17,api,FALSE,FALSE,positivo,77,8.3,FALSE,FALSE,FALSE
68,2026-08-13,api,FALSE,FALSE,negativo,24,4,FALSE,FALSE,FALSE
1924,2026-03-15,api,NA,FALSE,negativo,27,7.9,FALSE,FALSE,FALSE
1763,2026-07-19,ui,FALSE,FALSE,negativo,17,4.2,FALSE,FALSE,FALSE
843,2026-09-23,db,FALSE,FALSE,NA,25,2.2,FALSE,FALSE,FALSE
505,2026-07-24,auth,FALSE,FALSE,negativo,98,8.8,FALSE,FALSE,FALSE
488,2026-11-26,auth,FALSE,FALSE,negativo,32,12.3,FALSE,FALSE,FALSE
172,2026-09-23,auth,FALSE,FALSE,negativo,294,7.9,FALSE,FALSE,FALSE
602,2026-01-23,api,FALSE,FALSE,negativo,34,1.7,FALSE,FALSE,FALSE
2512,2026-08-19,db,FALSE,NA,negativo,115,13.2,FALSE,FALSE,FALSE
2115,2026-07-26,ui,TRUE,FALSE,negativo,207,11,FALSE,FALSE,FALSE
1907,2026-01-22,db,FALSE,FALSE,negativo,NA,12.4,FALSE,NA,FALSE
2126,2026-02-26,auth,FALSE,FALSE,negativo,122,4.7,FALSE,FALSE,FALSE
2284,2026-09-08,api,FALSE,FALSE,negativo,28,NA,FALSE,FALSE,TRUE
1974,2026-10-24,api,FALSE,FALSE,negativo,107,9,FALSE,FALSE,FALSE
929,2026-02-01,api,FALSE,FALSE,negativo,226,1.3,FALSE,FALSE,FALSE
1784,2026-02-16,db,TRUE,FALSE,negativo,6,16.5,FALSE,FALSE,FALSE
2496,2026-06-15,auth,NA,FALSE,negativo,118,0.6,FALSE,FALSE,FALSE
1532,2026-10-01,auth,FALSE,FALSE,negativo,270,1.7,FALSE,FALSE,FALSE
347,2026-02-09,auth,FALSE,FALSE,negativo,102,NA,FALSE,FALSE,TRUE
1738,2026-02-05,auth,FALSE,FALSE,negativo,63,7.3,FALSE,FALSE,FALSE
2551,2026-04-14,db,FALSE,FALSE,negativo,463,3.5,FALSE,FALSE,FALSE
1514,2026-02-27,api,FALSE,FALSE,negativo,119,NA,FALSE,FALSE,TRUE
817,2026-11-01,auth,FALSE,FALSE,negativo,78,5.8,FALSE,FALSE,FALSE
1630,2026-10-16,api,FALSE,FALSE,negativo,49,9.8,FALSE,FALSE,FALSE
2382,2026-06-21,api,TRUE,TRUE,positivo,348,12.8,TRUE,FALSE,FALSE
285,2026-12-05,db,FALSE,FALSE,negativo,105,5.4,FALSE,FALSE,FALSE
353,2026-03-07,ui,FALSE,FALSE,negativo,43,2.3,FALSE,FALSE,FALSE
857,2026-04-17,auth,FALSE,FALSE,negativo,25,4.7,FALSE,FALSE,FALSE
1168,2026-01-16,api,FALSE,FALSE,negativo,22,3.7,FALSE,FALSE,FALSE
1663,2026-06-04,db,TRUE,TRUE,positivo,51,9.8,FALSE,FALSE,FALSE
2062,2026-07-14,auth,FALSE,FALSE,negativo,26,4,FALSE,FALSE,FALSE
1526,2026-10-05,api,TRUE,FALSE,negativo,52,6.5,FALSE,FALSE,FALSE
2072,2026-02-23,db,FALSE,FALSE,negativo,60,4,FALSE,FALSE,FALSE
1256,2026-09-08,db,FALSE,FALSE,negativo,99,1.8,FALSE,FALSE,FALSE
1239,2026-06-18,api,FALSE,FALSE,negativo,28,13.1,FALSE,FALSE,FALSE
1237,2026-11-04,ui,FALSE,FALSE,negativo,20,2.3,FALSE,FALSE,FALSE
1369,2026-06-16,api,FALSE,FALSE,negativo,94,NA,FALSE,FALSE,NA
873,2026-03-19,db,FALSE,FALSE,negativo,80,5.1,FALSE,FALSE,FALSE
816,2026-10-01,db,TRUE,TRUE,positivo,72,11.9,FALSE,FALSE,FALSE
2396,2026-04-05,api,FALSE,FALSE,negativo,262,9.7,FALSE,FALSE,FALSE
1190,2026-09-06,api,FALSE,FALSE,negativo,271,2.1,FALSE,FALSE,FALSE
2159,2026-11-02,api,FALSE,FALSE,negativo,158,6,FALSE,FALSE,FALSE
1542,2026-09-15,ui,FALSE,FALSE,negativo,199,7.9,FALSE,FALSE,FALSE
1782,2026-08-05,auth,FALSE,FALSE,negativo,91,2.2,FALSE,FALSE,FALSE
31,2026-04-24,db,TRUE,TRUE,positivo,53,13.5,FALSE,FALSE,FALSE
1915,2026-03-27,auth,FALSE,FALSE,negativo,98,1.6,FALSE,FALSE,FALSE
2581,2026-04-26,ui,FALSE,FALSE,negativo,358,NA,FALSE,FALSE,TRUE
2432,2026-08-15,ui,FALSE,FALSE,negativo,213,3,FALSE,FALSE,FALSE
2522,NA,db,FALSE,FALSE,negativo,38,4.5,FALSE,FALSE,FALSE
439,2026-10-06,ui,FALSE,FALSE,negativo,1056,3.4,FALSE,FALSE,FALSE
19,2026-04-23,auth,FALSE,FALSE,negativo,22,8.3,FALSE,FALSE,FALSE
397,2026-08-12,api,FALSE,FALSE,negativo,71,NA,FALSE,FALSE,TRUE
2502,2026-06-14,api,FALSE,FALSE,negativo,45,4,FALSE,FALSE,FALSE
1104,2026-12-17,auth,TRUE,FALSE,negativo,55,2.2,TRUE,FALSE,FALSE
2536,2026-04-08,auth,FALSE,FALSE,NA,88,6.2,FALSE,FALSE,FALSE
1834,2026-12-07,auth,FALSE,FALSE,negativo,60,2.2,FALSE,FALSE,FALSE
543,2026-05-18,api,FALSE,FALSE,negativo,27,15.3,FALSE,FALSE,FALSE
1159,2026-03-22,ui,FALSE,FALSE,negativo,NA,8.7,FALSE,NA,FALSE
1142,2026-08-13,ui,NA,FALSE,negativo,20,4.7,FALSE,FALSE,FALSE
1025,2026-04-20,auth,TRUE,TRUE,positivo,9,10.7,FALSE,FALSE,FALSE
623,2026-12-14,auth,FALSE,FALSE,negativo,24,7.1,FALSE,FALSE,FALSE
2407,2026-01-14,db,FALSE,FALSE,negativo,475,11.6,FALSE,FALSE,FALSE
1779,2026-09-19,api,TRUE,TRUE,positivo,43,13.8,FALSE,FALSE,FALSE
1511,2026-08-07,api,TRUE,NA,negativo,153,2.2,FALSE,FALSE,FALSE
281,2026-02-08,db,TRUE,FALSE,negativo,49,3.8,FALSE,FALSE,FALSE
1510,2026-09-05,auth,FALSE,FALSE,negativo,16,3.1,FALSE,FALSE,FALSE
1644,2026-01-04,auth,FALSE,FALSE,negativo,37,6.9,FALSE,FALSE,FALSE
2000,NA,auth,FALSE,FALSE,negativo,400,1.9,FALSE,FALSE,FALSE
1453,2026-07-23,ui,FALSE,FALSE,negativo,31,1.8,FALSE,FALSE,FALSE
642,2026-12-03,api,FALSE,FALSE,negativo,70,5.6,FALSE,FALSE,FALSE
1150,2026-05-23,db,FALSE,FALSE,negativo,78,8.7,FALSE,FALSE,FALSE
52,2026-02-09,auth,TRUE,NA,negativo,78,2.2,FALSE,FALSE,FALSE
2362,2026-01-28,db,TRUE,FALSE,negativo,158,1.7,FALSE,FALSE,FALSE
1172,2026-01-24,auth,FALSE,FALSE,negativo,40,8.3,FALSE,FALSE,FALSE
1065,2026-02-07,api,FALSE,FALSE,negativo,9,2,FALSE,FALSE,FALSE
797,2026-09-01,ui,FALSE,FALSE,negativo,197,5.4,FALSE,FALSE,FALSE
1948,2026-09-28,auth,FALSE,FALSE,negativo,130,5.3,FALSE,FALSE,FALSE
2138,2026-11-11,api,FALSE,FALSE,negativo,25,1.2,FALSE,FALSE,FALSE
1624,2026-07-01,api,FALSE,FALSE,negativo,176,9.4,FALSE,FALSE,FALSE
226,2026-01-02,api,FALSE,FALSE,negativo,141,3.9,FALSE,FALSE,FALSE
2248,2026-03-12,api,FALSE,FALSE,negativo,136,NA,FALSE,FALSE,TRUE
2114,2026-03-22,api,FALSE,FALSE,negativo,36,1.1,FALSE,FALSE,FALSE
2435,2026-05-22,api,TRUE,TRUE,positivo,19,4.5,FALSE,FALSE,FALSE
1287,2026-07-11,auth,FALSE,FALSE,negativo,NA,7.7,FALSE,TRUE,FALSE
1400,2026-12-20,db,FALSE,FALSE,negativo,203,1.7,FALSE,FALSE,FALSE
584,2026-09-13,api,FALSE,FALSE,negativo,14,1.4,FALSE,FALSE,FALSE
1593,2026-12-14,auth,FALSE,FALSE,negativo,42,3.9,FALSE,FALSE,FALSE
869,2026-05-05,ui,FALSE,FALSE,positivo,21,7.3,FALSE,FALSE,FALSE
1601,2026-03-09,db,FALSE,FALSE,negativo,143,2.3,FALSE,FALSE,FALSE
650,2026-11-25,auth,FALSE,FALSE,negativo,23,19.9,FALSE,FALSE,FALSE
1568,2026-02-10,api,FALSE,FALSE,negativo,55,6.7,FALSE,FALSE,FALSE
566,2026-09-25,db,TRUE,TRUE,positivo,21,30.5,FALSE,FALSE,FALSE
440,2026-10-05,ui,FALSE,FALSE,NA,42,NA,FALSE,FALSE,TRUE
2499,2026-01-19,api,TRUE,FALSE,negativo,92,NA,FALSE,FALSE,TRUE
1769,2026-02-14,api,TRUE,FALSE,negativo,60,2.5,FALSE,FALSE,FALSE
708,2026-03-12,ui,FALSE,FALSE,negativo,23,0.3,FALSE,FALSE,FALSE
1397,2026-02-12,ui,FALSE,FALSE,negativo,62,4.7,FALSE,FALSE,FALSE
2095,2026-07-13,auth,FALSE,FALSE,negativo,25,5.5,FALSE,FALSE,FALSE
1122,2026-04-15,auth,FALSE,FALSE,negativo,68,9.5,FALSE,FALSE,FALSE
2266,2026-06-26,auth,TRUE,FALSE,negativo,12,6.5,FALSE,FALSE,FALSE
164,NA,api,FALSE,FALSE,negativo,62,2,FALSE,FALSE,FALSE
341,2026-01-19,auth,FALSE,NA,negativo,NA,4.2,FALSE,TRUE,FALSE
1189,2026-01-07,db,FALSE,FALSE,negativo,69,12.1,FALSE,FALSE,FALSE
1104,2026-12-17,auth,TRUE,FALSE,negativo,55,2.2,TRUE,FALSE,FALSE
389,2026-05-20,auth,FALSE,FALSE,negativo,75,7.9,FALSE,FALSE,FALSE
1095,2026-12-20,auth,FALSE,FALSE,negativo,393,6,FALSE,FALSE,FALSE
1717,NA,auth,FALSE,FALSE,negativo,38,NA,FALSE,FALSE,TRUE
149,2026-07-01,auth,FALSE,FALSE,negativo,21,2.2,FALSE,FALSE,FALSE
1541,2026-06-08,auth,TRUE,FALSE,negativo,110,4.7,FALSE,FALSE,FALSE
159,2026-12-26,auth,FALSE,FALSE,negativo,60,8.6,FALSE,FALSE,FALSE
1017,2026-09-20,db,FALSE,FALSE,negativo,84,6.8,FALSE,FALSE,FALSE
952,2026-01-12,ui,FALSE,FALSE,negativo,56,10.9,FALSE,FALSE,FALSE
700,2026-12-24,auth,FALSE,FALSE,negativo,803,1.4,FALSE,FALSE,FALSE
2471,2026-02-14,ui,FALSE,FALSE,negativo,35,4,FALSE,FALSE,FALSE
29,2026-01-25,db,FALSE,FALSE,negativo,63,8.8,FALSE,FALSE,FALSE
1004,2026-02-06,ui,FALSE,FALSE,negativo,82,10.7,FALSE,FALSE,FALSE
204,2026-09-20,api,FALSE,FALSE,negativo,176,1.8,FALSE,FALSE,FALSE
1284,2026-01-11,api,FALSE,FALSE,negativo,20,5.2,FALSE,FALSE,FALSE
1374,2026-08-20,auth,TRUE,TRUE,positivo,24,5.8,FALSE,FALSE,FALSE
1107,2026-11-17,api,FALSE,NA,negativo,34,6.8,TRUE,FALSE,FALSE
2083,2026-11-10,api,FALSE,NA,negativo,169,NA,FALSE,FALSE,NA
304,2026-06-18,auth,FALSE,FALSE,negativo,61,0.1,FALSE,FALSE,FALSE
565,2026-11-15,db,TRUE,FALSE,negativo,73,7.2,FALSE,FALSE,FALSE
960,2026-10-03,api,FALSE,FALSE,negativo,277,4.9,FALSE,FALSE,FALSE
2288,2026-02-08,db,TRUE,TRUE,positivo,11,17.9,FALSE,FALSE,FALSE
743,2026-01-05,db,FALSE,FALSE,negativo,40,5.3,FALSE,FALSE,FALSE
400,2026-12-01,api,TRUE,FALSE,negativo,91,7.1,FALSE,FALSE,FALSE
110,2026-12-23,auth,FALSE,NA,positivo,46,8.7,FALSE,FALSE,FALSE
1894,2026-09-28,auth,FALSE,FALSE,negativo,68,3,FALSE,FALSE,FALSE
523,2026-03-25,auth,FALSE,FALSE,negativo,57,99999,FALSE,FALSE,FALSE
1331,2026-07-16,auth,FALSE,FALSE,negativo,19,NA,FALSE,FALSE,TRUE
401,2026-01-28,auth,FALSE,FALSE,negativo,684,11.3,FALSE,FALSE,FALSE
2524,2026-11-14,api,FALSE,FALSE,positivo,304,99999,FALSE,FALSE,FALSE
1751,2026-09-27,db,FALSE,FALSE,negativo,44,4.7,FALSE,FALSE,FALSE
668,2026-10-04,db,NA,FALSE,negativo,64,4,FALSE,FALSE,FALSE
1811,2026-03-10,auth,FALSE,FALSE,negativo,92,3.4,FALSE,FALSE,FALSE
1460,2026-03-12,auth,FALSE,FALSE,negativo,68,0.4,FALSE,FALSE,FALSE
1171,2026-11-01,auth,FALSE,FALSE,negativo,64,3.1,FALSE,FALSE,FALSE
494,2026-07-26,api,FALSE,FALSE,negativo,47,5,FALSE,FALSE,FALSE
1120,NA,auth,FALSE,FALSE,negativo,217,25,FALSE,FALSE,FALSE
1865,2026-02-16,auth,FALSE,FALSE,negativo,32,5.2,FALSE,FALSE,FALSE
459,2026-03-07,ui,FALSE,FALSE,negativo,203,1.7,FALSE,FALSE,FALSE
2498,2026-04-20,auth,FALSE,TRUE,positivo,102,16.9,FALSE,FALSE,FALSE
2488,2026-08-12,auth,FALSE,FALSE,negativo,695,4.7,FALSE,FALSE,FALSE
1840,2026-10-05,ui,FALSE,FALSE,negativo,95,3.8,FALSE,FALSE,FALSE
1108,2026-05-01,db,FALSE,FALSE,negativo,69,1.8,FALSE,FALSE,FALSE
1126,2026-06-11,db,FALSE,FALSE,negativo,85,9.7,FALSE,FALSE,FALSE
2565,2026-11-05,api,FALSE,FALSE,negativo,40,9,FALSE,FALSE,FALSE
2071,2026-08-28,api,FALSE,FALSE,positivo,252,3.2,FALSE,FALSE,FALSE
1951,2026-10-16,auth,FALSE,FALSE,negativo,145,7,FALSE,FALSE,FALSE
1461,2026-11-15,ui,FALSE,FALSE,negativo,25,3,FALSE,FALSE,FALSE
739,2026-04-23,auth,FALSE,FALSE,negativo,199,5.1,FALSE,FALSE,FALSE
1818,2026-11-27,auth,FALSE,FALSE,positivo,17,8.1,FALSE,FALSE,FALSE
124,2026-04-10,db,FALSE,FALSE,positivo,76,10.6,FALSE,FALSE,FALSE
909,2026-01-20,db,FALSE,FALSE,negativo,108,99999,FALSE,FALSE,FALSE
1584,2026-09-15,auth,FALSE,FALSE,negativo,49,1.4,FALSE,FALSE,FALSE
1180,2026-04-27,db,FALSE,FALSE,negativo,26,4.9,FALSE,FALSE,FALSE
767,2026-11-08,db,FALSE,FALSE,negativo,98,3.9,FALSE,FALSE,FALSE
95,2026-04-27,api,FALSE,FALSE,negativo,10,4.3,FALSE,FALSE,FALSE
1064,2026-12-24,ui,FALSE,FALSE,negativo,31,3.4,FALSE,FALSE,FALSE
1066,2026-06-13,db,FALSE,FALSE,negativo,74,2.2,FALSE,FALSE,FALSE
694,2026-09-26,auth,FALSE,FALSE,negativo,27,2.6,FALSE,FALSE,FALSE
2327,2026-11-20,api,FALSE,FALSE,negativo,285,1.3,FALSE,FALSE,FALSE
1149,2026-06-19,ui,FALSE,FALSE,negativo,16,8.8,FALSE,FALSE,FALSE
484,2026-07-20,auth,FALSE,FALSE,negativo,120,9.8,FALSE,FALSE,FALSE
948,2026-10-27,ui,FALSE,FALSE,negativo,58,4.8,TRUE,FALSE,FALSE
152,2026-12-12,api,FALSE,FALSE,negativo,158,14.3,FALSE,FALSE,FALSE
320,2026-06-11,db,TRUE,TRUE,positivo,98,4.8,FALSE,FALSE,FALSE
1238,2026-04-14,api,FALSE,FALSE,negativo,54,0.8,FALSE,FALSE,FALSE
1549,2026-06-10,auth,FALSE,FALSE,negativo,73,7.8,FALSE,FALSE,FALSE
1540,NA,auth,FALSE,FALSE,positivo,167,3.2,FALSE,FALSE,FALSE
297,NA,auth,FALSE,FALSE,negativo,45,5.7,FALSE,FALSE,FALSE
1516,2026-07-08,api,FALSE,FALSE,negativo,61,5.3,FALSE,FALSE,FALSE
1783,2026-09-24,db,FALSE,FALSE,negativo,160,0.7,FALSE,FALSE,FALSE
985,2026-03-04,db,FALSE,FALSE,negativo,29,2.4,FALSE,FALSE,FALSE
2465,2026-01-18,db,FALSE,FALSE,negativo,106,3.8,FALSE,FALSE,FALSE
1574,2026-02-11,db,FALSE,FALSE,negativo,111,NA,FALSE,FALSE,NA
456,2026-09-08,api,FALSE,FALSE,negativo,41,NA,FALSE,FALSE,TRUE
938,2026-08-03,ui,TRUE,FALSE,negativo,120,7.5,FALSE,FALSE,FALSE
1405,NA,api,FALSE,FALSE,negativo,57,2.8,FALSE,FALSE,FALSE
1530,2026-12-08,auth,FALSE,FALSE,negativo,151,6.6,FALSE,FALSE,FALSE
2431,2026-07-01,auth,FALSE,FALSE,positivo,61,6.2,FALSE,FALSE,FALSE
1273,2026-11-04,auth,FALSE,FALSE,negativo,256,8.4,FALSE,FALSE,FALSE
2419,2026-06-15,api,FALSE,FALSE,negativo,107,3.6,FALSE,FALSE,FALSE
1766,2026-06-14,api,FALSE,FALSE,negativo,72,9.6,FALSE,FALSE,FALSE
1612,NA,db,FALSE,FALSE,negativo,47,99999,FALSE,FALSE,FALSE
2107,2026-08-13,db,NA,FALSE,negativo,13,14.6,FALSE,FALSE,FALSE
1930,2026-09-16,db,FALSE,FALSE,negativo,120,99999,FALSE,FALSE,FALSE
2513,2026-03-14,api,FALSE,FALSE,negativo,33,15.6,FALSE,FALSE,FALSE
1947,2026-09-04,auth,FALSE,FALSE,negativo,8,1.9,FALSE,FALSE,FALSE
1931,2026-08-26,api,FALSE,FALSE,negativo,NA,5.2,FALSE,NA,FALSE
1889,2026-01-27,api,FALSE,FALSE,negativo,72,7.7,FALSE,FALSE,FALSE
678,2026-08-18,api,FALSE,FALSE,negativo,73,5.6,FALSE,FALSE,FALSE
1409,2026-09-02,ui,NA,FALSE,negativo,14,8.4,FALSE,FALSE,FALSE
1147,2026-03-13,auth,FALSE,FALSE,negativo,25,1.3,FALSE,FALSE,FALSE
2515,2026-04-17,api,FALSE,FALSE,negativo,45,2,FALSE,FALSE,FALSE
1614,NA,api,FALSE,FALSE,negativo,59,11.9,FALSE,FALSE,FALSE
122,2026-12-15,db,FALSE,FALSE,negativo,26,1.2,FALSE,FALSE,FALSE
1146,2026-08-22,api,FALSE,NA,negativo,45,10.9,FALSE,FALSE,FALSE
1757,2026-02-18,db,TRUE,FALSE,negativo,106,4.7,FALSE,FALSE,FALSE
1297,NA,auth,FALSE,FALSE,negativo,182,13.4,FALSE,FALSE,FALSE
1681,2026-02-08,api,FALSE,FALSE,negativo,17,1.9,FALSE,FALSE,FALSE
1926,2026-11-10,db,FALSE,FALSE,negativo,182,3,FALSE,FALSE,FALSE
715,2026-03-15,ui,FALSE,FALSE,negativo,75,7.2,FALSE,FALSE,FALSE
2172,2026-09-13,api,TRUE,FALSE,negativo,NA,13.7,TRUE,TRUE,FALSE
1040,2026-07-06,ui,FALSE,FALSE,negativo,76,4.8,FALSE,FALSE,FALSE
1441,2026-03-19,db,NA,TRUE,positivo,60,9.4,FALSE,FALSE,FALSE
891,2026-03-09,auth,FALSE,FALSE,negativo,NA,4.7,FALSE,TRUE,FALSE
1903,2026-08-22,auth,FALSE,FALSE,negativo,90,2.2,FALSE,FALSE,FALSE
2172,2026-09-13,api,TRUE,FALSE,negativo,NA,13.7,TRUE,TRUE,FALSE
655,2026-02-23,api,FALSE,FALSE,negativo,45,2.7,FALSE,FALSE,FALSE
1988,2026-12-13,db,TRUE,TRUE,positivo,25,4.7,FALSE,FALSE,FALSE
863,2026-01-22,ui,FALSE,FALSE,negativo,32,6.1,FALSE,FALSE,FALSE
2456,2026-01-04,auth,FALSE,FALSE,negativo,81,6.1,FALSE,FALSE,FALSE
2535,2026-10-09,api,FALSE,FALSE,negativo,26,4.6,FALSE,FALSE,FALSE
1731,2026-12-27,api,TRUE,FALSE,negativo,23,7.9,FALSE,FALSE,FALSE
1028,2026-06-11,auth,TRUE,FALSE,negativo,70,13.7,FALSE,FALSE,FALSE
1296,2026-03-27,auth,FALSE,FALSE,negativo,37,2.9,FALSE,FALSE,FALSE
1202,2026-08-27,db,FALSE,FALSE,negativo,17,3.9,FALSE,FALSE,FALSE
1733,2026-07-14,auth,FALSE,NA,negativo,92,7.7,FALSE,FALSE,FALSE
123,2026-11-05,auth,FALSE,FALSE,negativo,90,17.5,FALSE,FALSE,FALSE
2319,2026-03-05,auth,NA,TRUE,positivo,94,1.7,FALSE,FALSE,FALSE
2405,2026-06-24,ui,FALSE,FALSE,negativo,NA,0.4,FALSE,TRUE,FALSE
1436,2026-10-25,ui,FALSE,FALSE,negativo,47,0.8,FALSE,FALSE,FALSE
710,2026-03-08,auth,FALSE,FALSE,negativo,25,4.4,FALSE,FALSE,FALSE
1864,2026-01-26,auth,FALSE,FALSE,negativo,75,NA,FALSE,FALSE,NA
2108,2026-08-21,db,FALSE,FALSE,negativo,31,22.9,FALSE,FALSE,FALSE
356,2026-02-24,api,FALSE,FALSE,negativo,11,NA,FALSE,FALSE,NA
21,2026-01-16,auth,FALSE,FALSE,negativo,48,5.9,FALSE,FALSE,FALSE
2356,2026-07-08,auth,FALSE,FALSE,negativo,55,12.3,FALSE,FALSE,FALSE
1704,2026-05-05,auth,FALSE,FALSE,negativo,27,7.2,FALSE,FALSE,FALSE
171,2026-03-13,auth,TRUE,FALSE,negativo,191,4.9,TRUE,FALSE,FALSE
548,2026-06-23,api,FALSE,FALSE,negativo,61,13.1,FALSE,FALSE,FALSE
731,2026-04-18,api,FALSE,FALSE,negativo,106,11.3,FALSE,FALSE,FALSE
1209,2026-05-27,db,FALSE,FALSE,negativo,18,0.3,FALSE,FALSE,FALSE
725,2026-05-08,ui,TRUE,FALSE,positivo,94,11,FALSE,FALSE,FALSE
1799,2026-01-03,api,FALSE,FALSE,negativo,7,6.2,FALSE,FALSE,FALSE
1041,2026-12-24,auth,FALSE,FALSE,negativo,21,7,TRUE,FALSE,FALSE
140,2026-10-03,auth,FALSE,FALSE,negativo,112,4.2,FALSE,FALSE,FALSE
954,2026-09-09,db,FALSE,FALSE,negativo,24,99999,FALSE,FALSE,FALSE
219,2026-11-19,auth,FALSE,FALSE,negativo,105,1.3,FALSE,FALSE,FALSE
101,2026-07-01,auth,TRUE,FALSE,negativo,65,2.5,FALSE,FALSE,FALSE
1335,2026-04-28,db,FALSE,FALSE,negativo,87,10.6,FALSE,FALSE,FALSE
1127,2026-08-12,api,TRUE,FALSE,negativo,153,3.2,TRUE,FALSE,FALSE
646,2026-01-02,auth,FALSE,FALSE,positivo,201,2.1,FALSE,FALSE,FALSE
1651,2026-09-07,ui,FALSE,FALSE,negativo,229,3.6,FALSE,FALSE,FALSE
1548,2026-02-11,auth,FALSE,FALSE,negativo,52,19.2,FALSE,FALSE,FALSE
92,2026-09-17,ui,NA,FALSE,positivo,136,13,FALSE,FALSE,FALSE
1043,2026-11-16,ui,FALSE,FALSE,negativo,27,1,FALSE,FALSE,FALSE
342,2026-03-13,auth,FALSE,FALSE,negativo,28,16.8,FALSE,FALSE,FALSE
1266,2026-09-05,db,FALSE,FALSE,negativo,72,3.3,FALSE,FALSE,FALSE
2361,2026-04-04,auth,FALSE,FALSE,negativo,48,4.6,FALSE,FALSE,FALSE
2410,2026-06-26,auth,TRUE,FALSE,negativo,14,0.9,FALSE,FALSE,FALSE
892,2026-11-03,api,TRUE,TRUE,positivo,21,4.4,FALSE,FALSE,FALSE
483,2026-09-06,api,FALSE,FALSE,negativo,97,12.9,FALSE,FALSE,FALSE
839,2026-11-23,ui,FALSE,FALSE,negativo,69,6.6,FALSE,FALSE,FALSE
1166,2026-05-21,db,FALSE,FALSE,negativo,56,6.9,FALSE,FALSE,FALSE
70,2026-10-12,auth,FALSE,FALSE,negativo,136,3.9,FALSE,FALSE,FALSE
2174,2026-09-11,api,FALSE,FALSE,negativo,139,0.7,FALSE,FALSE,FALSE
846,2026-07-05,auth,TRUE,FALSE,negativo,44,4.2,FALSE,FALSE,FALSE
2029,2026-01-12,auth,FALSE,FALSE,negativo,36,NA,FALSE,FALSE,NA
1705,NA,api,FALSE,FALSE,negativo,62,4,FALSE,FALSE,FALSE
833,2026-09-18,auth,FALSE,FALSE,negativo,129,3.5,FALSE,FALSE,FALSE
1058,2026-08-23,db,FALSE,FALSE,negativo,32,4.3,FALSE,FALSE,FALSE
1618,2026-12-06,auth,FALSE,FALSE,negativo,157,3,FALSE,FALSE,FALSE
1077,2026-11-06,api,FALSE,FALSE,negativo,193,0.2,FALSE,FALSE,FALSE
636,2026-08-11,db,FALSE,FALSE,negativo,31,6.3,FALSE,FALSE,FALSE
942,2026-01-06,api,FALSE,FALSE,negativo,140,3.1,FALSE,FALSE,FALSE
1803,2026-09-16,api,FALSE,FALSE,negativo,162,14,FALSE,FALSE,FALSE
89,2026-03-12,ui,FALSE,FALSE,negativo,48,15.1,FALSE,FALSE,FALSE
2576,2026-12-04,api,FALSE,FALSE,negativo,30,5.3,FALSE,FALSE,FALSE
1628,2026-09-06,auth,FALSE,FALSE,negativo,39,7.4,FALSE,FALSE,FALSE
260,2026-09-25,ui,FALSE,FALSE,negativo,288,7.9,FALSE,FALSE,FALSE
425,2026-09-04,api,FALSE,FALSE,negativo,67,4,FALSE,FALSE,FALSE
209,2026-08-06,auth,FALSE,FALSE,negativo,30,2.8,FALSE,FALSE,FALSE
1756,2026-03-20,api,FALSE,FALSE,negativo,80,4.5,FALSE,FALSE,FALSE
1435,2026-05-15,db,FALSE,FALSE,negativo,32,4.9,FALSE,FALSE,FALSE
294,2026-09-18,db,TRUE,FALSE,negativo,131,2.8,FALSE,FALSE,FALSE
1582,2026-12-18,ui,FALSE,FALSE,negativo,182,12.7,FALSE,FALSE,FALSE
1198,2026-12-21,ui,FALSE,FALSE,negativo,369,4.8,FALSE,FALSE,FALSE
1876,2026-08-07,api,TRUE,TRUE,positivo,178,8.4,FALSE,FALSE,FALSE
1881,2026-08-27,db,FALSE,FALSE,negativo,31,NA,FALSE,FALSE,NA
827,2026-10-03,api,FALSE,FALSE,negativo,88,5,FALSE,FALSE,FALSE
403,2026-04-12,api,FALSE,FALSE,negativo,62,3.8,FALSE,FALSE,FALSE
981,2026-05-02,auth,FALSE,FALSE,negativo,38,4.9,FALSE,FALSE,FALSE
1680,2026-01-26,db,TRUE,TRUE,positivo,44,5.8,FALSE,FALSE,FALSE
46,2026-02-21,db,FALSE,FALSE,negativo,52,14.4,FALSE,FALSE,FALSE
740,2026-02-18,db,FALSE,FALSE,negativo,45,4,FALSE,FALSE,FALSE
1410,2026-04-18,ui,FALSE,FALSE,negativo,68,3.3,FALSE,FALSE,FALSE
1292,2026-02-25,db,FALSE,FALSE,negativo,60,NA,FALSE,FALSE,NA
856,2026-02-02,auth,TRUE,TRUE,positivo,95,14.5,FALSE,FALSE,FALSE
1371,2026-04-06,auth,FALSE,FALSE,negativo,294,4.5,FALSE,FALSE,FALSE
1506,2026-09-07,db,FALSE,FALSE,negativo,129,7.1,FALSE,FALSE,FALSE
765,2026-08-06,auth,TRUE,FALSE,negativo,95,6.6,FALSE,FALSE,FALSE
1348,2026-10-21,ui,FALSE,FALSE,positivo,48,5.2,FALSE,FALSE,FALSE
1057,2026-04-03,api,FALSE,FALSE,negativo,37,7.3,FALSE,FALSE,FALSE
1,NA,auth,FALSE,FALSE,negativo,62,9.9,FALSE,FALSE,FALSE
1261,2026-02-11,auth,FALSE,FALSE,negativo,105,9.7,FALSE,FALSE,FALSE
1572,2026-08-19,api,FALSE,FALSE,negativo,119,4.9,FALSE,FALSE,FALSE
475,2026-04-14,db,FALSE,FALSE,negativo,169,16.3,FALSE,FALSE,FALSE
2104,2026-02-01,ui,FALSE,FALSE,negativo,53,1.8,TRUE,FALSE,FALSE
1096,2026-09-05,api,FALSE,FALSE,negativo,155,12,FALSE,FALSE,FALSE
441,2026-02-02,db,FALSE,FALSE,negativo,76,14,FALSE,FALSE,FALSE
142,2026-08-19,api,FALSE,FALSE,negativo,49,NA,FALSE,FALSE,NA
923,2026-09-24,db,FALSE,FALSE,negativo,67,4.1,FALSE,FALSE,FALSE
141,2026-10-04,db,TRUE,TRUE,positivo,29,4.6,FALSE,FALSE,FALSE
763,2026-03-16,auth,FALSE,FALSE,negativo,95,18.7,FALSE,FALSE,FALSE
96,2026-10-12,auth,FALSE,FALSE,negativo,14,1.8,FALSE,FALSE,FALSE
927,2026-11-16,ui,FALSE,FALSE,negativo,56,1.7,FALSE,FALSE,FALSE
2376,2026-02-06,auth,FALSE,FALSE,negativo,176,15.3,FALSE,FALSE,FALSE
1873,2026-09-10,ui,FALSE,FALSE,negativo,37,7.5,FALSE,FALSE,FALSE
2331,2026-01-17,ui,FALSE,FALSE,positivo,40,99999,FALSE,FALSE,FALSE
557,2026-08-15,ui,FALSE,FALSE,negativo,164,9.3,FALSE,FALSE,FALSE
1753,2026-05-08,ui,FALSE,FALSE,negativo,134,7.1,TRUE,FALSE,FALSE
597,2026-01-14,auth,FALSE,FALSE,positivo,33,7.2,FALSE,FALSE,FALSE
2569,2026-03-21,auth,FALSE,FALSE,negativo,51,11.1,FALSE,FALSE,FALSE
447,2026-06-24,auth,FALSE,FALSE,negativo,32,11.2,FALSE,FALSE,FALSE
1098,2026-02-07,ui,FALSE,FALSE,negativo,37,11,FALSE,FALSE,FALSE
1706,2026-04-13,api,FALSE,FALSE,negativo,55,6,FALSE,FALSE,FALSE
1363,2026-07-25,ui,NA,FALSE,negativo,50,13.1,FALSE,FALSE,FALSE
1161,2026-12-09,auth,FALSE,FALSE,negativo,186,99999,TRUE,FALSE,FALSE
2230,2026-11-23,db,FALSE,FALSE,negativo,24,7.1,FALSE,FALSE,FALSE
2308,2026-06-07,api,FALSE,FALSE,negativo,83,3.8,FALSE,FALSE,FALSE
733,2026-07-06,auth,TRUE,TRUE,positivo,57,1.6,FALSE,FALSE,FALSE
607,2026-04-01,auth,FALSE,FALSE,negativo,137,1.6,FALSE,FALSE,FALSE
2437,2026-12-08,db,FALSE,FALSE,negativo,146,2,TRUE,FALSE,FALSE
932,2026-03-04,api,FALSE,FALSE,positivo,132,10,FALSE,FALSE,FALSE
1687,2026-07-10,auth,FALSE,FALSE,negativo,106,11.2,FALSE,FALSE,FALSE
813,2026-10-06,auth,FALSE,FALSE,negativo,114,4.9,FALSE,FALSE,FALSE
445,2026-12-18,ui,TRUE,FALSE,negativo,NA,6.7,FALSE,TRUE,FALSE
716,NA,ui,FALSE,FALSE,negativo,103,1.2,TRUE,FALSE,FALSE
770,2026-07-02,api,TRUE,TRUE,positivo,112,23.9,FALSE,FALSE,FALSE
1973,2026-02-15,api,FALSE,FALSE,negativo,67,4.3,FALSE,FALSE,FALSE
1744,2026-08-14,ui,FALSE,FALSE,negativo,331,2.1,FALSE,FALSE,FALSE
2412,2026-10-26,db,FALSE,FALSE,negativo,46,6.9,FALSE,FALSE,FALSE
319,2026-03-26,auth,FALSE,FALSE,negativo,61,10.5,FALSE,FALSE,FALSE
2143,2026-05-05,api,FALSE,FALSE,negativo,85,2.3,FALSE,FALSE,FALSE
2388,2026-02-06,api,FALSE,FALSE,negativo,99,4.8,FALSE,FALSE,FALSE
1184,2026-06-12,api,FALSE,FALSE,negativo,173,3.7,FALSE,FALSE,FALSE
2578,2026-12-01,db,FALSE,FALSE,NA,47,5.3,FALSE,FALSE,FALSE
580,2026-08-25,ui,FALSE,FALSE,negativo,49,33.2,FALSE,FALSE,FALSE
775,2026-07-03,db,FALSE,FALSE,negativo,17,2.1,FALSE,FALSE,FALSE
903,2026-12-01,db,TRUE,TRUE,positivo,72,11.3,FALSE,FALSE,FALSE
879,2026-09-20,api,FALSE,FALSE,negativo,29,3.5,FALSE,FALSE,FALSE
14,2026-10-03,auth,FALSE,FALSE,negativo,39,9.6,FALSE,FALSE,FALSE
1007,2026-10-21,ui,FALSE,FALSE,negativo,NA,3.2,FALSE,NA,FALSE
902,2026-01-01,api,FALSE,FALSE,negativo,86,2.8,FALSE,FALSE,FALSE
1656,NA,api,FALSE,FALSE,negativo,58,1,FALSE,FALSE,FALSE
1487,2026-04-02,ui,FALSE,FALSE,negativo,97,3.9,FALSE,FALSE,FALSE
1949,2026-01-27,auth,FALSE,FALSE,negativo,14,7.6,FALSE,FALSE,FALSE
1636,2026-08-14,ui,FALSE,FALSE,negativo,NA,2.8,FALSE,TRUE,FALSE
2531,2026-12-05,auth,FALSE,FALSE,negativo,36,10.7,FALSE,FALSE,FALSE
901,2026-06-01,auth,FALSE,FALSE,negativo,185,4.2,TRUE,FALSE,FALSE
1708,2026-07-09,api,FALSE,FALSE,negativo,123,2.8,FALSE,FALSE,FALSE
2464,2026-07-01,auth,FALSE,FALSE,negativo,40,10.8,FALSE,FALSE,FALSE
913,2026-02-16,auth,FALSE,FALSE,negativo,19,0.8,FALSE,FALSE,FALSE
875,2026-09-09,api,FALSE,FALSE,negativo,132,17.5,FALSE,FALSE,FALSE
2074,2026-12-08,api,FALSE,FALSE,negativo,24,6.7,FALSE,FALSE,FALSE
1314,2026-03-07,api,FALSE,FALSE,negativo,181,7.1,FALSE,FALSE,FALSE
2093,2026-12-09,auth,TRUE,FALSE,negativo,17,1.3,TRUE,FALSE,FALSE
1977,2026-08-01,api,FALSE,FALSE,negativo,80,1.5,FALSE,FALSE,FALSE
464,2026-05-09,ui,FALSE,FALSE,negativo,30,6,FALSE,FALSE,FALSE
1162,2026-12-15,api,FALSE,FALSE,negativo,311,4.2,FALSE,FALSE,FALSE
1730,NA,api,FALSE,FALSE,negativo,16,0.8,FALSE,FALSE,FALSE
951,2026-03-07,api,TRUE,TRUE,positivo,34,17.7,FALSE,FALSE,FALSE
2129,2026-07-28,ui,FALSE,FALSE,negativo,14,8.2,FALSE,FALSE,FALSE
2490,2026-10-14,auth,FALSE,FALSE,negativo,14,NA,FALSE,FALSE,NA
779,2026-10-20,auth,FALSE,FALSE,negativo,134,6.7,FALSE,FALSE,FALSE
2089,2026-02-03,auth,FALSE,FALSE,negativo,36,4.7,FALSE,FALSE,FALSE
2501,2026-12-17,db,FALSE,FALSE,negativo,76,3.5,FALSE,FALSE,FALSE
2541,2026-09-11,db,NA,FALSE,negativo,54,7.4,FALSE,FALSE,FALSE
1906,2026-10-22,ui,FALSE,FALSE,negativo,85,6.2,FALSE,FALSE,FALSE
443,2026-02-14,auth,FALSE,FALSE,negativo,117,4.4,FALSE,FALSE,FALSE
343,NA,db,FALSE,FALSE,positivo,67,3.9,FALSE,FALSE,FALSE
1342,2026-07-17,auth,FALSE,FALSE,negativo,57,2.5,FALSE,FALSE,FALSE
63,2026-02-04,auth,FALSE,FALSE,negativo,10,NA,FALSE,FALSE,TRUE
2517,2026-08-13,ui,FALSE,FALSE,negativo,19,8.1,FALSE,FALSE,FALSE
1420,NA,auth,FALSE,FALSE,negativo,40,NA,FALSE,FALSE,NA
379,2026-06-05,ui,FALSE,FALSE,negativo,475,3.4,FALSE,FALSE,FALSE
2014,2026-07-05,auth,FALSE,FALSE,negativo,56,4.3,FALSE,FALSE,FALSE
1838,2026-03-03,api,FALSE,FALSE,negativo,229,5.7,FALSE,FALSE,FALSE
1490,2026-01-25,auth,FALSE,FALSE,negativo,26,1,FALSE,FALSE,FALSE
1319,2026-10-09,auth,FALSE,FALSE,negativo,59,5,FALSE,FALSE,FALSE
1815,2026-03-22,auth,FALSE,FALSE,negativo,43,21.3,FALSE,FALSE,FALSE
598,2026-04-07,ui,FALSE,NA,negativo,147,6.9,FALSE,FALSE,FALSE
2290,2026-01-10,auth,FALSE,FALSE,negativo,123,0.5,FALSE,FALSE,FALSE
254,2026-10-13,auth,TRUE,TRUE,negativo,120,19.9,FALSE,FALSE,FALSE
2132,2026-09-21,db,FALSE,FALSE,negativo,95,5.3,FALSE,FALSE,FALSE
1129,NA,auth,FALSE,FALSE,positivo,358,9.2,FALSE,FALSE,FALSE
2042,2026-12-26,api,TRUE,FALSE,negativo,38,99999,FALSE,FALSE,FALSE
334,2026-09-10,api,FALSE,FALSE,negativo,387,11.7,FALSE,FALSE,FALSE
1795,2026-05-28,db,FALSE,FALSE,negativo,29,8.6,FALSE,FALSE,FALSE
361,2026-09-08,db,FALSE,FALSE,negativo,51,4.7,FALSE,FALSE,FALSE
1610,2026-03-23,db,FALSE,FALSE,negativo,64,5.8,TRUE,FALSE,FALSE
730,2026-02-15,db,FALSE,TRUE,negativo,133,23.7,FALSE,FALSE,FALSE
2384,2026-09-14,api,FALSE,FALSE,negativo,96,7.6,FALSE,FALSE,FALSE
156,2026-12-27,auth,FALSE,FALSE,negativo,54,5.6,FALSE,FALSE,FALSE
324,2026-03-03,db,TRUE,TRUE,positivo,96,12.9,FALSE,FALSE,FALSE
1274,2026-04-09,auth,NA,FALSE,negativo,96,6.4,FALSE,FALSE,FALSE
697,2026-12-25,db,FALSE,FALSE,negativo,36,7.9,FALSE,FALSE,FALSE
28,2026-05-12,api,FALSE,FALSE,negativo,38,3.9,FALSE,FALSE,FALSE
2021,2026-12-18,db,FALSE,FALSE,negativo,70,3.3,FALSE,FALSE,FALSE
1575,2026-04-19,ui,FALSE,FALSE,negativo,11,6.4,FALSE,FALSE,FALSE
594,2026-09-11,ui,FALSE,FALSE,negativo,86,5.6,FALSE,FALSE,FALSE
79,2026-03-03,ui,FALSE,NA,negativo,59,5.7,FALSE,FALSE,FALSE
695,2026-09-17,api,FALSE,FALSE,negativo,127,5.5,FALSE,FALSE,FALSE
2369,2026-06-26,ui,FALSE,FALSE,negativo,196,1.2,FALSE,FALSE,FALSE
2004,2026-11-17,auth,FALSE,FALSE,negativo,89,7,FALSE,FALSE,FALSE
2078,2026-07-27,ui,FALSE,FALSE,negativo,86,NA,TRUE,FALSE,TRUE
1366,2026-08-26,ui,FALSE,FALSE,negativo,132,17.2,FALSE,FALSE,FALSE
1700,2026-07-24,db,TRUE,FALSE,negativo,96,10.1,FALSE,FALSE,FALSE
240,2026-03-08,db,FALSE,FALSE,negativo,132,2.5,FALSE,FALSE,FALSE
2395,2026-11-18,db,FALSE,FALSE,negativo,37,5.8,FALSE,FALSE,FALSE
632,2026-05-27,auth,TRUE,TRUE,positivo,33,5.6,FALSE,FALSE,FALSE
481,NA,db,FALSE,FALSE,negativo,95,3.4,FALSE,FALSE,FALSE
1289,2026-09-09,ui,NA,FALSE,negativo,74,15.7,FALSE,FALSE,FALSE
936,2026-07-15,auth,FALSE,FALSE,positivo,122,5.8,FALSE,FALSE,FALSE
1558,2026-09-24,db,FALSE,FALSE,negativo,75,1.9,TRUE,FALSE,FALSE
792,2026-12-24,api,FALSE,FALSE,negativo,55,7.8,FALSE,FALSE,FALSE
1082,2026-09-03,db,TRUE,FALSE,negativo,38,2,TRUE,FALSE,FALSE
1244,2026-04-17,db,FALSE,FALSE,negativo,66,3.9,FALSE,FALSE,FALSE
264,2026-09-27,auth,FALSE,FALSE,negativo,24,7.7,FALSE,FALSE,FALSE
1979,2026-11-27,auth,FALSE,FALSE,negativo,220,3.3,FALSE,FALSE,FALSE
1112,2026-12-06,db,FALSE,FALSE,negativo,441,9.7,FALSE,FALSE,FALSE
22,NA,ui,FALSE,FALSE,negativo,44,0.4,FALSE,FALSE,FALSE
518,2026-11-07,auth,TRUE,FALSE,negativo,54,9.6,FALSE,FALSE,FALSE
2223,2026-06-21,auth,FALSE,FALSE,negativo,54,7.8,FALSE,FALSE,FALSE
1557,2026-10-23,db,TRUE,FALSE,negativo,196,5,FALSE,FALSE,FALSE
1475,2026-01-26,auth,FALSE,FALSE,negativo,96,3.9,FALSE,FALSE,FALSE
307,2026-11-02,api,TRUE,FALSE,negativo,20,4.3,FALSE,FALSE,FALSE
1585,2026-02-14,db,FALSE,FALSE,positivo,32,0.9,FALSE,FALSE,FALSE
2298,2026-06-23,ui,TRUE,TRUE,positivo,NA,9.9,FALSE,TRUE,FALSE
1176,2026-09-02,api,FALSE,FALSE,negativo,432,5,FALSE,FALSE,FALSE
1902,2026-01-03,db,NA,FALSE,negativo,NA,7,FALSE,NA,FALSE
1377,2026-06-08,auth,FALSE,FALSE,negativo,97,7.5,FALSE,FALSE,FALSE
1097,2026-01-14,api,FALSE,FALSE,negativo,46,7.2,TRUE,FALSE,FALSE
814,2026-04-20,auth,FALSE,FALSE,negativo,152,6.7,FALSE,FALSE,FALSE
166,2026-04-10,ui,FALSE,FALSE,negativo,64,9.5,FALSE,FALSE,FALSE
2259,2026-01-20,ui,FALSE,FALSE,negativo,199,6.4,FALSE,FALSE,FALSE
1609,2026-10-09,ui,FALSE,FALSE,negativo,33,NA,FALSE,FALSE,NA
1022,2026-02-11,auth,FALSE,FALSE,negativo,135,5.9,FALSE,FALSE,FALSE
1796,2026-01-11,auth,FALSE,FALSE,negativo,133,2.3,FALSE,FALSE,FALSE
2518,2026-11-16,ui,TRUE,TRUE,positivo,147,6.3,FALSE,FALSE,FALSE
774,2026-06-14,auth,TRUE,FALSE,negativo,41,2.3,FALSE,FALSE,FALSE
1941,2026-06-07,auth,FALSE,FALSE,negativo,10,8.1,FALSE,FALSE,FALSE
407,2026-04-25,db,FALSE,FALSE,negativo,31,4,TRUE,FALSE,FALSE
45,2026-02-04,db,FALSE,NA,negativo,247,4.4,FALSE,FALSE,FALSE
860,2026-03-28,api,FALSE,TRUE,positivo,328,10.3,FALSE,FALSE,FALSE
1921,2026-08-25,auth,FALSE,FALSE,negativo,117,5.1,FALSE,FALSE,FALSE
2201,2026-01-13,api,FALSE,FALSE,negativo,53,5,FALSE,FALSE,FALSE
275,NA,auth,TRUE,FALSE,negativo,36,8.3,FALSE,FALSE,FALSE
1920,2026-09-08,auth,FALSE,FALSE,negativo,104,4.5,FALSE,FALSE,FALSE
245,2026-04-23,ui,FALSE,FALSE,negativo,53,2.3,FALSE,FALSE,FALSE
265,2026-04-13,ui,FALSE,FALSE,negativo,55,7.9,FALSE,FALSE,FALSE
802,2026-03-18,api,FALSE,FALSE,negativo,206,5.7,FALSE,FALSE,FALSE
408,2026-06-06,ui,FALSE,FALSE,negativo,121,6.1,FALSE,FALSE,FALSE
2196,2026-12-21,api,FALSE,FALSE,negativo,91,11.8,FALSE,FALSE,FALSE
1970,2026-06-24,ui,FALSE,FALSE,negativo,34,11.1,FALSE,FALSE,FALSE
801,2026-06-25,auth,FALSE,FALSE,negativo,NA,4.1,FALSE,NA,FALSE
175,2026-04-23,auth,FALSE,FALSE,negativo,43,11.3,FALSE,FALSE,FALSE
2188,2026-08-24,api,FALSE,FALSE,negativo,18,1.9,FALSE,FALSE,FALSE
42,2026-07-13,api,FALSE,FALSE,negativo,59,4.3,FALSE,FALSE,FALSE
1423,2026-02-06,auth,TRUE,TRUE,positivo,39,15.5,FALSE,FALSE,FALSE
1076,2026-06-25,api,FALSE,FALSE,negativo,113,1,FALSE,FALSE,FALSE
155,2026-06-21,db,TRUE,FALSE,negativo,15,6.1,FALSE,FALSE,FALSE
1267,2026-12-13,auth,TRUE,TRUE,positivo,39,NA,FALSE,FALSE,NA
383,2026-06-19,ui,FALSE,FALSE,NA,59,6.4,FALSE,FALSE,FALSE
1026,2026-06-15,auth,FALSE,FALSE,negativo,63,2.7,FALSE,FALSE,FALSE
521,2026-07-16,api,FALSE,FALSE,negativo,80,1.8,FALSE,FALSE,FALSE
961,2026-12-02,db,FALSE,FALSE,negativo,17,10.3,FALSE,FALSE,FALSE
1850,2026-09-10,auth,FALSE,FALSE,negativo,153,5.2,FALSE,FALSE,FALSE
2008,2026-11-13,auth,FALSE,FALSE,positivo,131,16,FALSE,FALSE,FALSE
916,NA,api,FALSE,FALSE,negativo,51,4.7,FALSE,FALSE,FALSE
231,2026-10-17,auth,FALSE,FALSE,positivo,47,5.3,TRUE,FALSE,FALSE
1012,2026-08-18,ui,FALSE,FALSE,negativo,49,3,FALSE,FALSE,FALSE
800,2026-11-07,ui,FALSE,FALSE,positivo,105,5.3,FALSE,FALSE,FALSE
2195,2026-09-17,auth,TRUE,TRUE,positivo,21,20.4,FALSE,FALSE,FALSE
993,2026-09-10,api,TRUE,FALSE,negativo,71,5.1,TRUE,FALSE,FALSE
2538,2026-02-12,db,FALSE,FALSE,negativo,41,1.9,TRUE,FALSE,FALSE
2064,2026-02-21,api,FALSE,FALSE,negativo,17,5.3,FALSE,FALSE,FALSE
944,2026-11-11,api,FALSE,FALSE,negativo,116,2,FALSE,FALSE,FALSE
1578,NA,db,TRUE,TRUE,positivo,25,8.3,FALSE,FALSE,FALSE
673,2026-11-16,api,TRUE,FALSE,negativo,165,11.8,FALSE,FALSE,FALSE
1302,2026-12-27,auth,FALSE,FALSE,negativo,43,1.5,FALSE,FALSE,FALSE
1821,2026-01-03,ui,FALSE,FALSE,negativo,84,7.5,FALSE,FALSE,FALSE
2409,2026-04-07,ui,FALSE,FALSE,negativo,37,12.9,FALSE,FALSE,FALSE
1378,2026-07-11,db,FALSE,FALSE,negativo,186,5.3,FALSE,FALSE,FALSE
1316,2026-05-01,api,FALSE,FALSE,negativo,26,8,FALSE,FALSE,FALSE
2345,2026-06-17,auth,FALSE,FALSE,negativo,111,2.6,FALSE,FALSE,FALSE
1683,2026-10-14,auth,FALSE,FALSE,negativo,222,2.8,FALSE,FALSE,FALSE
534,2026-01-24,ui,FALSE,FALSE,positivo,132,6.7,FALSE,FALSE,FALSE
1124,2026-03-23,auth,FALSE,FALSE,negativo,35,4.6,FALSE,FALSE,FALSE
2120,2026-10-26,auth,TRUE,FALSE,negativo,151,5.2,FALSE,FALSE,FALSE
1254,NA,api,FALSE,FALSE,positivo,79,2.4,FALSE,FALSE,FALSE
145,2026-04-07,auth,FALSE,FALSE,negativo,19,11.2,FALSE,FALSE,FALSE
652,2026-06-10,auth,FALSE,FALSE,negativo,135,6.8,FALSE,FALSE,FALSE
2146,2026-01-09,auth,FALSE,FALSE,negativo,206,8.8,FALSE,FALSE,FALSE
268,2026-02-21,api,FALSE,FALSE,negativo,228,99999,FALSE,FALSE,FALSE
1658,2026-05-22,api,TRUE,FALSE,positivo,74,3.4,FALSE,FALSE,FALSE
1345,2026-09-08,api,FALSE,FALSE,negativo,85,8.6,FALSE,FALSE,FALSE
2270,2026-04-13,api,FALSE,FALSE,negativo,36,NA,FALSE,FALSE,NA
1684,2026-11-20,auth,FALSE,FALSE,negativo,31,1.5,FALSE,FALSE,FALSE
1447,NA,ui,FALSE,FALSE,negativo,18,10.5,FALSE,FALSE,FALSE
2056,2026-06-21,db,TRUE,FALSE,negativo,42,9.7,FALSE,FALSE,FALSE
649,2026-02-27,api,FALSE,FALSE,negativo,62,3.2,FALSE,FALSE,FALSE
822,2026-11-25,ui,FALSE,FALSE,negativo,26,11.1,FALSE,FALSE,FALSE
1505,2026-08-27,db,FALSE,FALSE,negativo,54,10,FALSE,FALSE,FALSE
741,2026-11-13,auth,FALSE,FALSE,negativo,11,2.8,FALSE,FALSE,FALSE
2106,NA,auth,FALSE,FALSE,negativo,23,6,FALSE,FALSE,FALSE
1290,2026-12-08,db,FALSE,FALSE,negativo,24,3.2,FALSE,FALSE,FALSE
1880,2026-01-19,auth,FALSE,FALSE,negativo,62,3.4,FALSE,FALSE,FALSE
469,2026-12-24,api,FALSE,FALSE,negativo,49,8.3,FALSE,FALSE,FALSE
1954,2026-07-23,db,FALSE,FALSE,negativo,23,12.2,FALSE,FALSE,FALSE
17,2026-02-24,db,FALSE,FALSE,negativo,17,7,TRUE,FALSE,FALSE
2478,2026-02-10,db,FALSE,FALSE,NA,39,99999,FALSE,FALSE,FALSE
987,2026-05-24,api,TRUE,FALSE,negativo,89,NA,FALSE,FALSE,NA
1698,2026-11-13,db,FALSE,FALSE,negativo,54,9.1,FALSE,FALSE,FALSE
1236,2026-01-09,api,FALSE,FALSE,negativo,48,4.3,FALSE,FALSE,FALSE
1407,2026-04-12,ui,FALSE,FALSE,negativo,86,6.7,FALSE,FALSE,FALSE
2141,2026-11-02,auth,FALSE,FALSE,negativo,NA,NA,TRUE,TRUE,NA
1045,2026-02-19,ui,FALSE,FALSE,negativo,11,NA,FALSE,FALSE,TRUE
2111,2026-11-03,db,TRUE,FALSE,negativo,30,23.6,FALSE,FALSE,FALSE
428,2026-06-24,db,FALSE,FALSE,negativo,180,3.7,FALSE,FALSE,FALSE
2246,2026-11-05,db,FALSE,FALSE,negativo,58,14,FALSE,FALSE,FALSE
1106,2026-02-07,api,FALSE,FALSE,negativo,41,2.8,FALSE,FALSE,FALSE
66,2026-05-12,api,FALSE,FALSE,negativo,102,5.9,FALSE,FALSE,FALSE
2048,2026-01-20,ui,FALSE,FALSE,negativo,226,99999,FALSE,FALSE,FALSE
1592,2026-08-27,ui,FALSE,FALSE,negativo,54,6.1,FALSE,FALSE,FALSE
563,2026-12-24,api,FALSE,FALSE,negativo,47,5.5,FALSE,FALSE,FALSE
2232,2026-03-27,ui,FALSE,FALSE,negativo,89,3,FALSE,FALSE,FALSE
309,2026-02-16,api,FALSE,FALSE,negativo,114,NA,FALSE,FALSE,NA
127,2026-11-25,db,FALSE,FALSE,negativo,75,2.7,FALSE,FALSE,FALSE
54,2026-10-23,api,FALSE,FALSE,negativo,25,2.7,FALSE,FALSE,FALSE
1300,2026-01-28,api,FALSE,NA,negativo,142,10.2,FALSE,FALSE,FALSE
1826,2026-04-28,auth,FALSE,FALSE,negativo,78,3.4,FALSE,FALSE,FALSE
941,2026-04-19,auth,FALSE,FALSE,negativo,28,9.2,TRUE,FALSE,FALSE
2054,2026-09-12,auth,FALSE,FALSE,negativo,23,1.6,FALSE,FALSE,FALSE
662,2026-12-05,auth,FALSE,FALSE,negativo,36,3.1,FALSE,FALSE,FALSE
2091,2026-01-03,ui,FALSE,FALSE,negativo,115,4.7,FALSE,FALSE,FALSE
2135,2026-12-20,api,FALSE,FALSE,negativo,19,3.2,FALSE,FALSE,FALSE
2145,2026-08-11,db,FALSE,NA,negativo,42,2.2,FALSE,FALSE,FALSE
709,2026-10-04,auth,FALSE,FALSE,negativo,24,8.6,FALSE,FALSE,FALSE
1581,2026-07-09,auth,FALSE,FALSE,negativo,83,6.1,FALSE,FALSE,FALSE
1309,2026-05-16,ui,FALSE,NA,positivo,84,1.6,FALSE,FALSE,FALSE
351,2026-04-13,auth,FALSE,FALSE,negativo,24,0.8,FALSE,FALSE,FALSE
253,2026-11-13,api,TRUE,FALSE,negativo,26,NA,FALSE,FALSE,NA
24,2026-11-01,db,FALSE,FALSE,negativo,96,14.6,FALSE,FALSE,FALSE
1046,2026-08-03,db,FALSE,NA,negativo,152,1.6,FALSE,FALSE,FALSE
461,2026-07-02,api,FALSE,FALSE,negativo,104,11.4,FALSE,FALSE,FALSE
2136,2026-10-23,auth,FALSE,FALSE,negativo,25,2.5,FALSE,FALSE,FALSE
185,2026-10-27,ui,FALSE,FALSE,negativo,33,7.8,FALSE,FALSE,FALSE
2589,2026-01-06,api,TRUE,FALSE,negativo,150,13.3,FALSE,FALSE,FALSE
919,2026-06-19,db,FALSE,FALSE,negativo,33,3.7,FALSE,FALSE,FALSE
528,2026-05-16,ui,FALSE,NA,negativo,213,1.7,FALSE,FALSE,FALSE
612,2026-12-18,api,FALSE,FALSE,negativo,68,5.1,FALSE,FALSE,FALSE
267,2026-09-10,api,FALSE,FALSE,negativo,40,1.1,FALSE,FALSE,FALSE
83,2026-01-02,db,FALSE,FALSE,negativo,608,3,FALSE,FALSE,FALSE
1917,2026-04-07,ui,FALSE,FALSE,negativo,27,18.5,FALSE,FALSE,FALSE
608,2026-08-06,api,FALSE,FALSE,negativo,21,4.1,FALSE,FALSE,FALSE
2335,2026-03-14,ui,FALSE,FALSE,negativo,71,5.2,FALSE,FALSE,FALSE
2023,2026-11-08,ui,FALSE,FALSE,negativo,58,6.2,FALSE,FALSE,FALSE
2460,2026-05-27,auth,NA,FALSE,negativo,182,5.4,FALSE,FALSE,FALSE
1518,2026-11-01,db,FALSE,FALSE,negativo,163,6.1,FALSE,FALSE,FALSE
990,2026-01-24,auth,FALSE,FALSE,negativo,104,1.4,FALSE,FALSE,FALSE
313,2026-10-07,auth,FALSE,FALSE,negativo,168,12.9,FALSE,FALSE,FALSE
40,2026-10-11,api,FALSE,FALSE,negativo,207,2.6,FALSE,FALSE,FALSE
853,2026-11-14,api,FALSE,FALSE,negativo,55,7.3,FALSE,FALSE,FALSE
1357,2026-03-09,auth,FALSE,FALSE,negativo,39,99999,FALSE,FALSE,FALSE
60,2026-10-02,api,NA,FALSE,negativo,124,6.2,FALSE,FALSE,FALSE
1847,2026-11-16,db,TRUE,TRUE,positivo,32,8.8,FALSE,FALSE,FALSE
1862,2026-10-28,db,FALSE,FALSE,negativo,63,5.8,FALSE,FALSE,FALSE
1852,2026-10-27,auth,TRUE,FALSE,negativo,26,8.7,FALSE,FALSE,FALSE
592,2026-01-13,db,TRUE,TRUE,positivo,25,18.3,FALSE,FALSE,FALSE
57,2026-06-07,api,FALSE,FALSE,negativo,62,2.1,FALSE,FALSE,FALSE
1341,2026-02-25,api,FALSE,FALSE,negativo,19,5.4,FALSE,FALSE,FALSE
2167,2026-06-24,db,FALSE,FALSE,negativo,98,3.7,FALSE,FALSE,FALSE
2016,2026-10-13,api,FALSE,FALSE,negativo,12,9.9,FALSE,FALSE,FALSE
1911,2026-11-17,auth,TRUE,FALSE,negativo,365,2.8,FALSE,FALSE,FALSE
58,2026-05-02,db,FALSE,FALSE,negativo,131,8.1,FALSE,FALSE,FALSE
2285,2026-10-10,db,FALSE,FALSE,negativo,20,9.4,FALSE,FALSE,FALSE
38,NA,db,FALSE,FALSE,negativo,69,4.2,FALSE,FALSE,FALSE
713,2026-06-19,auth,TRUE,FALSE,negativo,136,5.1,FALSE,FALSE,FALSE
2019,2026-10-04,auth,FALSE,FALSE,negativo,434,5,FALSE,FALSE,FALSE
1418,2026-07-10,ui,TRUE,FALSE,negativo,105,3.7,FALSE,FALSE,FALSE
1283,2026-02-16,auth,TRUE,FALSE,negativo,13,5.9,FALSE,FALSE,FALSE
1729,2026-04-18,db,FALSE,FALSE,negativo,79,5.3,FALSE,FALSE,FALSE
956,2026-01-09,auth,TRUE,FALSE,negativo,37,2,FALSE,FALSE,FALSE
2289,2026-01-09,auth,FALSE,FALSE,negativo,79,4.4,FALSE,FALSE,FALSE
116,2026-10-19,auth,FALSE,FALSE,negativo,36,8.5,FALSE,FALSE,FALSE
2455,2026-07-24,ui,FALSE,FALSE,negativo,17,13.4,FALSE,FALSE,FALSE
539,2026-09-04,api,FALSE,FALSE,negativo,238,1,FALSE,FALSE,FALSE
1384,NA,api,FALSE,FALSE,NA,179,1.8,FALSE,FALSE,FALSE
1665,NA,api,NA,FALSE,negativo,86,4.2,FALSE,FALSE,FALSE
270,2026-12-11,auth,FALSE,FALSE,negativo,11,13.7,FALSE,FALSE,FALSE
978,2026-05-09,api,FALSE,FALSE,negativo,35,0.5,FALSE,FALSE,FALSE
2251,2026-09-10,db,FALSE,FALSE,negativo,64,8.8,FALSE,FALSE,FALSE
158,2026-07-11,db,FALSE,FALSE,negativo,94,2.7,FALSE,FALSE,FALSE
1780,2026-12-08,api,FALSE,FALSE,negativo,71,1.9,FALSE,FALSE,FALSE
1598,NA,auth,NA,FALSE,negativo,30,6.2,FALSE,FALSE,FALSE
1720,2026-02-25,auth,FALSE,FALSE,negativo,95,6.4,FALSE,FALSE,FALSE
187,2026-11-22,ui,FALSE,FALSE,negativo,60,6.5,FALSE,FALSE,FALSE
759,2026-02-23,auth,FALSE,FALSE,negativo,95,5.8,FALSE,FALSE,FALSE
768,2026-11-01,api,FALSE,FALSE,negativo,NA,3.3,FALSE,TRUE,FALSE
2423,2026-12-07,auth,FALSE,NA,negativo,51,3.4,FALSE,FALSE,FALSE
1432,2026-05-20,auth,NA,FALSE,negativo,39,4.8,FALSE,FALSE,FALSE
168,2026-04-20,ui,FALSE,FALSE,negativo,23,3.3,FALSE,FALSE,FALSE
271,2026-10-17,auth,FALSE,FALSE,negativo,32,4.2,FALSE,FALSE,FALSE
1034,2026-07-26,db,FALSE,FALSE,negativo,158,3.2,FALSE,FALSE,FALSE
1638,2026-10-02,api,FALSE,FALSE,negativo,163,6,FALSE,FALSE,FALSE
1719,2026-08-17,db,FALSE,NA,negativo,14,0.1,FALSE,FALSE,FALSE
335,2026-08-07,auth,FALSE,FALSE,negativo,24,10.9,FALSE,FALSE,FALSE
1846,2026-11-07,api,FALSE,FALSE,negativo,133,NA,FALSE,FALSE,NA
2401,2026-02-01,auth,FALSE,FALSE,negativo,78,2.8,FALSE,FALSE,FALSE
2060,2026-12-27,ui,FALSE,FALSE,negativo,NA,0.7,FALSE,NA,FALSE
147,2026-01-20,db,TRUE,TRUE,positivo,81,21.8,FALSE,FALSE,FALSE
510,2026-08-25,db,FALSE,FALSE,negativo,83,8.6,FALSE,FALSE,FALSE
295,2026-09-06,auth,FALSE,FALSE,negativo,96,0.9,FALSE,FALSE,FALSE
1645,2026-02-23,api,FALSE,FALSE,negativo,46,3.6,FALSE,FALSE,FALSE
1054,2026-02-25,auth,FALSE,FALSE,negativo,51,17.7,FALSE,FALSE,FALSE
2043,2026-08-10,auth,FALSE,FALSE,negativo,62,1.6,FALSE,FALSE,FALSE
437,2026-01-15,api,FALSE,FALSE,negativo,59,4.3,FALSE,FALSE,FALSE
771,2026-02-27,auth,FALSE,FALSE,negativo,10,5.2,FALSE,FALSE,FALSE
199,2026-05-10,api,FALSE,FALSE,negativo,26,6.4,FALSE,FALSE,FALSE
2584,2026-11-09,api,FALSE,FALSE,negativo,55,6,FALSE,FALSE,FALSE
2532,NA,auth,FALSE,FALSE,positivo,20,6.1,FALSE,FALSE,FALSE
672,2026-12-01,auth,FALSE,FALSE,negativo,13,1.6,FALSE,FALSE,FALSE
803,2026-08-25,api,FALSE,FALSE,negativo,NA,7.2,FALSE,TRUE,FALSE
1845,2026-03-25,auth,FALSE,FALSE,negativo,23,1.2,FALSE,FALSE,FALSE
476,2026-08-13,api,FALSE,FALSE,negativo,50,1.6,FALSE,FALSE,FALSE
999,2026-01-08,api,FALSE,FALSE,negativo,73,8.2,FALSE,FALSE,FALSE
2326,2026-01-19,auth,FALSE,NA,positivo,37,6.9,FALSE,FALSE,FALSE
1141,2026-04-05,api,TRUE,TRUE,positivo,37,4.9,FALSE,FALSE,FALSE
2082,2026-06-28,api,FALSE,FALSE,negativo,30,5.8,FALSE,FALSE,FALSE
463,2026-04-28,auth,FALSE,FALSE,negativo,93,0.6,FALSE,FALSE,FALSE
500,NA,auth,FALSE,FALSE,negativo,56,6.9,FALSE,FALSE,FALSE
1697,2026-11-10,db,TRUE,FALSE,negativo,28,1.8,FALSE,FALSE,FALSE
681,2026-07-02,db,FALSE,FALSE,negativo,16,3.9,FALSE,FALSE,FALSE
2316,2026-10-04,api,FALSE,FALSE,negativo,41,1.2,FALSE,FALSE,FALSE
366,2026-08-06,api,FALSE,FALSE,negativo,172,8.8,FALSE,FALSE,FALSE
1739,2026-08-13,auth,NA,FALSE,negativo,69,1.2,FALSE,FALSE,FALSE
1950,2026-05-17,auth,FALSE,FALSE,negativo,36,4.5,FALSE,FALSE,FALSE
2487,2026-07-22,db,FALSE,FALSE,negativo,NA,99999,FALSE,TRUE,FALSE
1810,2026-09-21,ui,FALSE,FALSE,negativo,47,4.8,FALSE,FALSE,FALSE
1185,2026-07-04,auth,FALSE,FALSE,negativo,17,5.1,FALSE,FALSE,FALSE
2263,2026-03-13,db,FALSE,FALSE,negativo,86,9.6,FALSE,FALSE,FALSE
2556,2026-05-07,db,FALSE,FALSE,negativo,33,1.1,FALSE,FALSE,FALSE
1980,2026-08-27,auth,FALSE,FALSE,negativo,19,1.8,FALSE,FALSE,FALSE
867,2026-04-14,api,FALSE,FALSE,negativo,24,2.2,FALSE,FALSE,FALSE
882,2026-10-12,api,FALSE,FALSE,negativo,248,9.2,FALSE,FALSE,FALSE
153,2026-05-05,auth,FALSE,FALSE,negativo,33,10,TRUE,FALSE,FALSE
1999,2026-07-08,db,FALSE,FALSE,negativo,51,2.7,FALSE,FALSE,FALSE
760,2026-02-13,db,FALSE,FALSE,negativo,31,2.3,TRUE,FALSE,FALSE
845,2026-02-15,auth,FALSE,FALSE,negativo,NA,5.7,FALSE,NA,FALSE
2480,2026-04-16,db,TRUE,TRUE,positivo,399,12.1,FALSE,FALSE,FALSE
751,2026-07-10,db,FALSE,FALSE,negativo,11,2.3,FALSE,FALSE,FALSE
2506,2026-02-09,api,FALSE,FALSE,negativo,50,11.2,FALSE,FALSE,FALSE
1844,2026-07-08,auth,FALSE,FALSE,NA,59,12.5,FALSE,FALSE,FALSE
949,2026-07-09,db,FALSE,FALSE,negativo,131,2.6,FALSE,FALSE,FALSE
2509,2026-09-22,auth,FALSE,FALSE,negativo,47,4.1,FALSE,FALSE,FALSE
1851,2026-05-12,auth,FALSE,FALSE,negativo,148,2.5,TRUE,FALSE,FALSE
1390,2026-10-05,db,FALSE,FALSE,negativo,95,8,FALSE,FALSE,FALSE
2247,2026-02-03,api,FALSE,FALSE,negativo,121,1.3,FALSE,FALSE,FALSE
635,2026-04-10,db,FALSE,FALSE,negativo,59,18.2,FALSE,FALSE,FALSE
1749,NA,api,FALSE,FALSE,negativo,56,1.3,FALSE,FALSE,FALSE
946,2026-07-12,db,FALSE,FALSE,negativo,48,8,FALSE,FALSE,FALSE
1370,2026-04-27,db,FALSE,FALSE,negativo,27,4.4,FALSE,FALSE,FALSE
1648,2026-07-26,db,FALSE,FALSE,negativo,61,5.1,FALSE,FALSE,FALSE
1037,2026-11-17,auth,FALSE,FALSE,positivo,94,2.6,FALSE,FALSE,FALSE
2192,2026-06-17,ui,NA,FALSE,negativo,211,99999,FALSE,FALSE,FALSE
883,2026-06-14,api,FALSE,FALSE,positivo,NA,15.5,TRUE,NA,FALSE
1670,2026-02-22,ui,FALSE,FALSE,negativo,29,4.9,FALSE,FALSE,FALSE
2191,2026-12-19,auth,FALSE,FALSE,negativo,29,4.3,FALSE,FALSE,FALSE
2321,2026-07-14,api,FALSE,FALSE,NA,118,5.9,FALSE,FALSE,FALSE
2470,2026-08-23,api,FALSE,FALSE,negativo,29,9.8,FALSE,FALSE,FALSE
340,2026-08-22,auth,FALSE,FALSE,negativo,37,9.6,FALSE,FALSE,FALSE
210,2026-01-09,auth,FALSE,FALSE,positivo,51,12.5,FALSE,FALSE,FALSE
511,2026-01-05,db,FALSE,FALSE,negativo,50,7.2,FALSE,FALSE,FALSE
2483,2026-04-25,auth,FALSE,FALSE,negativo,12,9.2,FALSE,FALSE,FALSE
251,2026-09-20,auth,FALSE,FALSE,negativo,117,16.4,TRUE,FALSE,FALSE
2240,2026-11-11,api,FALSE,FALSE,negativo,82,4.2,FALSE,FALSE,FALSE
2528,2026-01-17,auth,FALSE,FALSE,negativo,16,3.4,FALSE,FALSE,FALSE
196,2026-10-09,db,FALSE,FALSE,negativo,64,2.9,FALSE,FALSE,FALSE
212,2026-09-01,api,FALSE,FALSE,negativo,28,8.9,FALSE,FALSE,FALSE
390,2026-04-14,ui,FALSE,FALSE,negativo,39,11.3,FALSE,FALSE,FALSE
2554,2026-02-09,api,FALSE,FALSE,negativo,106,10.5,FALSE,FALSE,FALSE
1478,2026-10-28,auth,NA,FALSE,negativo,91,8.4,FALSE,FALSE,FALSE
1984,2026-04-22,api,FALSE,FALSE,negativo,133,3.9,FALSE,FALSE,FALSE
2045,2026-09-14,ui,FALSE,FALSE,negativo,69,0.3,FALSE,FALSE,FALSE
349,2026-01-23,api,FALSE,FALSE,negativo,60,1.8,FALSE,FALSE,FALSE
2150,2026-03-19,auth,FALSE,FALSE,negativo,304,9.7,FALSE,FALSE,FALSE
688,2026-10-06,ui,FALSE,FALSE,negativo,54,4,FALSE,FALSE,FALSE
378,2026-02-08,auth,TRUE,TRUE,positivo,17,11.7,FALSE,FALSE,FALSE
1963,2026-01-25,auth,TRUE,FALSE,positivo,300,10.8,FALSE,FALSE,FALSE
1777,2026-12-01,auth,FALSE,FALSE,negativo,27,8.2,FALSE,FALSE,FALSE
541,2026-01-11,ui,FALSE,FALSE,negativo,37,0.8,FALSE,FALSE,FALSE
1090,2026-04-22,api,FALSE,FALSE,negativo,192,7.5,FALSE,FALSE,FALSE
384,2026-05-22,ui,FALSE,FALSE,negativo,36,8.5,FALSE,FALSE,FALSE
2366,2026-07-13,api,TRUE,FALSE,negativo,4,6,FALSE,FALSE,FALSE
2076,2026-08-02,db,FALSE,FALSE,negativo,100,11.3,FALSE,FALSE,FALSE
1177,2026-08-11,auth,FALSE,FALSE,positivo,31,2.7,FALSE,FALSE,FALSE
2370,2026-12-17,api,FALSE,FALSE,negativo,60,2,FALSE,FALSE,FALSE
182,2026-03-28,db,NA,TRUE,positivo,149,11.1,FALSE,FALSE,FALSE
1905,2026-08-04,auth,FALSE,FALSE,negativo,110,2.7,FALSE,FALSE,FALSE
595,2026-08-20,db,FALSE,FALSE,negativo,215,0.9,FALSE,FALSE,FALSE
194,2026-09-23,api,FALSE,FALSE,negativo,68,9.3,FALSE,FALSE,FALSE
1604,2026-08-01,api,FALSE,FALSE,negativo,28,2.7,FALSE,FALSE,FALSE
427,2026-04-24,api,FALSE,FALSE,negativo,33,6.5,FALSE,FALSE,FALSE
2139,2026-01-01,auth,FALSE,FALSE,negativo,61,3.4,FALSE,FALSE,FALSE
1515,2026-09-15,auth,FALSE,FALSE,negativo,19,3.4,FALSE,FALSE,FALSE
1523,2026-06-08,auth,FALSE,FALSE,negativo,73,2.5,FALSE,FALSE,FALSE
551,2026-06-08,auth,FALSE,FALSE,negativo,185,9.1,FALSE,FALSE,FALSE
148,2026-02-14,api,TRUE,TRUE,positivo,180,23.7,FALSE,FALSE,FALSE
519,2026-10-24,api,FALSE,FALSE,negativo,135,4.7,FALSE,FALSE,FALSE
2453,2026-04-15,api,FALSE,FALSE,negativo,34,2.9,FALSE,FALSE,FALSE
200,2026-02-19,auth,FALSE,FALSE,positivo,48,6,FALSE,FALSE,FALSE
197,2026-10-21,auth,FALSE,FALSE,negativo,14,4,FALSE,FALSE,FALSE
808,2026-02-21,db,FALSE,FALSE,negativo,38,5,FALSE,FALSE,FALSE
905,2026-04-20,api,TRUE,FALSE,NA,106,6.7,FALSE,FALSE,FALSE
889,2026-07-25,auth,FALSE,FALSE,negativo,95,9.6,FALSE,FALSE,FALSE
1110,2026-08-25,api,FALSE,FALSE,negativo,62,3.3,FALSE,FALSE,FALSE
1822,2026-12-28,db,FALSE,FALSE,negativo,27,4.9,FALSE,FALSE,FALSE
1483,2026-09-24,api,FALSE,FALSE,negativo,121,1,FALSE,FALSE,FALSE
2363,2026-11-03,auth,FALSE,FALSE,negativo,54,3.6,FALSE,FALSE,FALSE
2030,2026-06-02,auth,FALSE,FALSE,negativo,138,NA,FALSE,FALSE,NA
806,2026-04-08,api,FALSE,FALSE,negativo,138,3.9,FALSE,FALSE,FALSE
1107,2026-11-17,api,FALSE,NA,negativo,34,6.8,TRUE,FALSE,FALSE
890,2026-02-27,api,FALSE,FALSE,positivo,238,5.1,FALSE,FALSE,FALSE
530,2026-11-16,ui,FALSE,FALSE,negativo,347,8.8,TRUE,FALSE,FALSE
934,2026-12-20,auth,FALSE,FALSE,negativo,27,2.4,FALSE,FALSE,FALSE
1380,2026-12-21,db,FALSE,FALSE,negativo,264,NA,FALSE,FALSE,TRUE
358,2026-12-26,auth,NA,FALSE,positivo,16,2.8,FALSE,FALSE,FALSE
2214,NA,auth,FALSE,FALSE,negativo,50,1.9,FALSE,FALSE,FALSE
1059,2026-06-08,api,FALSE,FALSE,negativo,135,2.7,FALSE,FALSE,FALSE
2485,2026-01-26,ui,FALSE,FALSE,negativo,115,6.3,FALSE,FALSE,FALSE
227,2026-04-18,api,FALSE,FALSE,negativo,69,1.7,FALSE,FALSE,FALSE
2075,2026-04-09,auth,FALSE,FALSE,negativo,15,4.9,FALSE,FALSE,FALSE
84,2026-04-07,auth,FALSE,FALSE,negativo,77,12.2,FALSE,FALSE,FALSE
1307,NA,api,TRUE,FALSE,negativo,148,4.8,FALSE,FALSE,FALSE
1449,2026-04-06,auth,FALSE,FALSE,negativo,25,15,FALSE,FALSE,FALSE
760,2026-02-13,db,FALSE,FALSE,negativo,31,2.3,TRUE,FALSE,FALSE
1767,2026-06-14,api,FALSE,FALSE,negativo,191,4.4,FALSE,FALSE,FALSE
474,2026-04-03,ui,FALSE,FALSE,negativo,180,2.1,FALSE,FALSE,FALSE
1295,2026-05-24,auth,FALSE,FALSE,positivo,85,NA,FALSE,FALSE,TRUE
2511,2026-12-14,db,FALSE,FALSE,negativo,161,99999,FALSE,FALSE,FALSE
2593,2026-12-05,api,FALSE,FALSE,positivo,17,3,FALSE,FALSE,FALSE
323,NA,ui,FALSE,FALSE,negativo,NA,NA,FALSE,TRUE,NA
2529,2026-05-02,api,FALSE,FALSE,negativo,97,10,FALSE,FALSE,FALSE
337,2026-07-23,api,FALSE,FALSE,negativo,106,19.5,FALSE,FALSE,FALSE
1179,2026-05-11,auth,FALSE,FALSE,negativo,59,2.5,FALSE,FALSE,FALSE
2207,2026-01-05,db,FALSE,FALSE,negativo,104,1.9,FALSE,FALSE,FALSE
2429,2026-06-23,auth,FALSE,NA,negativo,50,4.6,FALSE,FALSE,FALSE
2152,2026-08-12,api,FALSE,FALSE,negativo,71,7.9,FALSE,FALSE,FALSE
1613,2026-07-27,ui,FALSE,FALSE,negativo,81,6.8,FALSE,FALSE,FALSE
1383,2026-12-27,db,FALSE,FALSE,negativo,160,2.8,FALSE,FALSE,FALSE
895,2026-07-15,auth,FALSE,FALSE,negativo,34,NA,FALSE,FALSE,NA
1804,2026-02-07,auth,FALSE,FALSE,negativo,21,12.6,FALSE,FALSE,FALSE
108,2026-03-06,db,FALSE,FALSE,negativo,86,15.4,FALSE,FALSE,FALSE
1933,2026-01-27,api,FALSE,FALSE,negativo,262,11.3,FALSE,FALSE,FALSE
914,2026-09-19,db,FALSE,FALSE,negativo,NA,13.4,FALSE,TRUE,FALSE
1519,NA,api,FALSE,FALSE,negativo,114,12.6,FALSE,FALSE,FALSE
611,2026-10-03,db,FALSE,FALSE,negativo,32,3.8,FALSE,FALSE,FALSE
1477,2026-02-05,auth,FALSE,FALSE,negativo,36,10.7,FALSE,FALSE,FALSE
520,2026-05-21,ui,FALSE,FALSE,positivo,328,3.2,FALSE,FALSE,FALSE
387,2026-08-17,api,NA,FALSE,negativo,32,4.6,FALSE,FALSE,FALSE
1488,2026-07-22,auth,FALSE,NA,negativo,221,6.8,FALSE,FALSE,FALSE
1087,2026-04-26,auth,FALSE,NA,negativo,NA,2.5,FALSE,TRUE,FALSE
1816,2026-06-02,auth,FALSE,FALSE,negativo,36,5.5,FALSE,FALSE,FALSE
396,2026-08-11,auth,FALSE,FALSE,negativo,22,1.5,FALSE,FALSE,FALSE
1564,2026-08-03,auth,FALSE,FALSE,negativo,19,7.7,FALSE,FALSE,FALSE
2371,2026-03-09,ui,FALSE,FALSE,negativo,95,4.7,FALSE,FALSE,FALSE
465,2026-02-01,auth,FALSE,FALSE,negativo,90,14.2,FALSE,FALSE,FALSE
2588,2026-02-25,auth,FALSE,FALSE,negativo,75,8.8,FALSE,FALSE,FALSE
2001,2026-04-12,auth,FALSE,FALSE,negativo,55,11.1,FALSE,FALSE,FALSE
2572,2026-04-01,db,FALSE,FALSE,negativo,47,10.3,FALSE,FALSE,FALSE
1452,2026-10-13,api,FALSE,FALSE,negativo,54,11,FALSE,FALSE,FALSE
1224,2026-07-22,auth,FALSE,FALSE,negativo,43,5.6,FALSE,FALSE,FALSE
1263,2026-01-18,db,TRUE,TRUE,positivo,70,10,FALSE,FALSE,FALSE
1196,2026-07-04,ui,FALSE,FALSE,negativo,282,3.6,FALSE,FALSE,FALSE
2310,2026-08-11,api,NA,FALSE,negativo,132,2.6,FALSE,FALSE,FALSE
693,2026-11-27,ui,NA,FALSE,negativo,23,11.5,FALSE,FALSE,FALSE
657,2026-06-27,ui,FALSE,FALSE,negativo,91,6.2,FALSE,FALSE,FALSE
2505,2026-11-26,ui,FALSE,FALSE,negativo,382,6.4,TRUE,FALSE,FALSE
2438,2026-08-17,auth,FALSE,FALSE,negativo,44,5.1,FALSE,FALSE,FALSE
2024,2026-12-12,ui,FALSE,FALSE,negativo,13,1.3,FALSE,FALSE,FALSE
2053,2026-10-18,auth,FALSE,FALSE,negativo,58,10.9,FALSE,FALSE,FALSE
735,2026-11-07,db,FALSE,FALSE,negativo,103,4.1,FALSE,FALSE,FALSE
2437,2026-12-08,db,FALSE,FALSE,negativo,146,2,TRUE,FALSE,FALSE
2313,2026-06-27,auth,FALSE,FALSE,negativo,83,7.6,FALSE,FALSE,FALSE
266,2026-03-12,api,FALSE,FALSE,negativo,232,0.7,FALSE,FALSE,FALSE
312,2026-11-06,db,FALSE,FALSE,negativo,10,8,FALSE,FALSE,FALSE
2022,2026-06-11,ui,FALSE,FALSE,positivo,161,8.5,FALSE,FALSE,FALSE
2250,2026-11-08,auth,FALSE,FALSE,negativo,64,6.2,FALSE,FALSE,FALSE
711,2026-05-09,db,FALSE,FALSE,negativo,63,2.9,FALSE,FALSE,FALSE
107,2026-08-08,auth,FALSE,FALSE,positivo,27,14.7,FALSE,FALSE,FALSE
1565,2026-01-15,auth,FALSE,FALSE,negativo,NA,8.2,FALSE,TRUE,FALSE
1006,2026-08-03,auth,TRUE,FALSE,negativo,105,6.6,FALSE,FALSE,FALSE
2178,2026-01-28,db,FALSE,FALSE,negativo,112,7.7,FALSE,FALSE,FALSE
1201,2026-01-09,api,FALSE,FALSE,positivo,518,12,FALSE,FALSE,FALSE
321,2026-03-08,api,FALSE,FALSE,negativo,44,2.1,FALSE,FALSE,FALSE
2186,2026-02-11,auth,FALSE,NA,negativo,NA,10.9,FALSE,TRUE,FALSE
2242,2026-07-06,auth,FALSE,FALSE,negativo,47,1.5,FALSE,FALSE,FALSE
829,2026-01-13,auth,FALSE,FALSE,NA,148,2.5,FALSE,FALSE,FALSE
2377,2026-01-03,auth,FALSE,FALSE,negativo,283,1.7,FALSE,FALSE,FALSE
225,2026-12-12,auth,FALSE,FALSE,negativo,46,7.5,FALSE,FALSE,FALSE
277,2026-04-01,auth,TRUE,FALSE,negativo,10,3.9,FALSE,FALSE,FALSE
129,2026-07-13,api,FALSE,FALSE,negativo,116,7.2,FALSE,FALSE,FALSE
2492,2026-12-05,ui,FALSE,FALSE,negativo,307,2.6,FALSE,FALSE,FALSE
522,2026-11-25,auth,FALSE,FALSE,negativo,26,4.3,FALSE,FALSE,FALSE
1445,2026-02-23,api,TRUE,TRUE,positivo,236,NA,FALSE,FALSE,NA
1671,2026-02-24,api,FALSE,FALSE,negativo,85,4,FALSE,FALSE,FALSE
1678,2026-04-22,auth,FALSE,FALSE,negativo,499,99999,FALSE,FALSE,FALSE
430,2026-11-11,db,FALSE,FALSE,negativo,118,12.5,FALSE,FALSE,FALSE
1183,2026-10-16,ui,FALSE,FALSE,positivo,279,7.7,TRUE,FALSE,FALSE
2294,2026-06-26,ui,FALSE,FALSE,negativo,97,7,FALSE,FALSE,FALSE
2318,2026-09-25,auth,FALSE,FALSE,negativo,27,NA,FALSE,FALSE,NA
1249,2026-10-27,ui,FALSE,FALSE,negativo,41,4.7,FALSE,FALSE,FALSE
10,2026-04-10,auth,FALSE,FALSE,negativo,29,6.2,TRUE,FALSE,FALSE
675,2026-06-09,auth,FALSE,FALSE,negativo,176,0.8,FALSE,FALSE,FALSE
2148,2026-12-13,db,FALSE,FALSE,negativo,14,3,FALSE,FALSE,FALSE
1808,2026-07-17,auth,FALSE,FALSE,negativo,35,1.8,FALSE,FALSE,FALSE
478,2026-01-24,auth,FALSE,FALSE,negativo,12,4.7,FALSE,FALSE,FALSE
1458,2026-02-12,api,TRUE,NA,negativo,74,0.9,FALSE,FALSE,FALSE
1842,2026-10-13,auth,NA,FALSE,negativo,65,9.7,FALSE,FALSE,FALSE
1715,2026-06-22,auth,FALSE,FALSE,negativo,8,11.8,FALSE,FALSE,FALSE
745,2026-09-14,db,FALSE,FALSE,negativo,13,9.4,FALSE,FALSE,FALSE
41,2026-12-23,auth,FALSE,FALSE,NA,44,7.9,FALSE,FALSE,FALSE
1029,2026-05-07,db,FALSE,FALSE,negativo,145,8.6,FALSE,FALSE,FALSE
2,2026-02-07,ui,FALSE,FALSE,negativo,34,10.7,FALSE,FALSE,FALSE
2084,2026-04-24,api,FALSE,FALSE,negativo,54,2,FALSE,FALSE,FALSE
1160,2026-05-21,ui,FALSE,FALSE,negativo,35,1.2,FALSE,FALSE,FALSE
2403,2026-02-21,api,FALSE,FALSE,negativo,171,2.5,FALSE,FALSE,FALSE
599,2026-03-18,db,FALSE,FALSE,negativo,10,4.1,FALSE,FALSE,FALSE
1360,2026-04-06,auth,FALSE,FALSE,negativo,56,5.7,FALSE,FALSE,FALSE
2130,2026-01-13,auth,FALSE,FALSE,negativo,78,NA,FALSE,FALSE,TRUE
1430,2026-06-28,api,FALSE,FALSE,negativo,204,4.4,FALSE,FALSE,FALSE
2394,2026-12-01,api,TRUE,FALSE,negativo,38,3.9,FALSE,FALSE,FALSE
1857,2026-03-20,auth,FALSE,FALSE,negativo,36,0.9,FALSE,FALSE,FALSE
2160,2026-09-12,api,NA,FALSE,negativo,NA,4.4,FALSE,TRUE,FALSE
376,2026-06-07,auth,FALSE,FALSE,negativo,56,6.5,FALSE,FALSE,FALSE
2560,2026-09-10,ui,FALSE,FALSE,negativo,13,9,FALSE,FALSE,FALSE
480,2026-02-04,api,FALSE,FALSE,negativo,128,2.8,FALSE,FALSE,FALSE
1699,2026-07-05,auth,FALSE,FALSE,negativo,38,4.2,FALSE,FALSE,FALSE
515,2026-01-01,auth,FALSE,FALSE,negativo,49,6.6,FALSE,FALSE,FALSE
2400,2026-09-24,auth,TRUE,TRUE,positivo,281,5.9,FALSE,FALSE,FALSE
1067,2026-11-04,api,FALSE,FALSE,negativo,25,3.7,FALSE,FALSE,FALSE
926,2026-12-18,api,FALSE,FALSE,negativo,181,2.4,FALSE,FALSE,FALSE
2399,2026-05-28,auth,FALSE,FALSE,negativo,7,2.8,FALSE,FALSE,FALSE
2277,2026-05-24,db,FALSE,FALSE,negativo,144,99999,FALSE,FALSE,FALSE
1318,2026-06-05,api,FALSE,NA,negativo,69,2.9,FALSE,FALSE,FALSE
1462,2026-11-27,auth,FALSE,FALSE,negativo,91,4.2,FALSE,FALSE,FALSE
2068,2026-04-07,api,TRUE,FALSE,negativo,166,2.4,FALSE,FALSE,FALSE
1169,2026-02-08,auth,FALSE,FALSE,negativo,85,5.4,FALSE,FALSE,FALSE
1047,2026-08-08,api,FALSE,FALSE,negativo,123,3.9,FALSE,FALSE,FALSE
1972,2026-08-25,auth,FALSE,FALSE,negativo,169,5.7,TRUE,FALSE,FALSE
1130,2026-06-10,api,FALSE,FALSE,negativo,32,1.4,FALSE,FALSE,FALSE
1365,2026-08-08,api,NA,FALSE,negativo,50,4,FALSE,FALSE,FALSE
887,2026-08-03,db,TRUE,FALSE,negativo,30,1.9,FALSE,FALSE,FALSE
1722,2026-03-28,api,FALSE,FALSE,negativo,8,6,FALSE,FALSE,FALSE
1617,2026-07-02,api,FALSE,FALSE,negativo,65,6.3,FALSE,FALSE,FALSE
282,2026-11-05,auth,FALSE,FALSE,negativo,23,3.1,FALSE,FALSE,FALSE
1726,2026-06-12,db,FALSE,FALSE,negativo,51,5.9,FALSE,FALSE,FALSE
1794,2026-04-08,auth,FALSE,FALSE,negativo,126,9.6,FALSE,FALSE,FALSE
1285,2026-06-22,ui,FALSE,FALSE,negativo,65,8.2,FALSE,FALSE,FALSE
2341,2026-10-20,api,FALSE,FALSE,negativo,88,4.2,FALSE,FALSE,FALSE
380,2026-03-17,api,TRUE,FALSE,negativo,44,3.8,FALSE,FALSE,FALSE
1103,2026-08-07,db,FALSE,FALSE,NA,215,2.2,FALSE,FALSE,FALSE
1165,2026-06-13,auth,TRUE,FALSE,negativo,17,5.2,FALSE,FALSE,FALSE
972,2026-02-06,db,FALSE,FALSE,negativo,84,2.1,FALSE,FALSE,FALSE
2122,2026-02-24,auth,FALSE,FALSE,negativo,19,8.5,FALSE,FALSE,FALSE
1241,2026-11-22,auth,FALSE,FALSE,negativo,187,23.8,FALSE,FALSE,FALSE
2570,2026-05-22,db,FALSE,FALSE,negativo,49,3.3,FALSE,FALSE,FALSE
1910,2026-05-10,api,FALSE,FALSE,negativo,136,99999,FALSE,FALSE,FALSE
1928,2026-01-22,auth,FALSE,FALSE,negativo,116,3.1,FALSE,FALSE,FALSE
2508,2026-07-06,db,TRUE,FALSE,negativo,277,3.7,FALSE,FALSE,FALSE
707,2026-12-16,auth,FALSE,FALSE,positivo,34,1.4,FALSE,FALSE,FALSE
2547,2026-12-13,auth,TRUE,FALSE,negativo,18,99999,FALSE,FALSE,FALSE
1137,2026-02-09,api,TRUE,TRUE,positivo,119,11.3,FALSE,FALSE,FALSE
935,2026-01-06,api,FALSE,FALSE,negativo,42,2.6,FALSE,FALSE,FALSE
871,2026-01-03,ui,FALSE,FALSE,negativo,100,15.4,FALSE,FALSE,FALSE
184,2026-09-13,ui,FALSE,FALSE,negativo,88,2.7,FALSE,FALSE,FALSE
90,2026-10-23,db,FALSE,TRUE,positivo,74,14.1,FALSE,FALSE,FALSE
1711,2026-05-10,api,FALSE,FALSE,negativo,117,7.1,FALSE,FALSE,FALSE
1927,2026-12-22,api,FALSE,FALSE,negativo,108,10.3,FALSE,FALSE,FALSE
192,NA,db,FALSE,FALSE,negativo,55,2.1,FALSE,FALSE,FALSE
143,2026-05-21,auth,FALSE,FALSE,negativo,16,2.3,FALSE,FALSE,FALSE
1874,2026-07-10,auth,FALSE,NA,negativo,20,3.5,FALSE,FALSE,FALSE
804,2026-04-10,api,FALSE,FALSE,negativo,80,5.9,FALSE,FALSE,FALSE
1682,2026-12-03,api,FALSE,TRUE,positivo,19,9.9,FALSE,FALSE,FALSE
864,2026-12-09,ui,FALSE,FALSE,negativo,113,7.7,FALSE,FALSE,FALSE
367,2026-10-15,auth,FALSE,FALSE,negativo,48,5.7,FALSE,FALSE,FALSE
615,2026-04-01,api,TRUE,FALSE,negativo,26,5.1,FALSE,FALSE,FALSE
1406,2026-12-22,auth,FALSE,FALSE,positivo,55,NA,FALSE,FALSE,TRUE
375,2026-05-14,db,FALSE,FALSE,negativo,24,4.4,FALSE,FALSE,FALSE
269,2026-07-05,api,FALSE,FALSE,negativo,11,5.6,FALSE,FALSE,FALSE
2209,2026-10-14,api,FALSE,FALSE,negativo,131,0.9,FALSE,FALSE,FALSE
1174,2026-03-05,api,FALSE,FALSE,negativo,43,14.3,FALSE,FALSE,FALSE
1629,2026-12-02,api,FALSE,FALSE,negativo,283,1.4,FALSE,FALSE,FALSE
436,2026-10-25,api,FALSE,FALSE,positivo,28,2.7,FALSE,FALSE,FALSE
1765,2026-08-20,api,TRUE,FALSE,negativo,45,8.3,FALSE,FALSE,FALSE
1969,2026-01-05,db,FALSE,TRUE,positivo,124,18.8,FALSE,FALSE,FALSE
344,2026-05-05,ui,FALSE,FALSE,negativo,62,9.5,FALSE,FALSE,FALSE
2445,2026-10-21,api,FALSE,FALSE,negativo,77,4.3,FALSE,FALSE,FALSE
252,2026-11-12,db,NA,FALSE,negativo,5,10.3,FALSE,FALSE,FALSE
928,2026-06-11,auth,FALSE,FALSE,negativo,47,2.6,FALSE,FALSE,FALSE
2217,2026-04-27,auth,FALSE,FALSE,negativo,85,1.8,FALSE,FALSE,FALSE
2454,2026-11-04,auth,FALSE,FALSE,negativo,66,1.8,FALSE,FALSE,FALSE
1265,2026-05-24,db,TRUE,TRUE,positivo,17,10,FALSE,FALSE,FALSE
120,2026-09-15,auth,FALSE,FALSE,negativo,29,1.8,FALSE,FALSE,FALSE
1503,2026-09-12,db,FALSE,FALSE,negativo,72,2.8,FALSE,FALSE,FALSE
963,2026-10-15,ui,FALSE,FALSE,negativo,598,4.9,FALSE,FALSE,FALSE
1250,2026-10-28,db,FALSE,FALSE,negativo,77,6.7,FALSE,FALSE,FALSE
764,2026-03-16,auth,FALSE,FALSE,negativo,284,1.7,FALSE,FALSE,FALSE
2035,2026-05-25,api,FALSE,FALSE,NA,62,11.4,FALSE,FALSE,FALSE
87,2026-01-03,db,FALSE,FALSE,negativo,324,1.8,FALSE,FALSE,FALSE
2211,2026-09-24,db,FALSE,FALSE,positivo,233,3,FALSE,FALSE,FALSE
2256,2026-03-12,auth,FALSE,FALSE,negativo,18,6.7,FALSE,FALSE,FALSE
1465,2026-11-09,auth,FALSE,FALSE,negativo,75,0.3,FALSE,FALSE,FALSE
173,2026-10-16,db,FALSE,FALSE,negativo,106,11.2,FALSE,FALSE,FALSE
1633,2026-07-01,auth,FALSE,FALSE,negativo,213,3.9,FALSE,FALSE,FALSE
2231,2026-10-28,api,FALSE,FALSE,negativo,95,12.8,FALSE,FALSE,FALSE
1686,2026-03-19,auth,FALSE,FALSE,negativo,153,6.8,FALSE,FALSE,FALSE
1216,2026-01-04,db,FALSE,FALSE,negativo,99,13.1,FALSE,FALSE,FALSE
2355,2026-07-20,auth,TRUE,FALSE,negativo,6,3,FALSE,FALSE,FALSE
769,2026-05-26,ui,TRUE,FALSE,negativo,35,5.9,FALSE,FALSE,FALSE
1119,2026-10-17,api,FALSE,FALSE,negativo,152,0.9,FALSE,FALSE,FALSE
2010,2026-06-03,api,FALSE,FALSE,negativo,139,3.3,FALSE,FALSE,FALSE
442,2026-02-04,auth,FALSE,FALSE,negativo,220,12.5,FALSE,FALSE,FALSE
2164,2026-10-24,db,FALSE,FALSE,negativo,23,4.2,FALSE,FALSE,FALSE
2269,2026-04-27,ui,FALSE,FALSE,negativo,214,99999,FALSE,FALSE,FALSE
1086,2026-03-04,db,FALSE,FALSE,negativo,16,5.8,FALSE,FALSE,FALSE
2441,2026-02-02,api,FALSE,FALSE,negativo,87,1,FALSE,FALSE,FALSE
886,2026-04-10,auth,TRUE,FALSE,negativo,21,5.6,FALSE,FALSE,FALSE
778,2026-05-08,db,FALSE,FALSE,negativo,112,6.2,FALSE,FALSE,FALSE
18,2026-09-13,api,FALSE,FALSE,negativo,62,2,FALSE,FALSE,FALSE
917,2026-06-12,api,TRUE,TRUE,positivo,131,13,TRUE,FALSE,FALSE
206,2026-10-04,db,FALSE,FALSE,negativo,204,6.4,FALSE,FALSE,FALSE
1456,2026-04-13,ui,FALSE,FALSE,negativo,19,9.5,FALSE,FALSE,FALSE
791,2026-07-26,api,FALSE,FALSE,negativo,59,10.5,FALSE,FALSE,FALSE
870,2026-06-14,api,FALSE,FALSE,negativo,12,2.4,FALSE,FALSE,FALSE
1499,2026-02-15,auth,FALSE,FALSE,negativo,15,0.2,FALSE,FALSE,FALSE
1145,2026-02-11,db,FALSE,FALSE,negativo,32,NA,FALSE,FALSE,NA
1428,2026-12-15,db,FALSE,FALSE,negativo,242,4.2,FALSE,FALSE,FALSE
293,2026-09-14,api,FALSE,FALSE,negativo,17,8.3,FALSE,FALSE,FALSE
2278,2026-12-11,db,FALSE,FALSE,positivo,124,6.1,FALSE,FALSE,FALSE
2389,2026-06-10,ui,FALSE,FALSE,negativo,8,6.4,FALSE,FALSE,FALSE
1985,2026-03-24,auth,FALSE,FALSE,positivo,59,6.1,FALSE,FALSE,FALSE
834,2026-02-17,auth,FALSE,FALSE,negativo,185,3.3,FALSE,FALSE,FALSE
570,2026-02-28,auth,FALSE,FALSE,negativo,634,7.9,FALSE,FALSE,FALSE
2257,2026-09-24,ui,FALSE,FALSE,negativo,34,12.2,FALSE,FALSE,FALSE
1332,2026-10-09,api,FALSE,FALSE,negativo,211,10,FALSE,FALSE,FALSE
1286,2026-06-11,auth,FALSE,NA,negativo,82,8.5,FALSE,FALSE,FALSE
2559,2026-01-22,db,FALSE,FALSE,negativo,36,9.2,FALSE,FALSE,FALSE
630,2026-02-19,api,FALSE,FALSE,negativo,164,2,FALSE,FALSE,FALSE
506,2026-01-04,auth,FALSE,FALSE,negativo,24,10.6,FALSE,FALSE,FALSE
1020,NA,api,FALSE,FALSE,negativo,64,10.9,FALSE,FALSE,FALSE
286,2026-06-24,auth,FALSE,FALSE,negativo,95,3.6,FALSE,FALSE,FALSE
993,2026-09-10,api,TRUE,FALSE,negativo,71,5.1,TRUE,FALSE,FALSE
2337,2026-06-23,api,FALSE,FALSE,negativo,103,7,FALSE,FALSE,FALSE
1667,2026-02-23,auth,FALSE,FALSE,negativo,130,99999,FALSE,FALSE,FALSE
1457,2026-07-26,api,TRUE,FALSE,negativo,105,5.2,FALSE,FALSE,FALSE
562,2026-09-03,db,FALSE,FALSE,negativo,29,8,FALSE,FALSE,FALSE
1508,2026-04-19,db,TRUE,TRUE,positivo,14,19.6,FALSE,FALSE,FALSE
917,2026-06-12,api,TRUE,TRUE,positivo,131,13,TRUE,FALSE,FALSE
1960,2026-02-07,auth,FALSE,FALSE,negativo,53,3.4,FALSE,FALSE,FALSE
1622,2026-04-13,db,FALSE,FALSE,negativo,137,4.4,FALSE,FALSE,FALSE
644,2026-03-11,auth,FALSE,FALSE,negativo,51,4.2,FALSE,FALSE,FALSE
1474,2026-03-17,api,FALSE,FALSE,positivo,40,11.3,FALSE,FALSE,FALSE
1485,2026-10-16,api,FALSE,FALSE,negativo,101,10,FALSE,FALSE,FALSE
1654,2026-06-26,ui,FALSE,FALSE,negativo,40,14.8,FALSE,FALSE,FALSE
2185,2026-10-18,api,FALSE,FALSE,negativo,95,3.7,FALSE,FALSE,FALSE
2379,2026-01-09,api,FALSE,FALSE,negativo,123,2.8,TRUE,FALSE,FALSE
2253,2026-01-12,api,FALSE,FALSE,negativo,25,6.3,FALSE,FALSE,FALSE
1068,2026-06-12,ui,FALSE,FALSE,negativo,210,5.6,FALSE,FALSE,FALSE
561,2026-08-08,db,FALSE,FALSE,negativo,80,3,FALSE,FALSE,FALSE
667,2026-08-08,db,FALSE,FALSE,positivo,40,4.2,FALSE,FALSE,FALSE
2481,2026-03-26,auth,FALSE,FALSE,positivo,201,3.5,FALSE,FALSE,FALSE
1496,2026-07-20,auth,TRUE,FALSE,negativo,85,3.4,FALSE,FALSE,FALSE
2112,2026-04-24,ui,FALSE,FALSE,negativo,115,4.8,TRUE,FALSE,FALSE
1343,2026-09-21,ui,TRUE,FALSE,negativo,18,10.2,FALSE,FALSE,FALSE
969,NA,api,FALSE,FALSE,negativo,70,2.7,FALSE,FALSE,FALSE
2334,2026-07-02,auth,FALSE,FALSE,negativo,74,8.9,FALSE,FALSE,FALSE
1136,2026-11-22,db,TRUE,TRUE,positivo,29,11.7,FALSE,FALSE,FALSE
1498,2026-09-11,api,TRUE,FALSE,negativo,60,6.1,FALSE,FALSE,FALSE
1401,2026-12-23,api,FALSE,FALSE,negativo,43,3,TRUE,FALSE,FALSE
692,2026-07-28,ui,FALSE,FALSE,negativo,85,6.7,FALSE,FALSE,FALSE
2446,2026-04-05,db,TRUE,TRUE,positivo,43,35.9,FALSE,FALSE,FALSE
2260,2026-10-06,api,FALSE,FALSE,positivo,12,3.3,FALSE,FALSE,FALSE
1813,2026-07-10,auth,FALSE,FALSE,negativo,111,NA,FALSE,FALSE,NA
1015,2026-07-03,ui,FALSE,FALSE,negativo,133,5.8,FALSE,FALSE,FALSE
819,2026-08-06,auth,FALSE,FALSE,negativo,217,5,FALSE,FALSE,FALSE
908,2026-10-13,auth,FALSE,FALSE,negativo,111,9.8,FALSE,FALSE,FALSE
1775,2026-04-17,auth,FALSE,NA,negativo,88,7.1,FALSE,FALSE,FALSE
485,2026-08-12,api,FALSE,FALSE,negativo,153,5.3,FALSE,FALSE,FALSE
982,2026-10-02,auth,FALSE,FALSE,negativo,334,3.8,FALSE,FALSE,FALSE
1512,2026-11-28,api,FALSE,FALSE,negativo,121,2.7,FALSE,FALSE,FALSE
1863,2026-08-23,ui,FALSE,FALSE,negativo,30,9.3,FALSE,FALSE,FALSE
64,2026-10-28,api,FALSE,FALSE,negativo,179,6.5,FALSE,FALSE,FALSE
279,2026-05-03,api,FALSE,NA,negativo,176,11.2,FALSE,FALSE,FALSE
2349,2026-05-07,api,FALSE,FALSE,negativo,104,5.9,FALSE,FALSE,FALSE
2028,2026-01-05,ui,FALSE,FALSE,negativo,166,4.1,FALSE,FALSE,FALSE
2226,2026-05-15,db,FALSE,FALSE,negativo,46,1.8,FALSE,FALSE,FALSE
2170,2026-04-22,ui,FALSE,FALSE,negativo,215,11.9,FALSE,FALSE,FALSE
2224,2026-11-13,ui,FALSE,NA,negativo,45,7,FALSE,FALSE,FALSE
2058,2026-11-28,api,FALSE,FALSE,negativo,24,6.7,FALSE,FALSE,FALSE
1987,2026-06-04,api,FALSE,FALSE,negativo,102,9.9,FALSE,FALSE,FALSE
1429,2026-06-07,auth,FALSE,FALSE,negativo,51,19.6,FALSE,FALSE,FALSE
1253,2026-11-22,auth,FALSE,FALSE,negativo,10,6.9,FALSE,FALSE,FALSE
1583,2026-08-14,auth,FALSE,FALSE,negativo,44,6.7,FALSE,FALSE,FALSE
1742,2026-12-17,ui,FALSE,FALSE,negativo,65,3.3,FALSE,FALSE,FALSE
1298,2026-12-13,api,FALSE,FALSE,negativo,125,12.5,FALSE,FALSE,FALSE
2474,2026-09-15,db,FALSE,FALSE,negativo,62,2.7,FALSE,FALSE,FALSE
696,2026-11-23,auth,FALSE,FALSE,negativo,34,10.1,FALSE,FALSE,FALSE
1135,2026-07-24,auth,FALSE,FALSE,negativo,NA,1.1,FALSE,TRUE,FALSE
2258,2026-08-13,auth,FALSE,FALSE,negativo,25,3.4,FALSE,FALSE,FALSE
1414,NA,ui,TRUE,FALSE,negativo,65,15.9,FALSE,FALSE,FALSE
986,2026-07-25,auth,FALSE,FALSE,negativo,53,1.6,FALSE,FALSE,FALSE
1576,2026-05-15,auth,FALSE,FALSE,negativo,65,0.5,FALSE,FALSE,FALSE
2104,2026-02-01,ui,FALSE,FALSE,positivo,53,1.8,TRUE,FALSE,FALSE
2293,2026-06-22,auth,FALSE,FALSE,negativo,30,0.8,FALSE,FALSE,FALSE
352,2026-08-21,api,NA,FALSE,negativo,208,5.2,FALSE,FALSE,FALSE
2303,2026-08-25,db,FALSE,FALSE,negativo,NA,NA,FALSE,NA,NA
5,2026-08-19,db,FALSE,FALSE,negativo,62,6.6,FALSE,FALSE,FALSE
1326,2026-07-07,auth,TRUE,FALSE,negativo,83,2.5,FALSE,FALSE,FALSE
1356,2026-11-22,db,FALSE,FALSE,negativo,122,9.3,FALSE,FALSE,FALSE
232,2026-01-23,auth,FALSE,FALSE,negativo,26,6.3,FALSE,FALSE,FALSE
1116,2026-06-11,auth,FALSE,FALSE,negativo,171,NA,FALSE,FALSE,NA
386,2026-07-17,api,FALSE,FALSE,negativo,29,5.6,FALSE,FALSE,FALSE
1454,2026-02-09,auth,FALSE,FALSE,negativo,40,1,FALSE,FALSE,FALSE
2561,2026-08-14,auth,FALSE,FALSE,negativo,80,NA,FALSE,FALSE,TRUE
2375,2026-10-26,api,FALSE,FALSE,positivo,47,1.9,FALSE,FALSE,FALSE
918,2026-10-26,auth,TRUE,FALSE,negativo,45,2.2,FALSE,FALSE,FALSE
2332,2026-08-23,api,FALSE,FALSE,negativo,57,2.4,TRUE,FALSE,FALSE
91,2026-05-26,db,FALSE,FALSE,negativo,8,6.9,FALSE,FALSE,FALSE
1027,2026-03-14,api,FALSE,FALSE,negativo,93,2.4,FALSE,FALSE,FALSE
2545,2026-07-15,auth,NA,FALSE,negativo,NA,8.4,FALSE,TRUE,FALSE
2382,2026-06-21,api,TRUE,TRUE,positivo,348,12.8,TRUE,FALSE,FALSE
1736,2026-08-15,auth,FALSE,FALSE,negativo,114,13.4,FALSE,FALSE,FALSE
394,2026-07-11,api,FALSE,FALSE,negativo,232,6.6,FALSE,FALSE,FALSE
564,2026-01-05,db,NA,FALSE,negativo,201,0.6,FALSE,FALSE,FALSE
1616,2026-11-05,api,FALSE,NA,negativo,208,5.4,TRUE,FALSE,FALSE
289,2026-04-17,ui,FALSE,FALSE,negativo,159,5.5,FALSE,FALSE,FALSE
962,2026-08-10,api,FALSE,FALSE,negativo,37,9.1,TRUE,FALSE,FALSE
974,2026-04-01,api,FALSE,FALSE,negativo,132,3,FALSE,FALSE,FALSE
39,NA,db,TRUE,TRUE,positivo,NA,5,FALSE,TRUE,FALSE
434,2026-11-03,api,FALSE,FALSE,negativo,112,10.4,FALSE,FALSE,FALSE
2117,2026-09-18,auth,TRUE,FALSE,negativo,401,10.3,FALSE,FALSE,FALSE
535,2026-08-15,auth,TRUE,FALSE,negativo,55,1.9,FALSE,FALSE,FALSE
501,2026-08-25,auth,FALSE,FALSE,negativo,5,0.5,FALSE,FALSE,FALSE
1014,2026-11-23,auth,FALSE,FALSE,negativo,190,2.6,FALSE,FALSE,FALSE
150,2026-09-12,auth,FALSE,FALSE,negativo,308,3.6,FALSE,FALSE,FALSE
115,2026-05-25,db,TRUE,TRUE,positivo,NA,9,FALSE,TRUE,FALSE
2296,2026-08-04,api,FALSE,FALSE,positivo,103,21.1,FALSE,FALSE,FALSE
178,2026-04-28,api,FALSE,FALSE,negativo,116,9.2,FALSE,FALSE,FALSE
1233,2026-06-08,auth,FALSE,FALSE,negativo,96,7.4,FALSE,FALSE,FALSE
261,2026-10-25,api,FALSE,FALSE,negativo,25,12.8,FALSE,FALSE,FALSE
421,2026-07-25,api,FALSE,FALSE,negativo,49,2.9,FALSE,FALSE,FALSE
2073,2026-05-10,ui,FALSE,FALSE,negativo,94,2.3,FALSE,FALSE,FALSE
1781,2026-10-23,db,FALSE,FALSE,negativo,121,23.1,FALSE,FALSE,FALSE
128,2026-07-01,ui,FALSE,FALSE,negativo,64,7.7,FALSE,FALSE,FALSE
722,2026-02-05,auth,FALSE,FALSE,negativo,275,2.9,FALSE,FALSE,FALSE
1381,2026-07-25,db,FALSE,FALSE,negativo,28,1.4,FALSE,FALSE,FALSE
103,2026-10-09,api,FALSE,FALSE,negativo,32,2.7,FALSE,FALSE,FALSE
2486,NA,auth,FALSE,FALSE,positivo,337,3.4,FALSE,FALSE,FALSE
911,2026-07-13,api,FALSE,FALSE,negativo,79,8.7,FALSE,FALSE,FALSE
477,2026-01-17,api,FALSE,FALSE,negativo,22,1.8,FALSE,FALSE,FALSE
1416,2026-02-09,db,TRUE,FALSE,negativo,170,1,FALSE,FALSE,FALSE
2495,2026-09-12,auth,FALSE,FALSE,negativo,75,2.2,FALSE,FALSE,FALSE
2229,2026-02-16,auth,TRUE,FALSE,negativo,19,1,FALSE,FALSE,FALSE
671,2026-04-23,ui,FALSE,FALSE,negativo,63,3.9,TRUE,FALSE,FALSE
1060,2026-03-04,api,NA,FALSE,negativo,12,3,FALSE,FALSE,FALSE
1545,2026-09-01,db,FALSE,TRUE,positivo,288,46.5,FALSE,FALSE,FALSE
2368,NA,auth,FALSE,FALSE,negativo,14,8.4,FALSE,FALSE,FALSE
2592,2026-03-13,ui,FALSE,FALSE,negativo,207,15.5,FALSE,FALSE,FALSE
831,2026-10-16,auth,FALSE,FALSE,negativo,12,1.1,FALSE,FALSE,FALSE
1125,2026-12-06,auth,FALSE,FALSE,negativo,494,18.6,FALSE,FALSE,FALSE
2322,2026-12-06,auth,FALSE,FALSE,negativo,110,3.4,FALSE,FALSE,FALSE
900,2026-10-14,ui,FALSE,FALSE,negativo,27,NA,FALSE,FALSE,TRUE
1139,2026-01-26,api,FALSE,FALSE,positivo,56,2.2,TRUE,FALSE,FALSE
2340,2026-10-05,auth,TRUE,FALSE,negativo,187,5.1,FALSE,FALSE,FALSE
1932,2026-03-14,auth,FALSE,FALSE,negativo,109,2.5,FALSE,FALSE,FALSE
420,2026-09-01,auth,FALSE,FALSE,negativo,329,4.6,FALSE,FALSE,FALSE
1602,2026-03-03,db,FALSE,FALSE,negativo,36,1.7,FALSE,FALSE,FALSE
723,2026-05-25,db,FALSE,FALSE,negativo,89,5.7,FALSE,FALSE,FALSE
1893,2026-12-17,ui,FALSE,FALSE,positivo,138,7.8,FALSE,FALSE,FALSE
924,2026-10-24,db,FALSE,FALSE,negativo,23,2.3,FALSE,FALSE,FALSE
1421,2026-09-15,api,FALSE,FALSE,negativo,30,8.2,FALSE,FALSE,FALSE
1379,2026-01-23,api,FALSE,FALSE,negativo,22,6.6,FALSE,FALSE,FALSE
552,2026-04-14,api,TRUE,TRUE,positivo,173,99999,FALSE,FALSE,FALSE
1760,2026-12-02,ui,FALSE,FALSE,positivo,25,10,FALSE,FALSE,FALSE
2539,2026-03-16,db,FALSE,FALSE,negativo,169,7.8,FALSE,FALSE,FALSE
1368,2026-12-23,ui,FALSE,FALSE,negativo,260,6.4,FALSE,FALSE,FALSE
2473,2026-01-13,auth,FALSE,FALSE,negativo,79,1.4,FALSE,FALSE,FALSE
2521,2026-01-20,api,FALSE,FALSE,negativo,56,6.4,FALSE,FALSE,FALSE
2482,2026-06-23,auth,FALSE,FALSE,negativo,122,15.5,FALSE,FALSE,FALSE
1404,2026-02-18,ui,FALSE,NA,negativo,40,2.4,FALSE,FALSE,FALSE
412,2026-01-13,api,TRUE,TRUE,positivo,31,30.1,FALSE,FALSE,FALSE
25,2026-12-08,ui,FALSE,FALSE,positivo,144,2.2,FALSE,FALSE,FALSE
826,2026-10-03,db,FALSE,FALSE,negativo,127,15.8,FALSE,FALSE,FALSE
1533,2026-10-13,db,FALSE,FALSE,negativo,24,5.5,FALSE,FALSE,FALSE
1246,2026-03-01,api,FALSE,FALSE,negativo,126,10.6,FALSE,FALSE,FALSE
1851,2026-05-12,auth,FALSE,FALSE,negativo,148,2.5,TRUE,FALSE,FALSE
1776,2026-08-03,auth,FALSE,FALSE,negativo,44,4.6,FALSE,FALSE,FALSE
537,2026-04-09,auth,FALSE,FALSE,negativo,24,2.1,FALSE,FALSE,FALSE
1745,2026-06-04,ui,FALSE,FALSE,negativo,86,99999,FALSE,FALSE,FALSE
2241,2026-02-24,ui,FALSE,FALSE,negativo,46,5.8,FALSE,FALSE,FALSE
516,2026-01-11,api,FALSE,FALSE,negativo,76,3.8,FALSE,FALSE,FALSE
809,2026-08-12,api,FALSE,FALSE,negativo,277,11.2,FALSE,FALSE,FALSE
883,2026-06-14,api,FALSE,FALSE,negativo,NA,15.5,TRUE,NA,FALSE
1802,2026-07-26,api,NA,FALSE,negativo,30,5.8,FALSE,FALSE,FALSE
589,2026-03-21,api,FALSE,FALSE,positivo,58,5.4,FALSE,FALSE,FALSE
721,2026-06-19,auth,FALSE,FALSE,negativo,254,99999,FALSE,FALSE,FALSE
1562,2026-07-28,api,NA,FALSE,negativo,51,2,FALSE,FALSE,FALSE
600,2026-06-03,auth,FALSE,FALSE,negativo,43,6.8,FALSE,FALSE,FALSE
2078,2026-07-27,ui,FALSE,FALSE,positivo,86,NA,TRUE,FALSE,TRUE
1997,2026-08-19,auth,FALSE,FALSE,negativo,37,NA,FALSE,FALSE,TRUE
840,2026-03-09,api,FALSE,FALSE,positivo,40,4.8,FALSE,FALSE,FALSE
1939,2026-08-16,ui,FALSE,FALSE,negativo,90,7.1,FALSE,FALSE,FALSE
146,2026-10-25,auth,FALSE,FALSE,NA,49,10.8,FALSE,FALSE,FALSE
1288,2026-09-20,api,TRUE,FALSE,negativo,64,7.6,FALSE,FALSE,FALSE
588,2026-03-03,ui,FALSE,FALSE,negativo,34,2.1,FALSE,FALSE,FALSE
2050,2026-10-26,db,TRUE,TRUE,positivo,23,5.7,FALSE,FALSE,FALSE
1649,2026-06-12,db,FALSE,FALSE,negativo,34,8.7,FALSE,FALSE,FALSE
815,2026-03-15,auth,FALSE,FALSE,negativo,84,3.6,FALSE,FALSE,FALSE
2087,2026-05-24,auth,FALSE,FALSE,negativo,104,6.3,FALSE,FALSE,FALSE
1323,2026-01-25,auth,TRUE,TRUE,positivo,290,9.9,FALSE,FALSE,FALSE
634,2026-08-19,api,FALSE,FALSE,negativo,32,7.4,FALSE,FALSE,FALSE
176,2026-01-10,db,FALSE,FALSE,positivo,41,7.4,FALSE,FALSE,FALSE
220,2026-04-01,auth,FALSE,FALSE,negativo,193,4.2,FALSE,FALSE,FALSE
1525,2026-05-19,auth,FALSE,FALSE,negativo,9,4.3,FALSE,FALSE,FALSE
371,2026-06-06,ui,FALSE,FALSE,negativo,213,16.2,FALSE,FALSE,FALSE
2161,2026-01-18,db,FALSE,FALSE,negativo,30,7.6,FALSE,FALSE,FALSE
1338,2026-06-14,auth,FALSE,FALSE,negativo,47,2.1,FALSE,FALSE,FALSE
1688,2026-12-03,db,FALSE,FALSE,negativo,32,99999,FALSE,FALSE,FALSE
1788,2026-09-02,db,FALSE,FALSE,negativo,91,1.5,FALSE,FALSE,FALSE
1033,2026-08-20,auth,FALSE,FALSE,negativo,158,20,FALSE,FALSE,FALSE
2387,2026-11-11,api,FALSE,FALSE,negativo,121,11.8,FALSE,FALSE,FALSE
1994,2026-01-20,api,FALSE,FALSE,negativo,62,NA,FALSE,FALSE,NA
429,2026-05-15,ui,FALSE,FALSE,negativo,46,2.6,FALSE,FALSE,FALSE
1382,2026-04-14,auth,TRUE,FALSE,negativo,241,5.2,FALSE,FALSE,FALSE
1966,2026-02-12,auth,FALSE,FALSE,negativo,117,2.7,FALSE,FALSE,FALSE
287,2026-01-12,ui,FALSE,FALSE,negativo,99,10,FALSE,FALSE,FALSE
1696,2026-02-15,auth,FALSE,FALSE,negativo,310,NA,FALSE,FALSE,NA
1245,2026-08-09,ui,FALSE,FALSE,negativo,91,6.4,FALSE,FALSE,FALSE
684,2026-06-10,api,FALSE,FALSE,negativo,314,5.5,FALSE,FALSE,FALSE
1537,2026-03-23,db,FALSE,FALSE,negativo,60,5.3,FALSE,FALSE,FALSE
503,2026-01-24,api,FALSE,FALSE,negativo,52,6.6,FALSE,FALSE,FALSE
1819,NA,api,TRUE,FALSE,negativo,202,4,FALSE,FALSE,FALSE
1990,2026-07-05,api,FALSE,FALSE,negativo,55,NA,FALSE,FALSE,NA
1353,2026-02-23,ui,FALSE,FALSE,negativo,36,NA,FALSE,FALSE,NA
828,2026-07-25,db,TRUE,TRUE,positivo,24,NA,FALSE,FALSE,NA
1793,2026-02-08,auth,FALSE,NA,negativo,22,5.5,FALSE,FALSE,FALSE
1606,2026-12-22,db,FALSE,FALSE,negativo,41,1.1,FALSE,FALSE,FALSE
955,2026-03-03,ui,FALSE,FALSE,negativo,47,5.3,FALSE,FALSE,FALSE
1109,NA,auth,FALSE,FALSE,negativo,39,1.6,FALSE,FALSE,FALSE
851,2026-05-17,auth,FALSE,FALSE,negativo,23,4.7,FALSE,FALSE,FALSE
1843,2026-06-12,api,TRUE,TRUE,positivo,39,19.7,FALSE,FALSE,FALSE
1048,2026-02-28,auth,TRUE,TRUE,positivo,28,99999,FALSE,FALSE,FALSE
1945,2026-10-02,ui,FALSE,FALSE,negativo,54,10.9,FALSE,FALSE,FALSE
1226,2026-07-01,auth,FALSE,FALSE,negativo,NA,0.5,FALSE,TRUE,FALSE
624,2026-10-28,auth,FALSE,FALSE,negativo,9,3.9,FALSE,FALSE,FALSE
162,2026-11-17,auth,FALSE,FALSE,positivo,242,0.8,FALSE,FALSE,FALSE
538,2026-10-10,auth,FALSE,FALSE,positivo,9,8.2,TRUE,FALSE,FALSE
473,2026-09-06,ui,FALSE,FALSE,negativo,90,3.1,FALSE,FALSE,FALSE
1469,2026-11-09,ui,FALSE,FALSE,negativo,16,10.1,FALSE,FALSE,FALSE
2093,2026-12-09,auth,TRUE,FALSE,negativo,17,1.3,TRUE,FALSE,FALSE
1443,2026-03-18,ui,FALSE,FALSE,negativo,67,2.5,FALSE,FALSE,FALSE
1833,2026-03-05,ui,FALSE,FALSE,negativo,19,3.6,FALSE,FALSE,FALSE
1590,2026-01-03,api,FALSE,FALSE,negativo,17,0.3,FALSE,FALSE,FALSE
1555,2026-08-18,auth,FALSE,FALSE,NA,64,4.4,FALSE,FALSE,FALSE
2299,2026-03-02,auth,FALSE,FALSE,negativo,52,11.3,FALSE,FALSE,FALSE
1890,2026-11-08,db,TRUE,TRUE,positivo,74,5.7,FALSE,FALSE,FALSE
754,2026-01-16,api,FALSE,FALSE,negativo,118,5.9,FALSE,FALSE,FALSE
6,2026-05-16,api,TRUE,TRUE,positivo,422,6,FALSE,FALSE,FALSE
296,2026-03-26,api,FALSE,FALSE,negativo,149,6.8,TRUE,FALSE,FALSE
2012,2026-05-25,auth,FALSE,FALSE,negativo,42,4.5,FALSE,FALSE,FALSE
1664,2026-10-07,auth,FALSE,FALSE,positivo,144,2.1,FALSE,FALSE,FALSE
1855,2026-03-21,auth,NA,FALSE,negativo,321,3.9,FALSE,FALSE,FALSE
1219,2026-01-21,auth,FALSE,FALSE,negativo,34,13,FALSE,FALSE,FALSE
824,2026-08-27,auth,FALSE,FALSE,negativo,231,9.9,FALSE,FALSE,FALSE
663,2026-08-13,api,FALSE,FALSE,negativo,107,0.3,FALSE,FALSE,FALSE
2233,2026-09-23,auth,FALSE,FALSE,negativo,156,7.4,FALSE,FALSE,FALSE
1038,2026-07-28,auth,FALSE,FALSE,negativo,197,4.4,FALSE,FALSE,FALSE
1800,2026-10-26,auth,FALSE,FALSE,negativo,30,1.8,FALSE,FALSE,FALSE
2245,2026-12-18,auth,FALSE,FALSE,negativo,249,14.7,FALSE,FALSE,FALSE
242,2026-08-10,auth,FALSE,FALSE,negativo,32,0.7,FALSE,FALSE,FALSE
526,2026-11-09,api,FALSE,FALSE,negativo,279,3.6,FALSE,FALSE,FALSE
1139,2026-01-26,api,FALSE,FALSE,negativo,56,2.2,TRUE,FALSE,FALSE
1035,2026-11-09,api,FALSE,FALSE,negativo,94,5.9,FALSE,FALSE,FALSE
645,2026-09-25,api,FALSE,FALSE,negativo,101,7.6,FALSE,FALSE,FALSE
2519,2026-01-20,api,FALSE,FALSE,negativo,50,9,FALSE,FALSE,FALSE
605,2026-06-05,auth,FALSE,FALSE,positivo,50,7.5,FALSE,FALSE,FALSE
609,2026-05-16,auth,TRUE,FALSE,negativo,23,16.4,FALSE,FALSE,FALSE
676,2026-01-10,auth,NA,TRUE,positivo,50,11.2,FALSE,FALSE,FALSE
1082,2026-09-03,db,TRUE,FALSE,negativo,38,2,TRUE,FALSE,FALSE
435,2026-05-05,db,TRUE,FALSE,negativo,34,7.2,FALSE,FALSE,FALSE
619,2026-07-26,db,FALSE,FALSE,negativo,17,10.4,FALSE,FALSE,FALSE
648,2026-01-20,auth,FALSE,FALSE,negativo,15,9,FALSE,FALSE,FALSE
1019,2026-03-03,auth,FALSE,FALSE,negativo,366,3.3,FALSE,FALSE,FALSE
306,2026-09-22,auth,FALSE,FALSE,positivo,56,8.4,FALSE,FALSE,FALSE
1823,2026-07-14,auth,TRUE,FALSE,negativo,245,99999,FALSE,FALSE,FALSE
2439,2026-02-17,auth,FALSE,FALSE,negativo,18,6.9,FALSE,FALSE,FALSE
1747,2026-04-13,auth,FALSE,FALSE,negativo,128,8,FALSE,FALSE,FALSE
1252,2026-02-17,api,FALSE,FALSE,negativo,62,4.7,FALSE,FALSE,FALSE
198,2026-11-26,api,FALSE,FALSE,negativo,25,2.2,FALSE,FALSE,FALSE
1723,2026-06-23,auth,FALSE,FALSE,negativo,34,0.3,FALSE,FALSE,FALSE
830,2026-08-11,auth,FALSE,FALSE,negativo,24,17.9,FALSE,FALSE,FALSE
988,NA,ui,FALSE,FALSE,negativo,59,2.4,FALSE,FALSE,FALSE
752,2026-08-19,db,FALSE,FALSE,negativo,42,NA,TRUE,FALSE,NA
2295,2026-06-27,ui,FALSE,FALSE,negativo,158,6.4,FALSE,FALSE,FALSE
1391,2026-06-21,auth,FALSE,FALSE,positivo,31,2.2,TRUE,FALSE,FALSE
273,2026-01-08,db,FALSE,FALSE,positivo,118,6.1,FALSE,FALSE,FALSE
2404,2026-03-13,api,FALSE,FALSE,negativo,55,12.7,FALSE,FALSE,FALSE
1194,2026-03-16,ui,FALSE,FALSE,negativo,NA,6.9,FALSE,NA,FALSE
1101,2026-07-11,auth,FALSE,FALSE,negativo,47,4.9,FALSE,FALSE,FALSE
1993,2026-03-21,auth,FALSE,FALSE,negativo,14,NA,FALSE,FALSE,NA
546,2026-01-10,db,TRUE,TRUE,negativo,93,1,FALSE,FALSE,FALSE
1589,2026-10-22,api,FALSE,FALSE,negativo,116,3.8,FALSE,FALSE,FALSE
2051,2026-05-04,auth,FALSE,FALSE,negativo,203,3.5,FALSE,FALSE,FALSE
1437,2026-05-22,ui,FALSE,FALSE,negativo,21,1.3,FALSE,FALSE,FALSE
467,2026-04-24,auth,FALSE,FALSE,negativo,30,3.5,FALSE,FALSE,FALSE
1786,2026-03-07,auth,FALSE,NA,negativo,25,11.4,FALSE,FALSE,FALSE
2131,2026-05-10,db,FALSE,FALSE,negativo,83,6.2,FALSE,FALSE,FALSE
1814,2026-01-08,api,FALSE,FALSE,negativo,20,99999,FALSE,FALSE,FALSE
2011,2026-02-14,auth,FALSE,FALSE,negativo,82,1.4,FALSE,FALSE,FALSE
2038,2026-08-25,ui,FALSE,FALSE,negativo,83,1.1,FALSE,FALSE,FALSE
1269,2026-03-20,api,FALSE,FALSE,negativo,98,4.7,FALSE,FALSE,FALSE
1072,2026-07-14,db,TRUE,TRUE,negativo,62,12.3,FALSE,FALSE,FALSE
1009,2026-04-11,api,FALSE,FALSE,negativo,56,16.3,TRUE,FALSE,FALSE
1981,2026-10-05,api,FALSE,FALSE,negativo,22,8.7,FALSE,FALSE,FALSE
901,2026-06-01,auth,FALSE,FALSE,negativo,185,4.2,TRUE,FALSE,FALSE
35,2026-03-03,api,FALSE,FALSE,negativo,55,3.2,FALSE,FALSE,FALSE
1191,2026-06-25,db,FALSE,FALSE,negativo,27,0.5,FALSE,FALSE,FALSE
1797,NA,db,FALSE,FALSE,negativo,70,2,FALSE,FALSE,FALSE
983,2026-04-10,api,FALSE,FALSE,positivo,24,3,FALSE,FALSE,FALSE
43,2026-09-23,auth,FALSE,FALSE,negativo,32,8.4,FALSE,FALSE,FALSE
2520,2026-02-06,api,FALSE,FALSE,negativo,13,99999,FALSE,FALSE,FALSE
1591,2026-07-24,auth,NA,FALSE,negativo,53,4,FALSE,FALSE,FALSE
1479,2026-11-21,ui,TRUE,FALSE,negativo,28,5.2,FALSE,FALSE,FALSE
2176,2026-02-01,auth,FALSE,FALSE,negativo,23,10.5,FALSE,FALSE,FALSE
2113,2026-11-25,db,FALSE,FALSE,negativo,318,5.9,FALSE,FALSE,FALSE
303,2026-08-11,ui,FALSE,FALSE,negativo,NA,9.3,FALSE,TRUE,FALSE
2553,2026-07-13,ui,FALSE,FALSE,positivo,69,2.6,FALSE,FALSE,FALSE
1276,2026-06-26,db,FALSE,FALSE,negativo,110,2.3,FALSE,FALSE,FALSE
1030,2026-04-23,db,TRUE,FALSE,negativo,45,3,FALSE,FALSE,FALSE
2096,2026-06-01,auth,FALSE,FALSE,negativo,50,8.4,FALSE,FALSE,FALSE
2402,2026-09-24,api,FALSE,FALSE,negativo,72,2.4,FALSE,FALSE,FALSE
2119,2026-03-02,auth,FALSE,FALSE,negativo,111,3.4,FALSE,FALSE,FALSE
2442,2026-08-05,db,NA,FALSE,negativo,33,9.6,FALSE,FALSE,FALSE
1550,2026-02-15,auth,FALSE,FALSE,negativo,NA,11.7,FALSE,TRUE,FALSE
1280,2026-12-28,db,TRUE,FALSE,negativo,36,8.7,FALSE,FALSE,FALSE
620,2026-10-08,auth,FALSE,FALSE,negativo,111,15.3,FALSE,FALSE,FALSE
7,2026-02-01,ui,FALSE,FALSE,negativo,30,3.3,FALSE,FALSE,FALSE
272,2026-07-16,ui,FALSE,FALSE,negativo,79,8.2,FALSE,FALSE,FALSE
457,2026-10-15,auth,FALSE,FALSE,negativo,364,5.4,FALSE,FALSE,FALSE
2494,2026-05-28,api,FALSE,FALSE,negativo,50,14.7,FALSE,FALSE,FALSE
2254,2026-05-15,auth,FALSE,FALSE,negativo,15,2.3,FALSE,FALSE,FALSE
1422,2026-02-10,ui,TRUE,FALSE,negativo,49,1,FALSE,FALSE,FALSE
573,NA,db,FALSE,FALSE,negativo,71,99999,FALSE,FALSE,FALSE
1213,2026-05-15,ui,TRUE,TRUE,positivo,31,24.5,FALSE,FALSE,FALSE
977,2026-02-24,api,FALSE,FALSE,negativo,169,2,FALSE,FALSE,FALSE
1156,2026-05-09,auth,NA,FALSE,NA,99,1,FALSE,FALSE,FALSE
1050,2026-12-07,ui,FALSE,FALSE,negativo,33,4.8,FALSE,FALSE,FALSE
823,2026-03-10,auth,FALSE,FALSE,negativo,24,5.5,FALSE,FALSE,FALSE
1330,2026-04-08,api,FALSE,FALSE,negativo,116,3.5,FALSE,FALSE,FALSE
1089,2026-05-08,api,FALSE,FALSE,negativo,44,5.7,FALSE,FALSE,FALSE
970,2026-09-06,auth,FALSE,FALSE,negativo,51,10.7,FALSE,FALSE,FALSE
1789,2026-01-21,auth,FALSE,FALSE,negativo,25,3.8,FALSE,FALSE,FALSE
2493,2026-11-22,auth,FALSE,FALSE,negativo,53,5.1,FALSE,FALSE,FALSE
1148,2026-05-01,auth,FALSE,FALSE,negativo,21,2.7,FALSE,FALSE,FALSE
1005,2026-09-04,auth,FALSE,FALSE,negativo,12,10.5,FALSE,FALSE,FALSE
1660,2026-12-11,api,TRUE,TRUE,positivo,133,5.3,FALSE,FALSE,FALSE
360,2026-03-14,ui,TRUE,FALSE,negativo,166,2.6,FALSE,FALSE,FALSE
2268,2026-06-14,db,FALSE,FALSE,negativo,72,8.4,FALSE,FALSE,FALSE
1832,2026-07-27,db,FALSE,FALSE,positivo,183,2.1,FALSE,FALSE,FALSE
2386,2026-10-05,api,FALSE,FALSE,negativo,41,7,FALSE,FALSE,FALSE
1229,2026-05-06,auth,FALSE,FALSE,negativo,82,4.1,FALSE,FALSE,FALSE
315,2026-02-15,ui,FALSE,FALSE,NA,260,4.2,FALSE,FALSE,FALSE
757,NA,auth,FALSE,FALSE,negativo,23,6.3,FALSE,FALSE,FALSE
957,2026-05-08,auth,FALSE,FALSE,negativo,71,2.9,FALSE,FALSE,FALSE
1431,2026-05-24,ui,FALSE,FALSE,negativo,49,0.9,FALSE,FALSE,FALSE
2110,2026-09-02,auth,FALSE,FALSE,negativo,61,5.9,FALSE,FALSE,FALSE
1859,2026-07-25,auth,FALSE,FALSE,negativo,75,7.6,FALSE,FALSE,FALSE
1071,2026-10-10,api,NA,FALSE,negativo,86,5.5,FALSE,FALSE,FALSE
377,2026-08-18,auth,FALSE,FALSE,negativo,77,3.1,FALSE,FALSE,FALSE
984,2026-02-20,api,FALSE,FALSE,negativo,536,10.7,FALSE,FALSE,FALSE
1093,2026-11-21,api,FALSE,FALSE,negativo,139,1.8,FALSE,FALSE,FALSE
2476,2026-11-17,ui,FALSE,FALSE,negativo,61,4.5,FALSE,FALSE,FALSE
514,2026-12-02,auth,FALSE,FALSE,negativo,53,6.5,FALSE,FALSE,FALSE
1957,2026-11-07,api,TRUE,FALSE,negativo,166,2.5,FALSE,FALSE,FALSE
2249,2026-06-01,db,TRUE,FALSE,negativo,180,0.6,FALSE,FALSE,FALSE
1967,2026-10-18,auth,FALSE,FALSE,negativo,34,4.5,FALSE,FALSE,FALSE
1481,2026-11-21,ui,FALSE,FALSE,negativo,32,NA,FALSE,FALSE,TRUE
119,2026-03-23,ui,TRUE,FALSE,negativo,5,8.1,FALSE,FALSE,FALSE
686,2026-04-16,ui,FALSE,FALSE,negativo,201,11,FALSE,FALSE,FALSE
2182,2026-04-01,db,TRUE,TRUE,positivo,59,2.1,TRUE,FALSE,FALSE
2357,2026-04-07,auth,FALSE,FALSE,negativo,124,4.9,FALSE,FALSE,FALSE
1391,2026-06-21,auth,FALSE,FALSE,positivo,31,2.2,TRUE,FALSE,FALSE
333,2026-11-13,auth,TRUE,FALSE,negativo,23,99999,FALSE,FALSE,FALSE
179,2026-08-05,auth,FALSE,FALSE,positivo,177,10.5,FALSE,FALSE,FALSE
258,2026-01-08,auth,FALSE,FALSE,negativo,20,8.6,FALSE,FALSE,FALSE
742,NA,api,TRUE,TRUE,positivo,55,16.5,FALSE,FALSE,FALSE
1044,2026-01-04,db,FALSE,FALSE,negativo,120,2.8,TRUE,FALSE,FALSE
2333,NA,ui,FALSE,FALSE,negativo,NA,99999,FALSE,NA,FALSE
495,2026-10-22,db,FALSE,FALSE,negativo,18,2.2,FALSE,FALSE,FALSE
2086,2026-10-07,auth,FALSE,FALSE,positivo,43,2.5,FALSE,FALSE,FALSE
2092,2026-08-22,db,FALSE,FALSE,negativo,84,8.7,FALSE,FALSE,FALSE
1529,2026-08-13,api,FALSE,FALSE,negativo,95,1,FALSE,FALSE,FALSE
372,2026-10-27,db,FALSE,FALSE,negativo,25,10.8,FALSE,FALSE,FALSE
604,2026-01-09,auth,FALSE,FALSE,negativo,15,1.6,FALSE,FALSE,FALSE
2275,2026-03-23,api,FALSE,FALSE,negativo,228,3.7,FALSE,FALSE,FALSE
849,2026-03-14,api,FALSE,FALSE,negativo,32,6.5,FALSE,FALSE,FALSE
1344,2026-09-16,api,TRUE,FALSE,positivo,21,7.4,FALSE,FALSE,FALSE
2599,2026-12-06,ui,FALSE,FALSE,negativo,8,2.3,FALSE,FALSE,FALSE
2505,2026-11-26,ui,FALSE,FALSE,negativo,382,6.4,TRUE,FALSE,FALSE
207,2026-02-21,auth,FALSE,FALSE,negativo,132,2.7,FALSE,FALSE,FALSE
1513,2026-11-23,auth,TRUE,FALSE,negativo,14,4.7,FALSE,FALSE,FALSE
1439,2026-07-02,auth,FALSE,FALSE,negativo,64,1.3,FALSE,FALSE,FALSE
1492,2026-07-22,auth,FALSE,NA,negativo,27,5.9,FALSE,FALSE,FALSE
1995,2026-03-07,api,FALSE,FALSE,negativo,307,3.4,FALSE,FALSE,FALSE
2219,2026-12-28,auth,FALSE,FALSE,negativo,32,8.3,FALSE,FALSE,FALSE
364,2026-05-22,auth,FALSE,FALSE,negativo,6,6.3,FALSE,FALSE,FALSE
1989,2026-01-20,auth,FALSE,FALSE,negativo,74,4,FALSE,FALSE,FALSE
1001,2026-09-08,ui,FALSE,FALSE,negativo,64,2.7,FALSE,FALSE,FALSE
719,2026-08-17,api,FALSE,FALSE,negativo,215,1.7,FALSE,FALSE,FALSE
317,2026-02-18,ui,FALSE,FALSE,positivo,254,5.1,FALSE,FALSE,FALSE
1991,2026-12-03,auth,FALSE,FALSE,negativo,56,6.2,FALSE,FALSE,FALSE
259,2026-03-05,auth,FALSE,FALSE,positivo,334,4,FALSE,FALSE,FALSE
1685,2026-11-11,api,TRUE,TRUE,positivo,21,18.3,FALSE,FALSE,FALSE
1882,2026-05-01,db,FALSE,FALSE,negativo,29,4.5,FALSE,FALSE,FALSE
125,2026-12-04,db,FALSE,FALSE,negativo,92,2.1,FALSE,FALSE,FALSE
1044,2026-01-04,db,FALSE,FALSE,negativo,120,2.8,TRUE,FALSE,FALSE
1329,2026-07-19,ui,FALSE,FALSE,negativo,38,2.7,FALSE,FALSE,FALSE
1128,2026-05-25,auth,FALSE,FALSE,negativo,70,7.8,FALSE,FALSE,FALSE
966,2026-11-15,auth,FALSE,FALSE,negativo,87,2.3,FALSE,FALSE,FALSE
1625,2026-09-26,auth,FALSE,FALSE,negativo,41,4.1,FALSE,FALSE,FALSE
1642,2026-04-16,db,FALSE,FALSE,negativo,222,12.3,FALSE,FALSE,FALSE
1282,2026-02-02,auth,FALSE,FALSE,negativo,45,1.7,FALSE,FALSE,FALSE
1056,2026-02-01,auth,FALSE,FALSE,negativo,99,8.2,FALSE,FALSE,FALSE
1619,2026-05-18,api,FALSE,FALSE,negativo,121,6.5,FALSE,FALSE,FALSE
1978,2026-12-16,api,FALSE,FALSE,negativo,46,5.6,FALSE,FALSE,FALSE
2206,2026-02-12,auth,FALSE,FALSE,negativo,40,10.4,FALSE,FALSE,FALSE
947,2026-07-11,api,TRUE,TRUE,positivo,NA,4.5,FALSE,TRUE,FALSE
704,2026-09-12,db,FALSE,FALSE,negativo,163,99999,FALSE,FALSE,FALSE
2325,2026-05-10,api,FALSE,FALSE,negativo,35,9.9,FALSE,FALSE,FALSE
787,2026-10-18,ui,FALSE,FALSE,negativo,NA,6.5,FALSE,TRUE,FALSE
1869,NA,api,FALSE,FALSE,negativo,142,5.6,FALSE,FALSE,FALSE
1131,2026-04-21,auth,FALSE,FALSE,negativo,62,3,FALSE,FALSE,FALSE
1690,2026-09-17,auth,FALSE,FALSE,negativo,72,1.7,FALSE,FALSE,FALSE
794,2026-07-05,auth,FALSE,FALSE,negativo,24,5.1,FALSE,FALSE,FALSE
1897,2026-09-10,ui,TRUE,FALSE,negativo,179,2.1,FALSE,FALSE,FALSE
582,2026-02-13,auth,FALSE,FALSE,negativo,221,3.7,FALSE,FALSE,FALSE
81,2026-08-18,auth,FALSE,FALSE,negativo,362,4,FALSE,FALSE,FALSE
885,2026-08-22,auth,FALSE,FALSE,negativo,221,1.9,FALSE,FALSE,FALSE
2329,2026-08-18,auth,FALSE,FALSE,negativo,NA,0.7,FALSE,TRUE,FALSE
861,2026-09-09,api,FALSE,FALSE,negativo,224,99999,FALSE,FALSE,FALSE
637,2026-09-09,ui,FALSE,FALSE,negativo,69,1.4,TRUE,FALSE,FALSE
1466,2026-03-14,api,FALSE,FALSE,negativo,18,6.5,FALSE,FALSE,FALSE
1355,2026-02-10,auth,FALSE,FALSE,negativo,26,9.9,FALSE,FALSE,FALSE
1240,2026-04-08,auth,FALSE,FALSE,positivo,282,6.9,FALSE,FALSE,FALSE
930,2026-07-21,ui,FALSE,FALSE,negativo,54,10.7,FALSE,FALSE,FALSE
2347,2026-10-14,api,TRUE,TRUE,positivo,317,1.5,FALSE,FALSE,FALSE
1982,2026-03-12,ui,FALSE,FALSE,negativo,58,7.2,FALSE,FALSE,FALSE
2070,2026-11-24,api,FALSE,FALSE,positivo,264,1.2,FALSE,FALSE,FALSE
1972,2026-08-25,auth,FALSE,FALSE,negativo,169,5.7,TRUE,FALSE,FALSE
865,2026-06-12,api,FALSE,FALSE,NA,48,7.2,FALSE,FALSE,FALSE
2314,2026-01-23,auth,FALSE,FALSE,negativo,342,0.9,FALSE,FALSE,FALSE
1689,2026-02-08,ui,FALSE,FALSE,negativo,88,NA,FALSE,FALSE,TRUE
2323,2026-06-10,db,TRUE,TRUE,positivo,177,4.3,FALSE,FALSE,FALSE
2489,2026-12-11,auth,FALSE,FALSE,negativo,49,2.7,FALSE,FALSE,FALSE
601,2026-02-12,api,FALSE,FALSE,negativo,364,6.6,FALSE,FALSE,FALSE
388,2026-03-27,auth,FALSE,FALSE,positivo,82,5.4,FALSE,FALSE,FALSE
907,2026-01-23,ui,TRUE,NA,negativo,208,4.4,FALSE,FALSE,FALSE
509,2026-05-19,db,TRUE,TRUE,positivo,79,3.4,FALSE,FALSE,FALSE
2292,2026-02-05,db,FALSE,FALSE,negativo,61,2,FALSE,FALSE,FALSE
2344,2026-12-20,auth,TRUE,TRUE,positivo,255,17.7,FALSE,FALSE,FALSE
374,2026-05-12,api,FALSE,FALSE,negativo,129,2.5,FALSE,FALSE,FALSE
190,2026-01-06,api,FALSE,FALSE,negativo,31,11.1,FALSE,FALSE,FALSE
181,2026-04-02,auth,FALSE,FALSE,negativo,111,17.2,FALSE,FALSE,FALSE
404,2026-03-16,auth,FALSE,FALSE,negativo,36,2.7,FALSE,FALSE,FALSE
1762,2026-11-13,auth,FALSE,FALSE,negativo,31,9.2,FALSE,FALSE,FALSE
1322,2026-01-16,api,FALSE,FALSE,positivo,66,3.4,FALSE,FALSE,FALSE
811,NA,api,FALSE,FALSE,negativo,6,13.9,FALSE,FALSE,FALSE
491,2026-02-27,ui,FALSE,FALSE,negativo,64,5.9,FALSE,FALSE,FALSE
2142,NA,api,FALSE,FALSE,negativo,63,1.6,FALSE,FALSE,FALSE
1388,2026-04-10,auth,TRUE,TRUE,positivo,27,18.9,FALSE,FALSE,FALSE
1877,2026-02-13,db,FALSE,FALSE,negativo,42,3.5,FALSE,FALSE,FALSE
1183,2026-10-16,ui,FALSE,FALSE,negativo,279,7.7,TRUE,FALSE,FALSE
263,2026-03-27,api,FALSE,FALSE,negativo,74,7.5,FALSE,FALSE,FALSE
1395,2026-12-06,auth,FALSE,NA,negativo,8,4.2,FALSE,FALSE,FALSE
1123,2026-03-24,db,FALSE,FALSE,negativo,75,3.8,FALSE,FALSE,FALSE
332,2026-12-10,auth,FALSE,FALSE,negativo,1012,7.1,TRUE,FALSE,FALSE
2218,2026-09-13,api,FALSE,FALSE,negativo,258,8.7,FALSE,FALSE,FALSE
1860,2026-04-03,auth,FALSE,FALSE,negativo,43,2.3,FALSE,FALSE,FALSE
2100,2026-11-10,auth,FALSE,FALSE,negativo,153,3.4,FALSE,FALSE,FALSE
424,2026-02-15,auth,FALSE,FALSE,negativo,175,7.1,FALSE,FALSE,FALSE
2236,2026-10-22,auth,FALSE,FALSE,negativo,97,2.1,FALSE,FALSE,FALSE
1039,2026-09-27,api,FALSE,FALSE,positivo,70,3.3,FALSE,FALSE,FALSE
248,2026-07-10,ui,FALSE,FALSE,negativo,229,2.6,FALSE,FALSE,FALSE
165,2026-04-25,api,FALSE,FALSE,negativo,113,2.1,FALSE,FALSE,FALSE
1085,2026-11-16,auth,FALSE,FALSE,negativo,51,6.5,FALSE,FALSE,FALSE
395,2026-11-11,auth,TRUE,TRUE,positivo,431,11.5,FALSE,FALSE,FALSE
1118,2026-11-21,db,FALSE,FALSE,negativo,39,3.1,FALSE,FALSE,FALSE
2302,2026-05-08,api,FALSE,FALSE,negativo,203,9.9,FALSE,FALSE,FALSE
2586,2026-09-21,api,FALSE,FALSE,negativo,59,4.7,FALSE,FALSE,FALSE
296,2026-03-26,api,FALSE,FALSE,positivo,149,6.8,TRUE,FALSE,FALSE
26,2026-06-19,auth,FALSE,FALSE,negativo,15,6,FALSE,FALSE,FALSE
2591,2026-04-07,auth,FALSE,FALSE,negativo,127,14.9,FALSE,FALSE,FALSE
2179,2026-03-05,ui,FALSE,FALSE,positivo,89,8.3,FALSE,FALSE,FALSE
415,2026-11-26,auth,FALSE,FALSE,negativo,6,7.9,FALSE,FALSE,FALSE
1714,2026-09-10,db,FALSE,FALSE,negativo,40,3.7,FALSE,FALSE,FALSE
2017,2026-10-11,db,NA,FALSE,negativo,96,1.7,FALSE,FALSE,FALSE
532,2026-12-09,auth,FALSE,FALSE,negativo,34,2.9,FALSE,FALSE,FALSE
2116,2026-03-23,api,FALSE,FALSE,negativo,35,7.9,FALSE,FALSE,FALSE
718,2026-05-03,auth,TRUE,FALSE,negativo,86,4.2,FALSE,FALSE,FALSE
416,2026-12-14,auth,FALSE,FALSE,negativo,22,5.8,FALSE,FALSE,FALSE
105,2026-10-05,api,FALSE,FALSE,negativo,66,6.7,FALSE,FALSE,FALSE
1659,2026-03-11,ui,TRUE,FALSE,negativo,223,15.6,FALSE,FALSE,FALSE
134,2026-06-22,ui,FALSE,FALSE,negativo,76,7,FALSE,FALSE,FALSE
121,2026-07-11,auth,FALSE,FALSE,negativo,69,9.9,FALSE,FALSE,FALSE
2065,2026-10-16,auth,FALSE,FALSE,negativo,151,4.7,FALSE,FALSE,FALSE
237,2026-06-24,api,FALSE,FALSE,negativo,143,1.9,FALSE,FALSE,FALSE
1486,2026-04-18,ui,FALSE,FALSE,negativo,158,5.8,FALSE,FALSE,FALSE
1809,2026-09-07,ui,FALSE,FALSE,negativo,42,3.3,FALSE,FALSE,FALSE
189,2026-03-22,auth,FALSE,FALSE,negativo,64,5.4,FALSE,FALSE,FALSE
933,2026-06-04,ui,FALSE,FALSE,negativo,85,8.8,FALSE,FALSE,FALSE
2467,2026-05-05,auth,FALSE,FALSE,negativo,36,3.5,FALSE,FALSE,FALSE
544,2026-06-23,db,FALSE,FALSE,negativo,31,6.2,FALSE,FALSE,FALSE
2378,NA,api,FALSE,TRUE,positivo,164,13.9,FALSE,FALSE,FALSE
554,2026-07-03,api,FALSE,FALSE,NA,33,5.2,FALSE,FALSE,FALSE
2105,2026-11-15,db,FALSE,FALSE,negativo,69,11.7,FALSE,FALSE,FALSE
2555,2026-06-14,api,FALSE,FALSE,negativo,111,6,FALSE,FALSE,FALSE
2491,2026-10-15,api,FALSE,FALSE,negativo,37,2.9,FALSE,FALSE,FALSE
471,2026-01-20,auth,TRUE,FALSE,negativo,26,16.7,FALSE,FALSE,FALSE
567,2026-03-20,api,FALSE,FALSE,negativo,170,0.6,FALSE,FALSE,FALSE
973,2026-09-04,db,FALSE,FALSE,negativo,96,10.8,FALSE,FALSE,FALSE
2007,2026-09-19,auth,FALSE,NA,negativo,14,7.2,FALSE,FALSE,FALSE
2426,2026-01-18,api,FALSE,FALSE,negativo,93,NA,FALSE,FALSE,TRUE
78,2026-09-04,auth,FALSE,FALSE,negativo,461,6.8,FALSE,FALSE,FALSE
658,2026-07-07,ui,NA,FALSE,negativo,556,8.8,FALSE,FALSE,FALSE
1748,2026-11-13,api,FALSE,FALSE,negativo,34,5.3,FALSE,FALSE,FALSE
685,2026-06-26,api,NA,FALSE,negativo,41,8,FALSE,FALSE,FALSE
1450,2026-08-19,ui,FALSE,FALSE,negativo,124,1.7,FALSE,FALSE,FALSE
11,2026-05-20,api,FALSE,FALSE,negativo,60,1.3,FALSE,FALSE,FALSE
1599,2026-07-10,api,FALSE,FALSE,negativo,43,3,FALSE,FALSE,FALSE
36,2026-07-23,api,FALSE,FALSE,negativo,50,9.4,FALSE,FALSE,FALSE
2291,2026-09-25,db,NA,FALSE,negativo,87,2.9,FALSE,FALSE,FALSE
381,2026-04-27,api,FALSE,FALSE,negativo,73,5.2,FALSE,FALSE,FALSE
1657,NA,auth,FALSE,FALSE,negativo,35,3.7,FALSE,FALSE,FALSE
55,2026-02-06,api,FALSE,FALSE,negativo,11,4.6,FALSE,FALSE,FALSE
538,2026-10-10,auth,FALSE,FALSE,negativo,9,8.2,TRUE,FALSE,FALSE
228,2026-07-02,ui,FALSE,FALSE,negativo,14,3.5,FALSE,FALSE,FALSE
2374,2026-12-24,api,FALSE,FALSE,negativo,72,1.9,FALSE,FALSE,FALSE
2301,2026-11-11,ui,FALSE,FALSE,negativo,142,4.1,FALSE,FALSE,FALSE
2413,2026-06-25,api,FALSE,FALSE,positivo,85,4.5,FALSE,FALSE,FALSE
1392,2026-12-23,db,FALSE,FALSE,negativo,49,2.9,FALSE,FALSE,FALSE
1053,2026-02-12,auth,FALSE,FALSE,negativo,70,7.8,FALSE,FALSE,FALSE
1588,2026-08-12,ui,FALSE,FALSE,negativo,98,6.1,FALSE,FALSE,FALSE
1455,2026-06-10,api,FALSE,FALSE,negativo,42,4.9,FALSE,FALSE,FALSE
2194,2026-10-27,ui,FALSE,FALSE,negativo,66,2.6,FALSE,FALSE,FALSE
651,2026-07-21,api,FALSE,FALSE,negativo,207,3,FALSE,FALSE,FALSE
482,2026-03-13,api,TRUE,FALSE,negativo,151,99999,FALSE,FALSE,FALSE
576,NA,ui,FALSE,FALSE,negativo,51,5,FALSE,FALSE,FALSE
2575,2026-08-21,api,FALSE,FALSE,positivo,240,3,FALSE,FALSE,FALSE
2094,2026-07-03,api,FALSE,FALSE,negativo,21,2.6,FALSE,FALSE,FALSE
654,2026-11-02,auth,FALSE,FALSE,negativo,359,10.4,FALSE,FALSE,FALSE
1891,2026-11-13,api,NA,TRUE,positivo,28,30,FALSE,FALSE,FALSE
737,2026-02-01,api,FALSE,FALSE,negativo,120,14.6,FALSE,FALSE,FALSE
1662,2026-01-26,db,FALSE,FALSE,negativo,256,6.2,FALSE,FALSE,FALSE
1637,2026-05-11,api,FALSE,FALSE,negativo,64,5.7,FALSE,FALSE,FALSE
1094,2026-05-07,db,FALSE,FALSE,negativo,165,6.4,FALSE,FALSE,FALSE
2015,NA,db,FALSE,FALSE,negativo,68,10.7,FALSE,FALSE,FALSE
1728,2026-02-26,auth,TRUE,FALSE,negativo,NA,4.9,FALSE,TRUE,FALSE
1900,2026-11-02,api,FALSE,FALSE,negativo,35,18.3,FALSE,FALSE,FALSE
2141,2026-11-02,auth,FALSE,FALSE,negativo,NA,NA,TRUE,TRUE,NA
20,2026-04-12,ui,FALSE,FALSE,negativo,48,2.9,FALSE,FALSE,FALSE
577,2026-06-19,auth,FALSE,FALSE,negativo,90,3.6,FALSE,FALSE,FALSE
915,2026-10-12,db,FALSE,FALSE,negativo,66,8.8,FALSE,FALSE,FALSE
114,2026-06-28,api,FALSE,FALSE,negativo,26,8.6,FALSE,FALSE,FALSE
1473,2026-11-02,api,FALSE,FALSE,negativo,38,3.5,FALSE,FALSE,FALSE
208,2026-10-24,auth,FALSE,FALSE,negativo,18,9.4,FALSE,FALSE,FALSE
1500,2026-02-15,db,TRUE,TRUE,positivo,1184,9.7,FALSE,FALSE,FALSE
862,2026-05-21,auth,FALSE,FALSE,negativo,41,3.2,FALSE,FALSE,FALSE
1426,2026-11-01,api,FALSE,FALSE,negativo,20,8,FALSE,FALSE,FALSE
1521,2026-01-14,auth,FALSE,FALSE,negativo,111,11.2,FALSE,FALSE,FALSE
958,NA,api,FALSE,FALSE,negativo,242,4.4,FALSE,FALSE,FALSE
2215,2026-12-18,api,FALSE,FALSE,negativo,19,5.2,FALSE,FALSE,FALSE
2235,2026-08-04,auth,FALSE,FALSE,negativo,70,12,FALSE,FALSE,FALSE
498,2026-11-10,auth,TRUE,FALSE,negativo,5,2.4,FALSE,FALSE,FALSE
1164,2026-02-16,db,FALSE,FALSE,negativo,82,6.2,FALSE,FALSE,FALSE
762,2026-04-03,auth,FALSE,FALSE,negativo,167,1.4,FALSE,FALSE,FALSE
2346,2026-11-10,auth,FALSE,NA,negativo,29,20.3,FALSE,FALSE,FALSE
1199,2026-02-11,auth,TRUE,FALSE,negativo,99,5.7,FALSE,FALSE,FALSE
1411,2026-09-12,db,FALSE,FALSE,negativo,105,1.8,FALSE,FALSE,FALSE
1817,2026-12-03,db,FALSE,FALSE,negativo,42,8.2,FALSE,FALSE,FALSE
1831,2026-04-09,db,FALSE,FALSE,negativo,172,5.4,FALSE,FALSE,FALSE
385,2026-11-21,api,FALSE,FALSE,negativo,17,5.3,FALSE,FALSE,FALSE
1398,2026-01-27,api,FALSE,FALSE,negativo,58,3,FALSE,FALSE,FALSE
1333,2026-04-23,db,FALSE,FALSE,negativo,160,0.6,FALSE,FALSE,FALSE
1884,2026-02-24,auth,FALSE,FALSE,positivo,121,3.7,FALSE,FALSE,FALSE
1634,2026-08-03,api,FALSE,FALSE,negativo,155,5.1,FALSE,FALSE,FALSE
2332,2026-08-23,api,FALSE,FALSE,negativo,57,2.4,TRUE,FALSE,FALSE
2583,2026-11-02,ui,FALSE,FALSE,negativo,171,1.5,FALSE,FALSE,FALSE
660,2026-11-10,db,FALSE,FALSE,negativo,25,2.8,FALSE,FALSE,FALSE
517,2026-11-27,auth,FALSE,FALSE,negativo,81,1.7,FALSE,FALSE,FALSE
547,2026-09-19,auth,FALSE,FALSE,negativo,164,2.9,FALSE,FALSE,FALSE
126,2026-10-16,ui,FALSE,FALSE,negativo,35,5.1,FALSE,FALSE,FALSE
2430,2026-01-17,auth,FALSE,NA,negativo,53,5.5,FALSE,FALSE,FALSE
2112,2026-04-24,ui,FALSE,FALSE,positivo,115,4.8,TRUE,FALSE,FALSE
1003,2026-10-26,db,FALSE,FALSE,negativo,NA,6,FALSE,NA,FALSE
992,2026-08-09,auth,FALSE,FALSE,negativo,57,5.4,FALSE,FALSE,FALSE
2283,NA,ui,FALSE,NA,negativo,268,6.7,FALSE,FALSE,FALSE
1401,2026-12-23,api,FALSE,FALSE,negativo,43,3,TRUE,FALSE,FALSE
876,2026-02-17,db,FALSE,FALSE,negativo,103,9.5,FALSE,FALSE,FALSE
1312,NA,ui,FALSE,FALSE,negativo,34,5.6,FALSE,FALSE,FALSE
943,2026-11-25,auth,FALSE,FALSE,negativo,293,4.7,FALSE,FALSE,FALSE
2383,2026-10-06,api,FALSE,FALSE,negativo,43,3.9,FALSE,FALSE,FALSE
877,2026-06-22,auth,FALSE,FALSE,negativo,26,10.1,FALSE,FALSE,FALSE
1317,2026-08-16,db,TRUE,FALSE,negativo,58,8.6,TRUE,FALSE,FALSE
1913,2026-05-11,ui,FALSE,FALSE,negativo,40,NA,FALSE,FALSE,TRUE
61,NA,db,FALSE,FALSE,positivo,21,2.9,FALSE,FALSE,FALSE
133,2026-03-21,db,FALSE,FALSE,positivo,97,12.8,FALSE,FALSE,FALSE
560,2026-07-01,ui,FALSE,FALSE,negativo,135,5.6,FALSE,FALSE,FALSE
1543,2026-11-14,auth,FALSE,FALSE,positivo,34,7.7,FALSE,FALSE,FALSE
555,2026-07-22,api,FALSE,FALSE,negativo,NA,6.6,FALSE,TRUE,FALSE
1577,2026-11-27,auth,FALSE,FALSE,negativo,85,3.6,FALSE,FALSE,FALSE
2097,2026-11-24,auth,TRUE,TRUE,positivo,NA,11.5,FALSE,TRUE,FALSE
2582,2026-05-23,db,FALSE,FALSE,positivo,35,11.6,FALSE,FALSE,FALSE
1258,2026-04-18,db,FALSE,FALSE,negativo,181,NA,FALSE,FALSE,TRUE
1088,2026-06-17,db,TRUE,FALSE,positivo,107,3.9,TRUE,FALSE,FALSE
1375,2026-12-03,auth,FALSE,FALSE,negativo,87,1.9,FALSE,FALSE,FALSE
1875,2026-08-09,auth,FALSE,FALSE,positivo,117,2.6,FALSE,FALSE,FALSE
1193,2026-03-23,api,FALSE,FALSE,negativo,47,17.5,FALSE,FALSE,FALSE
1227,2026-07-17,api,TRUE,TRUE,positivo,41,24.4,FALSE,FALSE,FALSE
2504,2026-05-12,api,NA,FALSE,negativo,838,5.4,FALSE,FALSE,FALSE
493,2026-04-24,api,FALSE,FALSE,negativo,504,2.4,FALSE,FALSE,FALSE
1673,2026-12-26,auth,TRUE,FALSE,negativo,25,4,FALSE,FALSE,FALSE
406,2026-08-13,ui,FALSE,FALSE,negativo,2,4.7,FALSE,FALSE,FALSE
661,2026-09-02,db,FALSE,FALSE,negativo,44,1.8,FALSE,FALSE,FALSE
874,2026-09-27,auth,FALSE,FALSE,negativo,72,4.2,FALSE,FALSE,FALSE
2354,2026-08-12,db,FALSE,FALSE,negativo,189,5.5,FALSE,FALSE,FALSE
1824,2026-01-20,db,FALSE,FALSE,negativo,42,3.5,FALSE,FALSE,FALSE
1653,2026-06-08,auth,NA,FALSE,negativo,755,1.8,FALSE,FALSE,FALSE
1225,2026-02-10,auth,FALSE,FALSE,negativo,51,4.2,FALSE,FALSE,FALSE
1259,2026-01-28,api,FALSE,FALSE,negativo,149,2.6,FALSE,FALSE,FALSE
1956,2026-08-22,api,FALSE,FALSE,negativo,80,16.8,FALSE,FALSE,FALSE
1163,2026-10-24,ui,FALSE,FALSE,negativo,10,6.3,FALSE,FALSE,FALSE
171,2026-03-13,auth,TRUE,FALSE,negativo,191,4.9,TRUE,FALSE,FALSE
195,2026-08-26,ui,TRUE,FALSE,negativo,115,5.8,FALSE,FALSE,FALSE
170,2026-07-18,ui,FALSE,FALSE,negativo,31,15.8,FALSE,FALSE,FALSE
1827,2026-11-05,db,FALSE,FALSE,negativo,8,2.5,FALSE,FALSE,FALSE
850,2026-08-14,ui,FALSE,FALSE,negativo,78,6.6,FALSE,FALSE,FALSE
417,2026-01-01,ui,FALSE,FALSE,positivo,76,14.4,FALSE,FALSE,FALSE
2127,2026-11-04,api,FALSE,FALSE,negativo,37,5.7,FALSE,FALSE,FALSE
2252,2026-12-20,api,FALSE,FALSE,negativo,119,2.3,FALSE,FALSE,FALSE
2434,2026-05-02,ui,TRUE,TRUE,positivo,36,12,FALSE,FALSE,FALSE
1081,2026-10-28,auth,FALSE,FALSE,negativo,98,10.3,FALSE,FALSE,FALSE
215,2026-02-20,api,FALSE,FALSE,negativo,87,7.2,FALSE,FALSE,FALSE
239,2026-03-08,auth,FALSE,FALSE,negativo,79,9.1,FALSE,FALSE,FALSE
854,2026-04-22,api,TRUE,FALSE,negativo,33,5.3,FALSE,FALSE,FALSE
2510,2026-04-04,auth,FALSE,FALSE,negativo,175,14.3,FALSE,FALSE,FALSE
2190,2026-02-25,auth,FALSE,FALSE,positivo,24,2.2,FALSE,FALSE,FALSE
1620,2026-11-23,ui,FALSE,FALSE,negativo,38,4.4,FALSE,FALSE,FALSE
2018,2026-09-16,ui,FALSE,FALSE,negativo,157,9.7,FALSE,FALSE,FALSE
2276,2026-03-03,ui,FALSE,FALSE,negativo,43,6.6,FALSE,FALSE,FALSE
2151,2026-07-25,db,FALSE,FALSE,negativo,55,3.8,FALSE,FALSE,FALSE
847,2026-10-05,ui,FALSE,FALSE,negativo,20,1.1,FALSE,FALSE,FALSE
2121,2026-07-05,api,FALSE,FALSE,negativo,826,8.9,FALSE,FALSE,FALSE
1551,NA,auth,FALSE,NA,negativo,11,17.6,FALSE,FALSE,FALSE
1070,2026-10-13,auth,FALSE,FALSE,positivo,26,3.4,TRUE,FALSE,FALSE
766,2026-08-17,api,FALSE,FALSE,positivo,43,3.2,FALSE,FALSE,FALSE
191,2026-10-26,auth,NA,FALSE,positivo,56,4,FALSE,FALSE,FALSE
1178,2026-09-14,api,TRUE,FALSE,negativo,59,2.5,FALSE,FALSE,FALSE
2261,2026-02-18,api,FALSE,FALSE,negativo,65,4.7,FALSE,FALSE,FALSE
1013,2026-08-06,api,FALSE,FALSE,negativo,59,4.9,FALSE,FALSE,FALSE
118,NA,auth,FALSE,FALSE,NA,27,2,FALSE,FALSE,FALSE
2527,2026-08-20,auth,FALSE,FALSE,negativo,51,8.3,FALSE,FALSE,FALSE
1376,2026-08-25,auth,FALSE,FALSE,negativo,213,12.9,FALSE,FALSE,FALSE
896,2026-08-21,db,FALSE,FALSE,negativo,800,15.5,FALSE,FALSE,FALSE
1919,2026-06-06,db,FALSE,FALSE,negativo,112,7.5,FALSE,FALSE,FALSE
1340,2026-09-18,ui,FALSE,FALSE,negativo,9,4.1,FALSE,FALSE,FALSE
979,2026-05-03,api,FALSE,FALSE,negativo,53,8.4,FALSE,FALSE,FALSE
2133,2026-09-14,ui,FALSE,FALSE,negativo,54,4.1,FALSE,FALSE,FALSE
409,2026-01-13,db,FALSE,FALSE,negativo,62,6.8,TRUE,FALSE,FALSE
948,2026-10-27,ui,FALSE,FALSE,negativo,58,4.8,TRUE,FALSE,FALSE
1197,2026-08-27,db,FALSE,FALSE,negativo,65,3.3,FALSE,FALSE,FALSE
625,2026-10-16,auth,FALSE,FALSE,negativo,352,9,FALSE,FALSE,FALSE
653,2026-05-19,auth,FALSE,FALSE,negativo,23,1.6,FALSE,FALSE,FALSE
1556,2026-01-19,api,NA,FALSE,negativo,66,4.5,FALSE,FALSE,FALSE
1484,2026-11-14,auth,FALSE,FALSE,negativo,72,1,FALSE,FALSE,FALSE
610,2026-09-13,api,FALSE,FALSE,negativo,16,3,FALSE,FALSE,FALSE
497,2026-04-16,db,TRUE,FALSE,negativo,61,3.9,FALSE,FALSE,FALSE
626,2026-07-11,api,FALSE,FALSE,negativo,17,9.1,FALSE,FALSE,FALSE
629,2026-03-12,api,FALSE,FALSE,positivo,118,5.9,FALSE,FALSE,FALSE
290,2026-10-18,ui,FALSE,FALSE,negativo,221,3.1,FALSE,FALSE,FALSE
549,2026-08-17,api,FALSE,FALSE,negativo,86,7.7,FALSE,FALSE,FALSE
2080,2026-03-16,auth,FALSE,FALSE,negativo,159,6.1,FALSE,FALSE,FALSE
1918,2026-01-11,api,FALSE,FALSE,negativo,22,10.2,FALSE,FALSE,FALSE
2052,2026-07-09,db,FALSE,FALSE,negativo,42,3.2,FALSE,FALSE,FALSE
1459,NA,auth,FALSE,FALSE,negativo,45,NA,FALSE,FALSE,NA
448,2026-10-28,api,FALSE,FALSE,negativo,40,7.7,FALSE,FALSE,FALSE
2353,2026-04-21,db,TRUE,FALSE,negativo,25,4.2,FALSE,FALSE,FALSE
2600,2026-07-28,auth,FALSE,FALSE,negativo,79,NA,FALSE,FALSE,TRUE
1349,2026-12-07,db,FALSE,FALSE,negativo,54,2.5,FALSE,FALSE,FALSE
74,2026-07-04,auth,FALSE,FALSE,negativo,98,2.5,FALSE,FALSE,FALSE
925,2026-09-07,api,TRUE,FALSE,negativo,26,2.9,FALSE,FALSE,FALSE
2255,2026-01-23,ui,FALSE,FALSE,negativo,62,7.6,FALSE,FALSE,FALSE
1655,2026-10-28,db,FALSE,FALSE,negativo,88,6.3,TRUE,FALSE,FALSE
255,2026-09-22,auth,FALSE,FALSE,positivo,16,NA,FALSE,FALSE,NA
13,NA,api,FALSE,FALSE,negativo,31,4.6,FALSE,FALSE,FALSE
157,2026-01-22,auth,TRUE,FALSE,negativo,72,0.9,FALSE,FALSE,FALSE
2099,2026-11-28,ui,FALSE,FALSE,negativo,71,10.4,FALSE,FALSE,FALSE
2533,2026-03-18,db,FALSE,FALSE,negativo,110,NA,FALSE,FALSE,TRUE
2202,2026-04-27,db,FALSE,FALSE,negativo,30,2.1,FALSE,FALSE,FALSE
1493,2026-10-09,db,FALSE,FALSE,NA,39,1.6,FALSE,FALSE,FALSE
1347,2026-09-07,api,TRUE,FALSE,negativo,162,6.5,FALSE,FALSE,FALSE
1491,2026-09-04,api,FALSE,FALSE,negativo,100,1.7,FALSE,FALSE,FALSE
302,2026-06-10,db,TRUE,FALSE,negativo,28,NA,FALSE,FALSE,NA
1000,2026-08-25,api,TRUE,FALSE,positivo,54,13.5,FALSE,FALSE,FALSE
2379,2026-01-09,api,FALSE,FALSE,negativo,123,2.8,TRUE,FALSE,FALSE
2036,2026-03-14,db,FALSE,FALSE,negativo,105,4.1,FALSE,FALSE,FALSE
529,2026-09-20,api,FALSE,FALSE,negativo,131,6.6,FALSE,FALSE,FALSE
449,2026-05-10,ui,FALSE,FALSE,negativo,54,NA,FALSE,FALSE,NA
1320,2026-04-14,auth,FALSE,FALSE,negativo,19,0.3,FALSE,FALSE,FALSE
1167,NA,api,TRUE,FALSE,negativo,212,3.9,FALSE,FALSE,FALSE
1173,2026-11-08,db,TRUE,FALSE,negativo,21,3.8,FALSE,FALSE,FALSE
1114,NA,db,FALSE,FALSE,negativo,56,14,FALSE,FALSE,FALSE
550,2026-10-25,auth,TRUE,TRUE,positivo,87,14.1,FALSE,FALSE,FALSE
772,2026-12-17,ui,FALSE,FALSE,negativo,97,3.7,FALSE,FALSE,FALSE
1140,NA,db,FALSE,FALSE,negativo,147,14.9,FALSE,FALSE,FALSE
674,2026-10-17,auth,FALSE,FALSE,negativo,84,11.8,FALSE,FALSE,FALSE
393,2026-02-02,ui,FALSE,FALSE,negativo,205,2.6,FALSE,FALSE,FALSE
450,2026-07-10,auth,FALSE,FALSE,negativo,132,12.3,TRUE,FALSE,FALSE
363,2026-01-12,auth,FALSE,FALSE,negativo,106,3.4,FALSE,FALSE,FALSE
921,2026-04-01,auth,FALSE,FALSE,negativo,145,12.1,FALSE,FALSE,FALSE
1373,2026-07-12,db,FALSE,FALSE,negativo,72,10.8,FALSE,FALSE,FALSE
1695,2026-09-19,auth,FALSE,FALSE,negativo,34,2.8,FALSE,FALSE,FALSE
330,2026-06-27,auth,FALSE,FALSE,negativo,45,0.9,FALSE,FALSE,FALSE
1669,2026-09-20,auth,FALSE,FALSE,positivo,95,5.7,FALSE,FALSE,FALSE
1502,2026-10-20,auth,FALSE,FALSE,negativo,65,12.7,FALSE,FALSE,FALSE
1679,2026-07-03,auth,FALSE,NA,negativo,58,6.9,FALSE,FALSE,FALSE
2168,2026-02-06,api,FALSE,FALSE,negativo,17,NA,FALSE,FALSE,NA
288,2026-12-04,db,FALSE,FALSE,negativo,114,3.8,FALSE,FALSE,FALSE
2204,2026-08-11,ui,FALSE,FALSE,negativo,167,99999,FALSE,FALSE,FALSE
1234,2026-12-07,auth,FALSE,FALSE,negativo,212,4,FALSE,FALSE,FALSE
734,NA,api,FALSE,FALSE,negativo,19,6.4,FALSE,FALSE,FALSE
1084,2026-06-03,db,FALSE,FALSE,negativo,23,8.2,FALSE,FALSE,FALSE
1187,2026-06-17,db,TRUE,FALSE,negativo,121,11.8,FALSE,FALSE,FALSE
1272,2026-08-24,ui,FALSE,NA,negativo,35,3.3,FALSE,FALSE,FALSE
1734,2026-10-15,ui,FALSE,FALSE,negativo,NA,11.5,FALSE,TRUE,FALSE
712,2026-08-15,auth,TRUE,FALSE,negativo,58,6.1,FALSE,FALSE,FALSE
2324,2026-01-28,auth,FALSE,NA,negativo,325,11.6,FALSE,FALSE,FALSE
1260,2026-12-27,auth,TRUE,FALSE,negativo,180,5.1,FALSE,FALSE,FALSE
10,2026-04-10,auth,FALSE,FALSE,positivo,29,6.2,TRUE,FALSE,FALSE
455,2026-09-14,api,TRUE,FALSE,negativo,15,3.5,FALSE,FALSE,FALSE
1334,2026-06-06,api,FALSE,FALSE,negativo,60,2.2,FALSE,FALSE,FALSE
2380,2026-09-09,db,FALSE,FALSE,negativo,121,3.7,TRUE,FALSE,FALSE
1217,2026-02-03,api,FALSE,FALSE,negativo,152,2,FALSE,FALSE,FALSE
2443,2026-03-03,auth,FALSE,FALSE,negativo,81,5.9,FALSE,FALSE,FALSE
1251,2026-03-03,ui,FALSE,FALSE,negativo,19,NA,FALSE,FALSE,NA
1569,2026-10-12,ui,FALSE,FALSE,negativo,250,NA,FALSE,FALSE,NA
571,2026-09-18,db,FALSE,FALSE,negativo,273,6.7,FALSE,FALSE,FALSE
1735,2026-03-13,db,FALSE,FALSE,negativo,129,0.7,FALSE,FALSE,FALSE
2013,2026-05-27,api,FALSE,FALSE,negativo,65,1.8,FALSE,FALSE,FALSE
621,2026-02-13,db,FALSE,FALSE,negativo,65,1,TRUE,FALSE,FALSE
2203,2026-09-02,api,FALSE,FALSE,negativo,99,NA,FALSE,FALSE,TRUE
638,2026-01-14,api,FALSE,FALSE,negativo,25,3.6,FALSE,FALSE,FALSE
2311,2026-04-22,auth,TRUE,TRUE,positivo,68,10.1,FALSE,FALSE,FALSE
1535,2026-09-13,ui,FALSE,FALSE,negativo,117,1.1,FALSE,FALSE,FALSE
904,2026-09-11,api,TRUE,TRUE,positivo,30,3.3,FALSE,FALSE,FALSE
1675,2026-11-10,db,FALSE,FALSE,negativo,28,4.4,FALSE,FALSE,FALSE
1073,2026-09-03,auth,FALSE,FALSE,negativo,86,16.3,FALSE,FALSE,FALSE
1075,2026-06-04,ui,FALSE,FALSE,negativo,17,2,FALSE,FALSE,FALSE
1702,2026-07-06,ui,TRUE,FALSE,negativo,18,6.5,FALSE,FALSE,FALSE
431,2026-01-20,ui,FALSE,FALSE,negativo,28,4.7,FALSE,FALSE,FALSE
117,2026-03-21,api,FALSE,FALSE,negativo,41,9.4,FALSE,FALSE,FALSE
1031,2026-11-18,api,FALSE,FALSE,negativo,29,17.2,FALSE,FALSE,FALSE
1105,2026-08-19,auth,TRUE,FALSE,negativo,259,5.5,FALSE,FALSE,FALSE
450,2026-07-10,auth,FALSE,FALSE,negativo,132,12.3,TRUE,FALSE,FALSE
2436,2026-10-13,auth,FALSE,FALSE,negativo,72,6.2,FALSE,FALSE,FALSE
788,2026-11-05,ui,FALSE,FALSE,negativo,202,5.6,FALSE,FALSE,FALSE
2198,2026-02-05,api,FALSE,FALSE,negativo,99,6.2,FALSE,FALSE,FALSE
2562,2026-08-17,db,FALSE,FALSE,negativo,11,5.7,FALSE,FALSE,FALSE
1807,2026-01-25,auth,FALSE,FALSE,negativo,84,NA,FALSE,FALSE,NA
1600,2026-11-16,ui,FALSE,FALSE,positivo,19,11.5,FALSE,FALSE,FALSE
2081,2026-10-09,api,FALSE,FALSE,negativo,94,2.4,FALSE,FALSE,FALSE
1389,2026-01-15,auth,TRUE,FALSE,positivo,231,99999,FALSE,FALSE,FALSE
1497,2026-12-12,auth,FALSE,FALSE,negativo,32,9.8,FALSE,FALSE,FALSE
1611,2026-02-21,api,FALSE,FALSE,negativo,61,1.6,FALSE,FALSE,FALSE
1573,2026-09-21,ui,FALSE,FALSE,negativo,31,16.5,FALSE,FALSE,FALSE
701,2026-07-03,auth,TRUE,TRUE,positivo,51,99999,FALSE,FALSE,FALSE
1424,NA,auth,FALSE,FALSE,negativo,183,1.7,FALSE,FALSE,FALSE
2408,2026-01-21,ui,FALSE,FALSE,negativo,71,2.6,FALSE,FALSE,FALSE
2272,2026-10-13,auth,FALSE,FALSE,negativo,144,9.9,FALSE,FALSE,FALSE
1413,2026-07-19,auth,FALSE,FALSE,negativo,80,6.2,FALSE,FALSE,FALSE
496,2026-04-06,api,FALSE,FALSE,negativo,51,3.3,FALSE,FALSE,FALSE
2169,2026-01-04,api,FALSE,FALSE,negativo,33,8.3,FALSE,FALSE,FALSE
2162,2026-10-17,ui,FALSE,NA,negativo,112,9.2,FALSE,FALSE,FALSE
468,2026-05-15,auth,FALSE,FALSE,negativo,32,9.4,FALSE,FALSE,FALSE
2034,2026-05-10,db,FALSE,FALSE,negativo,109,1.8,FALSE,FALSE,FALSE
953,2026-01-04,auth,FALSE,FALSE,negativo,37,2.7,FALSE,FALSE,FALSE
1002,2026-11-15,ui,FALSE,FALSE,negativo,39,4.5,TRUE,FALSE,FALSE
1888,2026-09-21,ui,FALSE,FALSE,negativo,168,1.5,FALSE,FALSE,FALSE
2459,2026-07-10,ui,FALSE,FALSE,negativo,122,3.8,FALSE,FALSE,FALSE
714,2026-01-07,db,FALSE,FALSE,negativo,255,11,FALSE,FALSE,FALSE
251,2026-09-20,auth,FALSE,FALSE,negativo,117,16.4,TRUE,FALSE,FALSE
888,2026-08-07,auth,FALSE,FALSE,negativo,90,6.6,FALSE,FALSE,FALSE
1230,2026-04-03,auth,FALSE,FALSE,negativo,40,14.3,FALSE,FALSE,FALSE
1210,2026-02-28,auth,TRUE,FALSE,positivo,59,3.6,FALSE,FALSE,FALSE
2026,2026-09-20,api,TRUE,NA,positivo,40,5.6,FALSE,FALSE,FALSE
1138,NA,ui,TRUE,FALSE,negativo,20,11.4,FALSE,FALSE,FALSE
355,2026-05-05,ui,FALSE,FALSE,negativo,142,5.6,FALSE,FALSE,FALSE
1154,2026-08-24,ui,FALSE,FALSE,positivo,149,10.8,FALSE,FALSE,FALSE
1975,2026-01-24,ui,FALSE,FALSE,negativo,170,5.5,FALSE,FALSE,FALSE
1964,2026-08-20,auth,TRUE,FALSE,negativo,29,5.2,FALSE,FALSE,FALSE
989,2026-05-26,api,FALSE,FALSE,negativo,155,6.7,FALSE,FALSE,FALSE
1773,2026-07-02,ui,FALSE,FALSE,negativo,175,NA,FALSE,FALSE,NA
2059,2026-08-05,auth,FALSE,FALSE,negativo,60,7.2,FALSE,FALSE,FALSE
825,2026-08-10,auth,FALSE,FALSE,negativo,121,4.3,FALSE,FALSE,FALSE
1063,2026-10-03,ui,FALSE,FALSE,negativo,43,1.4,FALSE,FALSE,FALSE
922,2026-02-10,api,FALSE,FALSE,negativo,33,14.8,FALSE,FALSE,FALSE
47,2026-11-12,auth,FALSE,FALSE,negativo,53,4.9,FALSE,FALSE,FALSE
2568,2026-06-12,ui,FALSE,FALSE,negativo,103,4.2,FALSE,FALSE,FALSE
2158,2026-09-06,ui,FALSE,FALSE,negativo,18,10.5,FALSE,FALSE,FALSE
2448,2026-05-28,auth,FALSE,FALSE,negativo,34,6.9,FALSE,FALSE,FALSE
339,2026-12-16,auth,FALSE,FALSE,negativo,122,1.3,FALSE,FALSE,FALSE
1758,2026-03-21,db,FALSE,FALSE,negativo,155,2.3,FALSE,FALSE,FALSE
656,2026-06-22,db,FALSE,FALSE,negativo,67,13.5,FALSE,FALSE,FALSE
2098,2026-04-17,api,FALSE,FALSE,negativo,66,5,FALSE,FALSE,FALSE
325,2026-07-24,auth,FALSE,FALSE,negativo,24,20.9,FALSE,FALSE,FALSE
2304,2026-06-03,auth,FALSE,FALSE,negativo,112,7.7,FALSE,FALSE,FALSE
1820,2026-05-23,db,FALSE,TRUE,positivo,304,17.1,FALSE,FALSE,FALSE
2497,2026-09-18,auth,FALSE,FALSE,negativo,52,8.2,FALSE,FALSE,FALSE
2320,2026-05-06,auth,FALSE,FALSE,negativo,24,3.8,FALSE,FALSE,FALSE
2567,2026-05-14,auth,FALSE,FALSE,negativo,83,5.4,FALSE,FALSE,FALSE
2500,2026-03-27,db,FALSE,FALSE,negativo,25,NA,FALSE,FALSE,NA
2267,2026-06-10,auth,FALSE,FALSE,negativo,792,8.9,FALSE,FALSE,FALSE
2590,2026-11-27,auth,FALSE,FALSE,positivo,94,4.3,FALSE,FALSE,FALSE
234,2026-09-06,auth,FALSE,FALSE,negativo,50,9.6,FALSE,FALSE,FALSE
832,2026-02-25,db,FALSE,FALSE,negativo,127,16.8,FALSE,FALSE,FALSE
749,2026-06-18,auth,FALSE,FALSE,negativo,25,8,FALSE,FALSE,FALSE
1155,2026-06-13,auth,TRUE,TRUE,positivo,150,34.6,FALSE,FALSE,FALSE
872,2026-11-04,db,FALSE,FALSE,NA,37,5.2,FALSE,FALSE,FALSE
201,2026-09-03,db,FALSE,NA,negativo,520,7.7,FALSE,FALSE,FALSE
1207,2026-11-22,auth,FALSE,FALSE,negativo,56,1.6,FALSE,FALSE,FALSE
1024,2026-05-22,api,NA,FALSE,negativo,23,10.5,TRUE,FALSE,FALSE
2422,2026-05-04,ui,TRUE,FALSE,positivo,78,2.3,FALSE,FALSE,FALSE
1078,2026-07-16,auth,FALSE,FALSE,negativo,128,1.6,FALSE,FALSE,FALSE
666,2026-01-20,api,FALSE,FALSE,positivo,20,11.2,TRUE,FALSE,FALSE
1157,2026-01-01,auth,FALSE,FALSE,negativo,37,7.1,FALSE,FALSE,FALSE
113,2026-06-05,api,TRUE,FALSE,negativo,45,11.6,FALSE,FALSE,FALSE
2514,2026-09-20,auth,FALSE,FALSE,positivo,110,9.2,FALSE,FALSE,FALSE
1892,2026-12-18,ui,FALSE,FALSE,negativo,101,1.4,FALSE,FALSE,FALSE
1315,2026-12-08,ui,FALSE,FALSE,negativo,19,11.8,FALSE,FALSE,FALSE
1364,2026-01-21,auth,FALSE,FALSE,negativo,18,4.7,FALSE,FALSE,FALSE
2066,2026-02-11,db,FALSE,FALSE,positivo,166,2.1,FALSE,FALSE,FALSE
256,2026-01-06,auth,FALSE,FALSE,negativo,48,1.8,FALSE,FALSE,FALSE
596,2026-11-17,auth,FALSE,FALSE,negativo,124,2.4,FALSE,FALSE,FALSE
15,2026-02-27,auth,FALSE,FALSE,negativo,129,0.5,FALSE,FALSE,FALSE
1791,2026-10-07,auth,FALSE,NA,negativo,86,5,FALSE,FALSE,FALSE
423,2026-01-13,auth,FALSE,FALSE,negativo,108,NA,FALSE,FALSE,NA
1836,2026-04-01,auth,FALSE,FALSE,negativo,63,4.3,FALSE,FALSE,FALSE
1559,2026-06-08,api,FALSE,FALSE,negativo,33,8.3,FALSE,FALSE,FALSE
235,2026-08-18,api,FALSE,FALSE,negativo,17,2.5,FALSE,FALSE,FALSE
1403,2026-05-01,auth,FALSE,FALSE,negativo,61,1.6,FALSE,FALSE,FALSE
2297,2026-09-25,api,FALSE,FALSE,negativo,29,2,FALSE,FALSE,FALSE
1281,2026-06-06,api,FALSE,FALSE,negativo,256,2.5,FALSE,FALSE,FALSE
2101,2026-09-06,auth,FALSE,FALSE,negativo,25,1.7,FALSE,FALSE,FALSE
2154,2026-12-10,auth,TRUE,TRUE,negativo,26,1,FALSE,FALSE,FALSE
1567,2026-05-25,auth,NA,FALSE,negativo,157,NA,FALSE,FALSE,NA
533,2026-11-18,api,FALSE,FALSE,negativo,51,1.5,FALSE,FALSE,FALSE
2360,2026-05-09,auth,FALSE,FALSE,NA,64,7.2,FALSE,FALSE,FALSE
614,2026-12-27,api,TRUE,TRUE,negativo,40,5.9,FALSE,FALSE,FALSE
1212,2026-05-07,auth,FALSE,FALSE,negativo,101,10.5,FALSE,FALSE,FALSE
418,2026-06-07,api,FALSE,FALSE,negativo,21,6.4,FALSE,FALSE,FALSE
1899,2026-10-05,ui,FALSE,FALSE,negativo,513,4.2,FALSE,FALSE,FALSE
224,2026-02-15,api,FALSE,FALSE,negativo,62,NA,FALSE,FALSE,NA
1444,2026-12-16,db,FALSE,FALSE,negativo,23,20.4,FALSE,FALSE,FALSE
2420,2026-03-12,api,FALSE,FALSE,negativo,66,6.1,FALSE,FALSE,FALSE
868,2026-05-26,db,FALSE,FALSE,negativo,84,3.7,FALSE,FALSE,FALSE
1308,2026-09-09,db,FALSE,FALSE,negativo,NA,12.8,FALSE,TRUE,FALSE
837,2026-03-09,api,FALSE,FALSE,negativo,17,4.8,FALSE,FALSE,FALSE
1674,2026-12-22,api,FALSE,FALSE,negativo,80,1.7,FALSE,FALSE,FALSE
2587,2026-10-27,db,FALSE,FALSE,negativo,35,5.1,FALSE,FALSE,FALSE
100,2026-09-23,auth,TRUE,TRUE,positivo,15,18,FALSE,FALSE,FALSE
1871,2026-01-05,db,FALSE,FALSE,negativo,9,5.8,FALSE,FALSE,FALSE
2271,2026-12-17,db,FALSE,FALSE,negativo,55,14.9,FALSE,FALSE,FALSE
1761,2026-05-15,api,FALSE,FALSE,negativo,71,2.3,FALSE,FALSE,FALSE
1401,2026-12-23,api,FALSE,FALSE,negativo,43,3,TRUE,FALSE,FALSE
241,2026-02-21,db,FALSE,FALSE,negativo,139,5.2,FALSE,FALSE,FALSE
705,NA,db,TRUE,FALSE,negativo,36,8.9,FALSE,FALSE,FALSE
687,2026-10-17,ui,FALSE,FALSE,negativo,43,99999,FALSE,FALSE,FALSE
852,2026-09-26,auth,FALSE,FALSE,negativo,36,16.1,FALSE,FALSE,FALSE
1336,2026-10-13,auth,FALSE,FALSE,negativo,158,NA,FALSE,FALSE,NA
1203,2026-02-09,api,FALSE,FALSE,negativo,173,5.7,FALSE,FALSE,FALSE
1419,2026-05-18,db,FALSE,NA,negativo,53,7,FALSE,FALSE,FALSE
2212,2026-11-03,auth,FALSE,FALSE,negativo,89,3.3,FALSE,FALSE,FALSE
1132,2026-04-25,api,FALSE,FALSE,negativo,100,12.9,FALSE,FALSE,FALSE
2415,2026-12-18,api,FALSE,FALSE,negativo,84,3,FALSE,FALSE,FALSE
1580,2026-07-23,db,FALSE,FALSE,negativo,74,13.5,FALSE,FALSE,FALSE
2088,2026-08-06,auth,FALSE,FALSE,negativo,35,4.7,FALSE,FALSE,FALSE
1849,2026-08-07,auth,FALSE,FALSE,negativo,98,10.8,FALSE,FALSE,FALSE
250,2026-01-19,auth,FALSE,FALSE,negativo,79,NA,FALSE,FALSE,NA
1732,2026-04-25,api,FALSE,FALSE,negativo,91,2.1,FALSE,FALSE,FALSE
451,2026-10-05,auth,FALSE,FALSE,negativo,15,3,FALSE,FALSE,FALSE
572,2026-04-07,auth,FALSE,FALSE,negativo,18,99999,FALSE,FALSE,FALSE
37,2026-02-15,auth,FALSE,FALSE,negativo,155,99999,FALSE,FALSE,FALSE
326,2026-09-15,auth,FALSE,FALSE,negativo,36,4.1,FALSE,FALSE,FALSE
1848,2026-10-12,db,FALSE,TRUE,negativo,22,20.8,FALSE,FALSE,FALSE
1257,2026-02-25,api,FALSE,FALSE,negativo,22,6.1,FALSE,FALSE,FALSE
1677,NA,ui,FALSE,FALSE,negativo,38,4.1,FALSE,FALSE,FALSE
1321,2026-01-22,auth,FALSE,FALSE,negativo,187,7.6,FALSE,FALSE,FALSE
1805,2026-06-16,api,FALSE,FALSE,negativo,130,7.9,FALSE,FALSE,FALSE
1204,2026-01-05,db,FALSE,FALSE,negativo,79,2.3,FALSE,FALSE,FALSE
2530,2026-11-03,db,FALSE,FALSE,negativo,316,2,FALSE,FALSE,FALSE
301,2026-09-07,auth,FALSE,FALSE,negativo,260,6.3,FALSE,FALSE,FALSE
1049,2026-10-18,ui,FALSE,FALSE,negativo,21,4.5,FALSE,FALSE,FALSE
1052,2026-01-19,ui,FALSE,FALSE,negativo,47,5,FALSE,FALSE,FALSE
1041,2026-12-24,auth,FALSE,FALSE,negativo,21,7,TRUE,FALSE,FALSE
1639,2026-02-03,auth,FALSE,FALSE,negativo,25,3,FALSE,FALSE,FALSE
138,2026-08-11,ui,FALSE,FALSE,negativo,21,3.8,FALSE,FALSE,FALSE
581,2026-09-12,auth,FALSE,FALSE,negativo,26,4.4,FALSE,FALSE,FALSE
1996,2026-06-08,auth,FALSE,FALSE,negativo,13,11.4,FALSE,FALSE,FALSE
283,2026-05-07,auth,TRUE,FALSE,positivo,28,16.3,FALSE,FALSE,FALSE
278,2026-02-26,auth,FALSE,FALSE,negativo,217,19.3,FALSE,FALSE,FALSE
1579,2026-02-21,ui,TRUE,FALSE,negativo,57,8.4,FALSE,FALSE,FALSE
2450,2026-12-20,auth,FALSE,FALSE,negativo,31,3.8,FALSE,FALSE,FALSE
487,2026-11-22,auth,TRUE,FALSE,negativo,44,1.7,FALSE,FALSE,FALSE
2180,2026-02-13,auth,FALSE,FALSE,negativo,27,4,FALSE,FALSE,FALSE
1914,2026-08-08,auth,FALSE,FALSE,negativo,105,3.4,FALSE,FALSE,FALSE
617,2026-01-24,api,FALSE,FALSE,negativo,65,3.4,FALSE,FALSE,FALSE
1668,2026-07-05,auth,FALSE,NA,negativo,54,2.7,FALSE,FALSE,FALSE
346,2026-01-08,auth,FALSE,FALSE,negativo,59,1.7,FALSE,FALSE,FALSE
1482,2026-04-06,api,FALSE,FALSE,negativo,185,6.5,FALSE,FALSE,FALSE
1310,2026-09-22,ui,TRUE,TRUE,positivo,19,NA,FALSE,FALSE,NA
1935,2026-12-11,ui,FALSE,FALSE,negativo,57,8.5,FALSE,FALSE,FALSE
1752,2026-03-18,auth,FALSE,FALSE,negativo,85,13,FALSE,FALSE,FALSE
622,2026-09-12,api,FALSE,FALSE,negativo,62,9.8,FALSE,FALSE,FALSE
894,2026-08-08,ui,FALSE,FALSE,negativo,210,4.6,FALSE,FALSE,FALSE
76,2026-01-16,api,FALSE,FALSE,negativo,196,8.4,FALSE,FALSE,FALSE
1772,2026-04-03,api,FALSE,FALSE,negativo,103,5.8,FALSE,FALSE,FALSE
937,2026-05-21,ui,FALSE,FALSE,negativo,23,7.6,FALSE,FALSE,FALSE
1886,2026-01-21,ui,FALSE,FALSE,negativo,89,2.1,FALSE,FALSE,FALSE
243,2026-11-16,db,FALSE,FALSE,negativo,17,16.3,FALSE,FALSE,FALSE
736,2026-07-19,auth,FALSE,FALSE,positivo,24,15.2,FALSE,FALSE,FALSE
332,2026-12-10,auth,FALSE,FALSE,negativo,1012,7.1,TRUE,FALSE,FALSE
1608,2026-05-27,db,FALSE,FALSE,negativo,24,2.2,FALSE,FALSE,FALSE
8,2026-02-26,api,FALSE,FALSE,negativo,NA,4,FALSE,NA,FALSE
1152,2026-11-23,ui,FALSE,FALSE,negativo,49,10.7,FALSE,FALSE,FALSE
1596,2026-06-04,auth,FALSE,FALSE,negativo,70,4.9,FALSE,FALSE,FALSE
2440,2026-09-14,ui,FALSE,FALSE,negativo,122,4.9,FALSE,FALSE,FALSE
748,2026-04-28,db,FALSE,FALSE,negativo,41,2.6,FALSE,FALSE,FALSE
1471,2026-11-11,db,FALSE,FALSE,negativo,79,4.1,FALSE,FALSE,FALSE
1008,2026-11-08,api,FALSE,FALSE,negativo,21,0.5,FALSE,FALSE,FALSE
