id_evento,fecha,modulo,alerta,incidente_real,veredicto,tam_commit,t_respuesta_h
1153,,db,0,no,clean,148,"3,9"
781,2026/05/03 01:23,auth,NO,0,negativo,96,1.7
2228,2026/10/10 15:44, Api,No,0,-,16,"8,2"
2197,2026/08/12 03:45,db,false,0,negativo,-267,2.9
1558,24/09/2026,db,0,0,-,75,"1,9"
1858,2026/02/07 04:01,Auth,No,no,-,40,17.1
665,2026-11-12,database,SI,no,-,48,"9,9"
959,22/09/2026,db,No,no,+,9,"2,0"
1417,28/06/2026,UI,,0,limpio,123,"2,4"
1509,2026/02/25 01:29,db,false,no,clean,160,"9,2"
2466,2026/12/03 08:41,ui,false,0,limpio,38,1.9
671,2026/04/23 21:18,ui,no,0,limpio,63,"3,9"
1262,2026/09/26 21:31,AUTH,0,no,-,10,"3,4"
1650,,auth,true,sí,positivo,91,"13,5"
2067,2026/05/15 00:57,db,no,no,clean,56,"10,9"
229,23/08/2026,UI,0,no,limpio,76,3.0
2468,2026/08/05 13:14,auth,false,0,-,97,3.0
27,2026/11/09 05:38,auth,0,0,negativo,35,3.2
1868,2026-05-12,authentication,false,0,-,347,"4,2"
1133,2026/02/28 13:42,ui,no,no,limpio,12,1.3
640,10/02/2026,API,no,no,Malware,27,8.5
1248,2026-03-19, Api,No,0,limpio,28,2.7
1607,2026/03/08 08:51,api,false,0,negativo,10,3.0
512,2026-02-16,db,no,0,clean,117,"8,2"
1277,2026-10-07,ui,NO,0,limpio,67,2.3
1785,2026/12/01 16:22,auth,no,,limpio,36,"4,6"
574,2026/03/14 17:21,Api,0,0,clean,73,3.6
2307,22/02/2026,Api,false,no,-,150,10.1
2063,2026/02/07 22:08,API,NO,no,-,66,5.2
1872,2026/07/16 03:09,API,false,0,clean,20,99999
94,05/03/2026,DB,false,no,limpio,62,"9,1"
1522,06/05/2026,AUTH,false,0,clean,15,1.2
1158,2026-10-11,API,No,0,-,17,"10,0"
613,15/06/2026,db,0,0,limpio,999999,"1,3"
2428,2026-11-02,db,no,0,-,136,4.7
1885,2026/06/03 11:15,Api,no,no,negativo,66,"15,8"
835,2026-11-11,API,NO,0,-,112,"3,7"
2595,2026-10-16,api,No,0,clean,118,"0,8"
2225,2026/09/03 01:25,auth,NO,0,clean,51,8.2
2364,2026-10-25,db,NO,0,,25,"11,2"
1387,2026/05/02 18:14,db,no,0,-,25,"4,7"
836,2026-12-08,AUTH,NO,0,clean,70,"14,8"
231,2026/10/17 00:40,auth,No,0,clean,47,5.3
810,2026/09/05 08:10,API,0,no,clean,40,2.0
65,2026-08-17,ui,NO,no,negativo,,4.1
369,2026-12-06,Auth,false,no,negativo,8,"7,2"
1539,14/09/2026,authentication,no,unknown,limpio,,4.0
1895,2026-07-13,db,no,0,+,23,"9,2"
1021,21/10/2026, api,sí,no,-,56,13.3
2452,09/01/2026,UI,NO,0,clean,185,5.7
1546,2026/10/20 20:49,db,false,0,-,34,"6,4"
2153,2026-10-03,authentication,no,unknown,+,155,4.7
88,16/11/2026,Auth ,No,no,-,59,2.7
1415,2026-03-22,database,Si,si,+,41,33.4
1597,2026/07/11 20:21,auth,no,0,-,113,"2,6"
1672,2026-11-10,api,false,0,positivo,76,"6,1"
274,21/03/2026,api,false,0,limpio,81,
575,2026/04/15 12:30,db,NO,no,limpio,44,2.1
664,23/09/2026, authentication,no,no,limpio,102,"0,5"
1904,2026-08-18,AUTH,no,0,limpio,56,12.3
1646,2026/06/24 12:25,api ,,no,negativo,147,"1,4"
1528,2026/11/03 05:22,Api,0,0,clean,119,"7,5"
236,22/12/2026,auth,no,no,-,,3.2
1854,2026/02/27 23:13,Api,NO,0,limpio,62,"6,3"
633,,API,NO,no,limpio,163,"2,9"
246,2026-03-18,api,No,0,limpio,157,"6,9"
203,2026-12-02,authentication,,si,Malware,115,"30,9"
2020,28/08/2026,Auth,no,no,negativo,44,"3,8"
683,,UI,false,0,clean,36,6.1
1328,19/05/2026,auth,false,no,negativo,219,-6.5
1092,2026/05/19 13:09,auth,0,0,-,200,4.2
1270,07/02/2026,api,yes,0,-,34,1.5
618,2026-10-09,authentication,false,0,clean,83,5.1
492,2026-07-04,UI,yes,0,-,320,"4,8"
1358,2026/05/20 03:20,Auth,NO,no,limpio,124,"13,4"
2208,2026/02/13 17:16,UI,No,0,-,71,"4,3"
2339,,API,si,1,Malware,,"7,6"
1787,2026-02-01,DB,No,no,negativo,27,10.9
1100,2026-02-03,DB,no,,negativo,7,7.7
585,03/04/2026,Api,false,0,negativo,24,"4,2"
2558,07/06/2026,database,No,0,limpio,46,1.5
1463,08/09/2026,auth,NO,0,clean,126,"6,4"
1313,2026/07/12 23:12,auth,No,0,-,23,4.6
677,2026-10-28,AUTH,false,0,negativo,79,"1,6"
102,2026-07-20,UI,no,no,clean,58,3.4
410,2026/06/26 15:26,db,false,no,clean,18,"1,8"
2525,,database,si,no,-,16,-5.9
413,14/11/2026, AUTH ,NO,0,clean,28,"0,7"
1480,2026-08-08,ui,No,0,negativo,62,"2,6"
218,2026-09-17,api,no,0,negativo,71,12.8
1883,2026/05/17 07:56,api,No,no,negativo,28,4.6
1544,07/03/2026,Auth,NO,0,clean,12,8.5
931,24/10/2026,API,no,0,clean,658,6.9
1554,2026/04/13 20:58,api,NO,0,clean,79,-4.2
1062,2026/03/08 01:11,authentication,false,0,-,192,"4,9"
2140,05/11/2026,database,false,0,-,9,0.5
322,25/07/2026,api,0,no,negativo,29,10.4
85,2026-01-12, api ,false,0,clean,28,5.0
2358,22/09/2026,authentication,false,0,negativo,19,0.3
968,2026-02-20,UI,N/A,no,negativo,75,8.5
2552,03/09/2026,db,no,unknown,clean,19,12.9
579,2026-11-10, Auth ,sí,1,+,128,17.8
1517,2026/08/06 06:58,db,false,0,clean,24,"4,7"
750,2026-09-16,Api,No,,-,22,-6.3
1011,24/07/2026,db,0,0,negativo,17,5.1
2181,2026/09/27 13:15,UI,false,0,negativo,22,9.6
407,2026-04-25,database,NO,0,clean,31,4.0
257,2026-11-02,Auth,no,0,negativo,-87,-14.4
1563,2026-02-27,API,no,0,limpio,15,9.6
111,2026/06/03 20:59,api ,0,0,-,363,5.5
131,2026/11/07 17:06,api,1,si,negativo,30,2.0
97,05/09/2026,authentication,false,no,clean,63,6.8
1113,2026-10-25,DB,no,0,-,107,1.6
2385,19/06/2026,API,yes,0,-,26,3.8
1301,2026/07/27 05:00, db ,no,0,limpio,140,2.3
444,12/10/2026,UI,SI,0,-,16,"5,1"
144,22/03/2026,db,N/A,0,clean,159,8.6
558,14/05/2026,UI,1,0,+,22,"3,8"
659,2026-04-04,api,si,1,+,46,"10,7"
489,2026/06/28 12:58,authentication,si,1,positivo,110,11.4
965,25/03/2026,Auth,NO,0,clean,75,-1.3
370,2026/04/21 10:37, UI ,false,0,clean,41,12.1
1641,,db,No,0,negativo,116,"1,1"
2418,04/05/2026,api,no,0,-,103,99999
1725,06/10/2026,db,0,0,clean,178,6.1
1922,,auth,false,no,negativo,155,2.5
1944,2026/12/10 02:44,ui,NO,0,clean,57,"10,4"
976,09/06/2026,API,yes,no,-,214,"5,5"
186,2026-03-07,API,N/A,0,limpio,28,2.7
1074,25/03/2026,api,yes,no,limpio,289,5.4
690,2026/12/05 22:03,DB,no,0,negativo,72,7.5
1327,2026-09-27,authentication,No,0,clean,58,7.6
842,2026-04-01,UI,yes,0,clean,91,"8,8"
728,2026/11/06 00:41,api,NO,0,-,10,"2,5"
310,2026-07-27,UI,NO,no,-,29,"6,1"
1727,2026-05-04,authentication,0,0,negativo,36,"7,0"
1643,08/12/2026,ui,N/A,0,negativo,30,11.1
405,2026/12/23 07:03,DB,false,0,clean,36,99999
1247,13/08/2026,auth,NO,,-,999999,"5,0"
1986,2026-01-13,Api,0,0,limpio,17,4.3
726,2026-11-14, Auth,No,no,clean,36,"5,8"
524,05/05/2026,api,no,0,clean,81,"1,8"
780,2026/08/09 11:18,Auth,NO,0,-,61,3.9
727,2026-06-07,API,0,0,negativo,47,6.1
2534,2026-05-27,authentication,false,no,limpio,354,6.8
2343,2026/12/04 00:02,AUTH,No,no,-,27,"3,0"
790,2026-04-08,AUTH,No,0,MALWARE,37,8.7
1853,2026/01/02 14:34,DB,no,0,-,87,"2,1"
1965,2026-08-04,ui,0,no,limpio,201,"3,4"
995,2026/01/25 20:52,Auth,no,0,clean,999999,3.5
1547,2026-02-16,Auth,no,no,MALWARE,118,"5,3"
311,10/01/2026,Auth,false,no,-,75,5.2
299,2026/02/19 19:13,AUTH,0,0,negativo,-49,0.5
1750,,api,0,no,negativo,50,"2,5"
2546,2026-04-01,authentication,false,no,clean,44,"5,1"
2336,2026/06/24 02:28,UI,,0,negativo,301,"2,7"
1866,2026/07/24 21:44,Api,false,0,limpio,34,16.0
784,2026-01-08,Auth,0,0,negativo,77,1.9
1121,2026/10/14 04:12,Api,0,0,clean,18,"0,3"
1359,2026-08-16,AUTH,NO,0,limpio,46,0.9
2571,2026-05-24,db,no,no,negativo,79,5.7
980,2026-05-10,Auth,No,0,limpio,206,3.3
193,2026/09/24 04:26,api,NO,0,-,16,
2175,12/07/2026,api,NO,0,clean,119,"3,6"
1440,2026/07/24 18:58,ui,No,0,negativo,108,4.4
1835,2026/09/25 06:50,Api,0,0,negativo,202,4.9
1099,2026/07/04 11:51,API,no,0,limpio,105,99999
1205,2026-10-04,Api,yes,0,-,37,"2,4"
744,2026/11/15 03:28,auth,0,no,limpio,60,"2,1"
135,06/12/2026,Api,Si,1,MALWARE,117,14.8
308,2026-09-28,auth,NO,no,clean,48,6.0
1393,2026/08/10 10:22,api,false,0,clean,228,"4,1"
458,2026/08/20 14:55,db ,No,0,clean,47,"2,5"
1531,2026/12/14 13:32,API,yes,1,+,48,5.8
2596,2026-09-20,db,NO,0,limpio,28,-8.5
452,2026-07-02,ui,no,0,clean,67,"0,2"
221,2026/11/20 06:29,database,true,no,limpio,29,12.7
738,13/08/2026,ui,No,0,negativo,31,
2417,2026-09-18,Api,0,0,,40,"2,6"
1594,15/02/2026,db,yes,sí,positivo,150,"8,2"
559,2026-12-06, auth ,No,no,limpio,32,4.5
2134,01/03/2026,db,no,no,limpio,67,"7,2"
2550,2026/03/28 11:30,API,no,0,limpio,24,3.8
1908,28/03/2026,auth,NO,no,negativo,44,6.0
202,2026/09/09 03:24,database,SI,1,+,54,"23,3"
1923,2026-03-01,Auth,true,no,-,217,"8,0"
508,,db,No,0,clean,47,3.4
587,2026-07-18,api,NO,0,negativo,203,5.2
109,2026-09-03,DB,No,no,-,81,7.0
2031,2026-12-26,AUTH,,no,-,18,0.6
2338,2026-10-21,api,true,si,Malware,29,"7,7"
1188,2026-05-17,api,si,0,limpio,18,13.8
73,08/06/2026,authentication,si,1,Malware,71,"28,6"
2047,2026-09-07,Auth,0,no,negativo,139,9.2
1091,2026-04-12,Api,no,0,clean,30,12.5
1181,2026/09/16 20:08,db,si,1,+,20,16.5
2381,04/11/2026,api,0,0,clean,59,2.2
859,2026-02-06,db,SI,si,clean,75,99999
1231,12/10/2026,auth,NO,no,-,40,2.0
1351,14/02/2026,ui,No,no,-,57,7.2
292,,api,0,0,clean,37,5.7
1916,2026/04/05 11:49,api,,0,limpio,72,"7,9"
2184,2026-08-27,ui,0,0,clean,143,10.7
2397,,API,No,0,clean,34,"7,9"
2463,2026/06/25 15:49, db,no,0,-,56,"7,9"
1709,2026/05/11 20:35,API,false,0,negativo,158,8.8
1958,04/02/2026,UI,false,no,-,67,4.6
1942,01/08/2026,api,no,0,limpio,95,"4,3"
316,2026-10-23,AUTH,0,no,-,45,"10,4"
1713,,UI,false,0,+,39,"1,7"
1186,10/08/2026,authentication,0,0,negativo,73,4.7
2425,2026/06/27 07:01,database,no,0,negativo,18,"13,8"
48,2026/04/01 09:59,Api,false,0,-,57,3.2
357,2026/01/26 17:29,api,No,0,limpio,81,"7,5"
1352,2026-06-15,api,false,0,+,64,6.3
2025,2026-06-09,auth,0,no,,22,3.1
945,2026-04-22,Api,,1,MALWARE,29,1.8
2392,2026-10-23,UI,false,0,limpio,27,9.9
1798,2026-11-13,API,sí,0,negativo,74,5.6
2157,2026-07-28, AUTH ,No,no,MALWARE,515,"17,0"
1825,23/06/2026,api,no,unknown,negativo,167,8.8
1088,2026-06-17,db,SI,0,limpio,107,"3,9"
2597,01/06/2026,auth,No,0,-,60,"3,3"
1837,2026-10-02,auth,false,0,clean,70,2.4
1946,2026/09/13 16:55,auth,false,no,negativo,18,10.7
2540,2026-02-14,auth,false,no,limpio,97,"7,6"
2380,09/09/2026,db,no,0,-,121,"3,7"
761,24/06/2026,api,NO,no,-,17,9.7
1211,2026-05-19,api,N/A,no,negativo,25,"4,9"
1879,21/12/2026,auth,NO,0,limpio,34,12.1
1446,10/07/2026,Auth,false,0,clean,250,"3,0"
1206,2026/12/04 21:54,UI,NO,0,negativo,311,"7,5"
2205,2026-01-23,Api ,NO,0,limpio,64,12.9
2003,2026-09-22,ui,No,no,limpio,65,2.1
679,2026-04-06,database,false,no,clean,108,11.8
354,2026-06-26,UI,0,0,-,17,8.3
1901,2026-12-20,api,0,no,clean,374,"8,9"
1425,19/02/2026, api ,no,0,-,22,"5,3"
1504,12/05/2026,api,no,0,-,12,"4,5"
1759,12/10/2026,AUTH,NO,0,-,50,2.4
962,2026/08/10 20:40,Api,false,no,clean,37,"9,1"
249,16/01/2026,API,0,0,limpio,102,1.3
1560,2026-10-19,authentication,no,0,limpio,241,"8,4"
2055,19/01/2026,UI,false,no,limpio,23,"1,2"
1151,2026-02-21,db,1,0,limpio,176,"1,4"
1961,,api,Si,0,clean,36,"4,5"
940,2026/09/18 04:00,api,No,0,clean,105,"9,5"
2526,11/12/2026,Api,,0,,129,"4,7"
1635,22/10/2026,Api,No,no,-,49,7.2
238,2026-11-12,API,NO,no,-,103,"19,6"
2210,2026-03-02,api,false,no,limpio,265,12.7
844,16/02/2026,api,0,0,,108,0.8
1218,14/09/2026,API,NO,no,negativo,90,7.1
1143,2026-07-12,Auth,No,0,,76,-1.4
350,2026-03-24,db,0,0,limpio,51,6.8
280,16/06/2026,auth,No,0,positivo,99,"7,4"
878,2026/02/10 09:02,ui,no,0,clean,49,"0,6"
783,2026-04-17,api,1,1,positivo,106,9.8
466,2026-06-16,ui,NO,0,clean,155,"0,8"
72,23/03/2026,AUTH,NO,0,MALWARE,71,"3,9"
1566,2026-10-14,api,NO,0,limpio,409,-5.1
2373,2026/07/18 15:01,auth,yes,1,negativo,91,10.2
910,2026/02/13 08:30,AUTH,Si,no,negativo,38,"4,6"
12,2026-09-09, api ,No,no,clean,35,99999
540,2026/05/25 05:55,database,0,0,Malware,62,11.0
2171,2026-01-01,api,true,0,-,91,4.2
454,2026-12-21,ui,0,0,limpio,67,"1,7"
1396,25/11/2026,Api,si,0,limpio,17,2.3
136,2026-06-22,api,0,0,,71,0.7
426,2026-08-24,AUTH,false,0,negativo,7,"11,3"
291,2026-04-08,API,0,0,negativo,118,"2,8"
1346,2026-07-04,DB,NO,0,negativo,49,5.7
177,2026-11-12,auth,no,0,clean,95,2.2
2039,2026/07/23 08:36, db ,SI,1,malware,13,"9,3"
753,2026-11-18,db,no,no,limpio,398,99999
1002,2026-11-15,ui,no,0,negativo,39,"4,5"
2244,2026/09/04 15:05,DB,false,0,-,65,"8,6"
2461,,ui,no,no,clean,214,"17,1"
1448,2026-12-22,Auth,false,no,limpio,50,9.3
706,2026/03/09 20:45, API ,false,0,limpio,92,"3,4"
1476,11/03/2026,Api,no,0,-,180,"2,0"
820,22/05/2026,Api,NO,no,-,97,99999
1305,2026-08-23,api,no,0,clean,58,"3,2"
2548,2026-06-13,AUTH,No,0,limpio,206,2.4
729,,Api,no,0,limpio,36,18.9
1998,12/08/2026,Api,NO,0,negativo,19,0.7
305,28/01/2026,auth,NO,0,negativo,30,"2,7"
499,2026-10-21,ui,1,0,negativo,5,-11.6
2273,2026-09-05,ui,N/A,no,-,66,"4,6"
2109,, db ,false,0,clean,29,"3,0"
56,2026-01-15, api ,false,no,negativo,,14.5
1710,2026-08-03,db,si,?,-,14,3.4
1615,2026/01/28 20:39,DB,false,no,clean,150,12.5
2079,2026-01-23,authentication,NO,0,limpio,32,"12,4"
2543,2026-07-02,authentication,NO,no,clean,73,8.6
504,2026-12-17,auth,0,no,limpio,103,6.2
1870,2026/10/25 12:15,authentication,NO,no,limpio,62,2.9
446,2026/11/21 07:11,auth,No,no,clean,53,"13,4"
217,2026/11/27 11:21,authentication,no,0,-,30,"5,8"
174,,Api,false,no,clean,37,12.4
2598,07/06/2026,auth,false,0,clean,98,"5,4"
2433,2026-07-01,DB,yes,0,limpio,59,1.9
798,05/10/2026,API,0,0,negativo,13,"7,7"
154,2026-07-27,api,yes,0,limpio,142,"10,9"
1536,2026/05/07 10:06,Api,false,no,-,228,14.6
399,2026-07-22,API,Si,unknown,malware,78,34.4
773,,database,no,0,negativo,140,5.2
1631,2026-09-07,ui,no,no,limpio,14,24.8
1595,28/07/2026,api,0,0,clean,177,4.3
1032,08/12/2026,ui,NO,0,MALWARE,29,"5,4"
1070,2026/10/13 03:33,auth,0,no,negativo,26,3.4
106,23/09/2026,auth,NO,0,-,17,"1,5"
525,17/10/2026,AUTH,No,0,clean,393,
2103,06/06/2026,AUTH,no,no,clean,6,9.3
1304,2026-08-10,api,No,0,clean,70,"1,9"
717,2026-09-26,Auth,NO,0,limpio,56,2.7
1134,20/10/2026,auth,Si,1,Malware,16,16.1
616,2026/11/24 05:32,ui,1,0,negativo,33,99999
530,16/11/2026,UI,no,no,-,347,"8,8"
1271,2026-04-08,db,0,no,clean,65,1.9
1938,24/06/2026,AUTH,0,?,negativo,124,3.8
4,2026/12/05 22:08,Auth,false,0,negativo,99,99999
2234,2026-09-25,api,No,0,negativo,194,"4,0"
807,03/11/2026,database,no,no,limpio,28,"2,2"
2279,2026-04-13, API ,no,no,-,143,"11,4"
69,08/06/2026,auth,true,0,limpio,57,"6,9"
1774,2026-12-10,ui,No,0,-,44,"19,6"
2391,2026-07-24,ui,no,0,-,139,0.7
1264,13/01/2026,authentication,false,0,clean,233,4.7
2457,2026-01-27,API,0,0,clean,77,"2,1"
1959,2026/04/15 03:40,UI,0,0,clean,63,"10,7"
284,2026/10/21 21:01,API,No,0,limpio,101,"7,5"
2041,2026-05-02,db,Si,si,positivo,91,"3,6"
2033,2026-10-01,Auth,0,0,-,59,4.4
1427,24/12/2026,DB,No,no,clean,96,9.9
9,2026-10-17,authentication,0,no,clean,67,"5,3"
1570,,Api,0,no,-,62,8.0
2328,2026/09/25 16:18,AUTH,No,0,limpio,88,
1724,14/04/2026,ui,0,0,clean,133,"2,1"
1464,2026/05/07 23:15,UI,no,no,limpio,55,12.6
1632,2026-07-09,AUTH,Si,0,clean,14,5.1
2365,2026-09-24,API,No,no,clean,71,5.8
1438,2026/02/20 20:59,auth,NO,0,-,131,2.1
691,18/03/2026,API,si,no,-,30,6.9
995,2026/01/25 20:52,Auth,no,0,clean,999999,3.5
247,2026/09/19 22:23,Api,false,0,-,19,4.0
368,06/10/2026,Auth,1,0,negativo,35,4.3
1571,2026/08/05 20:56, database,false,0,-,63,2.1
462,2026/08/26 06:18,ui,no,0,limpio,,4.8
2373,2026/07/18 15:01,auth,yes,1,clean,91,10.2
2287,01/02/2026,auth,SI,si,clean,-30,"2,9"
77,2026-09-22,UI,No,0,clean,115,7.4
2317,2026-01-07,auth,No,0,negativo,116,"3,1"
967,20/04/2026,AUTH,No,0,negativo,55,"6,7"
1887,2026/03/21 03:49,DB ,NO,no,clean,51,1.8
398,2026-05-14,ui,no,0,clean,27,5.1
233,20/10/2026,db,1,sí,MALWARE,19,9.5
112,2026-07-24,API,0,0,negativo,50,"8,5"
1603,2026-03-21,Api,no,0,clean,9,4.8
939,13/01/2026,AUTH,,0,limpio,169,"3,0"
1408,2026-12-06,Api,false,no,clean,18,5.0
44,24/08/2026,auth,yes,,-,53,"4,8"
1952,2026-04-11,ui,Si,no,-,68,13.6
402,02/07/2026,ui,0,0,limpio,89,7.8
62,2026-10-03,AUTH,NO,0,negativo,,"4,2"
2342,2026-03-25,auth,no,0,limpio,37,3.9
1703,2026-08-17,authentication,NO,no,clean,358,"8,7"
583,2026/11/05 07:03,UI,false,0,limpio,81,"8,2"
897,2026/11/05 03:35,api,no,0,clean,65,13.8
438,2026/09/26 15:00,db,no,0,positivo,419,8.0
1361,,Auth,NO,0,malware,29,"2,4"
703,2026-05-24,ui ,NO,0,clean,89,10.4
1010,2026/10/06 05:16,Api,0,0,negativo,27,"3,7"
1023,27/09/2026,UI,false,no,-,150,"7,2"
2352,2026-07-13,API,0,0,-,77,"7,9"
1367,2026-05-02,db,false,0,negativo,67,9.2
1079,2026-03-14,auth,,no,-,103,"1,1"
627,2026-01-12,api,false,0,negativo,67,0.9
2542,2026/04/22 11:55,Api,No,0,negativo,70,2.8
2281,2026-04-13,ui,0,0,negativo,49,3.7
1896,,auth,No,0,,60,
1737,,Api,true,1,MALWARE,93,-29.3
2037,2026/01/26 01:06,api,NO,,clean,36,10.7
1839,15/04/2026,db,no,0,negativo,41,6.6
2282,2026/12/05 07:07,AUTH ,0,0,limpio,48,"7,5"
479,2026/02/18 05:24,db,NO,0,negativo,36,"5,3"
621,2026-02-13,db,no,0,limpio,65,1.0
670,,API,NO,0,negativo,27,4.1
2411,2026/07/03 15:37,ui,No,0,-,153,0.3
169,04/10/2026,authentication,0,0,clean,12,"7,8"
1940,2026/04/17 14:28,ui,NO,0,clean,146,11.2
1610,2026/03/23 07:20,DB,0,no,-,64,"5,8"
2189,2026-02-16,auth,no,0,-,10,2.8
1399,2026-08-02,AUTH,true,si,+,19,"13,7"
1102,07/12/2026,database,false,no,negativo,79,"3,5"
1524,13/07/2026,authentication,NO,no,limpio,999999,0.6
1402,2026/10/28 09:19,auth,0,0,clean,26,
2469,08/05/2026,auth,No,0,negativo,40,6.3
1467,2026-08-09,db,NO,0,clean,23,1.9
1666,2026-06-25,api,no,0,-,82,3.7
1170,04/06/2026,DB,no,0,clean,64,17.4
86,2026-09-21,AUTH,false,no,clean,232,"11,7"
2479,2026/11/21 19:36,database,false,0,limpio,22,"7,3"
591,17/12/2026,api,0,0,clean,57,11.9
2475,2026-07-08,auth,SI,unknown,Malware,12,4.0
1221,2026-03-03,authentication,false,0,-,444,8.8
998,13/03/2026, DB ,,0,limpio,30,"8,0"
1324,05/03/2026,api,no,0,limpio,36,"13,3"
1764,21/04/2026,api,No,0,-,452,
1743,2026-06-16,Api,No,0,clean,14,"13,0"
1018,2026/05/26 16:45,authentication,si,0,negativo,32,10.6
2315,2026-10-01,db,No,no,negativo,24,"3,0"
1434,2026-09-21,API,NO,0,negativo,21,"9,2"
1299,2026-08-15,Api,No,no,-,173,
2077,14/03/2026,auth,No,?,negativo,54,"9,3"
858,2026-06-22,auth,0,0,clean,73,"4,4"
1200,2026/09/07 21:57,api,NO,no,negativo,44,5.4
130,19/11/2026,DB,no,0,-,197,
1553,2026/03/28 19:38,API,No,unknown,limpio,42,4.8
98,06/12/2026,api,no,,negativo,6,"6,3"
1829,2026-11-17,DB,sí,si,malware,75,35.3
1195,2026/02/02 08:44,api,no,no,limpio,56,2.9
2262,2026/12/21 02:08,api,NO,no,limpio,18,6.9
1746,2026/11/14 09:16,Auth,No,0,,37,"11,1"
1912,15/06/2026,DB,N/A,0,negativo,185,
631,2026/09/08 18:08,Api,0,0,MALWARE,44,2.2
1587,2026-02-16,api,No,no,limpio,20,5.8
1275,17/12/2026,api,false,no,-,57,"2,6"
1861,2026/04/15 21:06,db,0,no,clean,49,"3,4"
2163,2026-09-17,DB,0,0,negativo,60,"1,2"
1812,11/10/2026,api,0,no,clean,154,13.4
2537,2026-10-04,api,no,no,limpio,99,5.2
1898,2026/09/06 06:23,authentication,no,0,-,999999,0.7
2155,15/08/2026,db,no,0,negativo,77,"10,5"
752,2026/08/19 17:22,db,NO,0,negativo,42,
2173,26/03/2026,API,no,no,-,47,1.1
2557,2026-02-27,api,NO,0,negativo,42,5.9
1953,04/05/2026,AUTH,no,0,negativo,31,"2,0"
327,2026-05-16,API,no,0,negativo,119,7.1
556,2026-05-23,authentication,No,0,positivo,44,2.3
153,2026/05/05 04:07,auth,no,no,positivo,33,"10,0"
2061,2026-10-03,Api ,NO,0,clean,92,2.6
898,2026-03-04,api,no,0,limpio,46,-10.1
2330,2026-04-21,Api,sí,0,-,71,5.7
1024,2026-05-22,Api,,no,negativo,23,"10,5"
432,2026/02/03 16:14,Auth,0,0,clean,72,1.4
1971,2026-01-13,db,false,0,Malware,113,"1,0"
2451,08/10/2026, Api,NO,0,clean,38,"1,9"
1934,2026/06/04 03:10,UI,No,no,-,94,"8,8"
365,2026-12-17,database,0,no,negativo,,10.2
205,,api,no,unknown,negativo,84,13.4
2137,2026-03-24,database,0,0,clean,76,-6.9
244,2026-08-24,API,SI,1,,33,"5,3"
23,2026-06-26,authentication,No,no,-,16,16.7
1268,15/05/2026,api,no,0,limpio,176,4.4
2156,2026/08/03 19:41,UI,No,0,negativo,28,"4,0"
1983,21/04/2026,database,NO,0,-,82,"2,0"
2200,2026-05-04,db,No,0,-,244,2.3
2458,,DB,NO,no,negativo,174,"6,1"
920,2026-05-04,AUTH,no,no,-,174,2.1
502,09/03/2026,API,NO,no,negativo,150,"11,5"
2564,2026/04/22 05:19,db,0,0,limpio,40,6.1
1701,2026-09-24,Api,NO,0,negativo,109,10.8
163,28/05/2026,auth,0,0,-,69,6.1
1354,2026-04-08,api,N/A,0,negativo,30,12.3
419,14/07/2026,database,NO,no,-,27,"0,4"
1127,2026/08/12 14:20,api,si,0,negativo,153,3.2
2447,2026-01-03,api,yes,0,negativo,32,
647,09/10/2026,athu,NO,0,limpio,100,5.6
1718,2026-10-25,api,no,0,MALWARE,-75,1.5
329,2026/11/11 05:54,auth,false,0,limpio,54,2.2
2005,2026-11-26,auth,No,no,-,30,2.9
1080,2026-06-15,ui,NO,0,clean,139,"2,9"
1242,2026/07/01 06:46,DB,no,0,clean,40,"3,8"
1707,22/09/2026,Auth,0,0,-,36,"6,9"
160,02/12/2026,Auth,No,0,-,185,"18,4"
314,2026/01/09 17:22,DB,false,0,limpio,351,2.9
2144,2026-11-17,Auth,yes,no,limpio,9,
1009,11/04/2026,API,NO,no,negativo,56,16.3
331,28/10/2026,API,false,0,negativo,10,11.6
1243,,API,0,no,limpio,91,"2,5"
137,2026-10-07,Api,NO,no,negativo,30,"7,2"
1433,2026/11/07 13:42,ui,NO,0,negativo,176,"10,2"
2182,01/04/2026,db,si,1,malware,59,2.1
1494,14/07/2026,Auth,1,no,clean,45,2.4
2306,26/04/2026,ui,false,no,-,7,99999
188,2026/11/05 23:35,api,No,0,-,370,7.2
49,17/12/2026,db,0,no,-,111,8.9
1693,23/05/2026,auth,No,no,negativo,71,"2,0"
545,2026-10-26,database,no,0,clean,10,"9,5"
391,11/01/2026,API,true,1,clean,52,"9,4"
818,14/05/2026,db,Si,1,malware,252,16.1
2046,07/08/2026,Api,,0,negativo,183,8.4
1294,2026/12/13 20:02,Api,0,no,clean,59,10.7
941,2026-04-19,authentication,NO,0,clean,28,9.2
167,2026/03/05 13:19,api,NO,0,malware,641,4.3
2085,2026/11/26 06:18,API,true,1,malware,92,20.0
328,2026-06-13,auth,0,0,,138,"4,5"
2216,2026-10-07,API,No,0,limpio,72,"3,1"
1220,2026/11/07 09:11,AUTH,0,no,+,87,"7,4"
1232,2026/03/07 01:51,API,0,0,negativo,16,"4,8"
1097,14/01/2026,API,0,0,clean,46,7.2
1694,2026/10/12 20:00,ui,No,no,-,35,7.2
1442,2026/03/03 12:28,Api,si,0,clean,51,2.0
799,2026/06/11 17:51,Api,false,0,-,210,4.3
262,2026/03/02 10:33,auth,NO,0,limpio,153,31.3
2222,2026/11/06 21:02,UI,,0,clean,62,4.5
2123,08/01/2026,api,No,no,clean,21,10.6
1235,2026-05-11,AUTH,No,no,clean,52,"3,3"
318,25/06/2026,auth,NO,0,-,66,11.2
639,2026/03/21 12:21,auth,NO,0,-,52,4.5
746,2026-10-26,Auth,No,0,negativo,58,14.7
1661,13/10/2026,authentication,0,0,malware,13,21.2
1016,27/07/2026,DB,false,0,negativo,63,3.8
1412,22/12/2026,database,false,no,clean,79,6.9
1828,2026-05-03,AUTH,no,no,limpio,166,"7,4"
578,2026-11-09,authentication,0,0,negativo,33,"10,8"
32,2026-03-10,AUTH,No,no,limpio,120,"1,7"
1337,09/10/2026,authentication,0,0,negativo,63,1.7
906,05/06/2026,auth,Si,0,-,81,99999
1507,2026/03/03 02:31, AUTH ,false,no,-,142,5.6
569,2026/11/12 03:39,db,0,no,clean,52,4.1
139,2026/10/17 09:53,api,0,0,clean,11,1.0
2309,2026-08-03,Auth,false,0,-,72,2.9
345,07/07/2026,DB,NO,no,limpio,18,
785,2026-07-10,auth,false,0,-,91,4.3
1806,24/08/2026,auth,0,0,-,90,4.9
359,09/12/2026,DB,no,0,-,193,"2,5"
132,2026-02-01,API,no,0,negativo,75,15.7
1306,2026/02/04 14:22, Auth ,No,no,clean,113,"3,9"
2549,2026-01-05,db,No,sí,+,52,"4,4"
2183,2026/01/26 14:14,api,0,0,+,32,"5,2"
755,2026-04-21,authentication,No,no,negativo,66,"4,0"
2165,19/02/2026,api,No,0,limpio,410,2.6
1208,2026/09/13 12:20,API,false,no,clean,83,5.0
838,20/11/2026,database,0,0,-,18,"11,1"
2484,2026-06-05,Api,no,,-,471,"7,7"
1586,07/03/2026,auth,no,no,clean,142,99999
2574,2026-11-07,Auth,no,no,negativo,30,"0,9"
1755,2026-10-09,UI,1,0,limpio,32,"1,2"
490,2026/09/23 12:19,api,true,0,-,175,"4,6"
2044,,db,NO,0,-,60,7.4
2187,2026/05/24 04:02,Auth,false,no,negativo,46,"6,7"
531,2026-01-16,auth,0,no,negativo,57,5.2
276,20/02/2026,ui,0,no,limpio,97,1.6
997,2026-12-03,UI,0,no,clean,284,"1,2"
821,12/07/2026,DB,false,no,limpio,58,"7,2"
71,26/11/2026,AUTH,0,0,Malware,141,"5,4"
568,2026/12/18 00:25,UI,No,0,negativo,21,4.1
848,24/04/2026,ui,false,0,-,96,7.4
1278,2026-04-07,ui,NO,0,limpio,261,"5,4"
2350,21/09/2026,AUTH,NO,no,negativo,20,8.6
2243,2026-05-13,DB,No,0,-,103,"3,9"
2220,02/10/2026,API,SI,0,limpio,20,14.6
912,2026/08/27 00:26,auth,NO,0,negativo,102,8.8
223,2026-01-01,UI,false,0,clean,37,"2,4"
682,24/08/2026,auth,0,0,clean,23,"8,8"
732,2026/07/19 12:45,db,false,0,limpio,87,"2,4"
2507,22/08/2026,Auth,no,no,-,55,7.4
151,2026-12-01,API,0,0,negativo,131,9.2
666,2026-01-20,api,false,no,clean,20,"11,2"
1534,09/12/2026,Api,no,0,limpio,56,"5,9"
80,22/11/2026,api,yes,0,-,72,"14,6"
971,21/09/2026, api ,NO,no,clean,531,"1,3"
1175,17/03/2026,auth,0,0,-,5,4.4
2213,25/06/2026,Api,0,0,positivo,54,
603,2026-06-09,api,NO,0,-,95,5.7
720,02/09/2026,API,NO,0,limpio,195,"1,1"
34,17/11/2026,auth,No,0,limpio,25,"2,6"
2577,2026-04-03,db,0,0,limpio,186,"3,6"
453,2026/01/04 21:28,Auth,false,no,negativo,86,2.8
724,06/03/2026,DB,0,0,clean,42,99999
472,2026-03-26,API,si,sí,positivo,34,20.6
1311,05/06/2026,Api,0,?,limpio,116,7.3
1489,2026-10-01,authentication,,0,clean,64,"10,6"
59,17/03/2026,AUTH,si,no,-,29,5.3
409,13/01/2026,db,0,0,-,62,"6,8"
747,2026-06-23,auth,no,0,MALWARE,72,"15,2"
628,2026/11/11 12:12,db,No,?,-,340,"4,6"
1451,2026/12/05 20:29,db,true,1,,34,"5,3"
1303,15/09/2026,db,No,0,-,22,99999
2128,,ui,0,0,limpio,119,
2221,2026/05/19 14:06,ui,No,0,negativo,15,"4,3"
2049,14/10/2026,Api,false,no,-,60,4.6
2390,20/12/2026,ui,false,no,limpio,9,"4,6"
2421,2026-04-19,api,sí,0,-,166,99999
680,18/04/2026,UI,false,0,negativo,30,"2,7"
2032,06/08/2026,api,NO,0,clean,16,0.4
2359,2026/12/07 03:54,ui,false,0,-,58,"6,1"
1372,24/07/2026, database,false,no,-,36,-1.9
1691,18/01/2026, AUTH,false,0,-,401,"4,3"
1223,15/06/2026,api,NO,0,limpio,52,"6,3"
1721,2026-07-04,api,sí,1,malware,23,2.0
1741,24/06/2026,DB,false,0,limpio,218,"1,3"
1640,,Api,false,0,negativo,221,6.6
222,2026-06-05, database ,0,?,negativo,32,3.5
593,04/01/2026,UI,No,0,clean,121,"2,6"
3,2026/07/16 13:39,AUTH,false,0,limpio,67,2.7
2406,01/02/2026,auth,false,0,clean,192,"21,2"
53,16/09/2026,db,No,?,clean,27,"6,0"
1083,2026-02-20,DB,yes,0,clean,58,"11,1"
2449,10/06/2026,db,NO,0,negativo,39,
180,2026-08-05,UI,No,0,negativo,17,0.7
1936,2026/07/10 01:57,db,yes,0,clean,82,"5,0"
2090,2026-09-05,API,No,no,limpio,136,
2125,03/07/2026,db,Si,1,Malware,106,"15,7"
586,13/09/2026,database,no,0,clean,55,1.7
1627,2026/09/07 12:04,authentication,false,0,clean,141,1.0
1626,2026/10/27 08:07,api,yes,si,malware,-120,"28,9"
991,2026/07/02 07:16,db,No,0,limpio,74,"5,9"
2566,06/08/2026,AUTH,NO,0,-,29,"0,7"
716,,ui,no,0,limpio,103,1.2
782,2026-07-10,ui,No,0,-,26,7.3
1161,2026-12-09,authentication,0,no,limpio,186,99999
2166,2026/04/28 16:04,api,false,0,MALWARE,18,"3,4"
793,2026/12/09 18:06,api,false,,negativo,701,"7,3"
486,16/01/2026,db,N/A,0,negativo,31,3.6
1362,2026-11-08,authentication,1,0,-,59,8.3
1792,2026-09-13,AUTH,false,0,negativo,33,"6,4"
841,,API,false,0,-,32,-10.7
1182,2026-08-19,db,No,0,-,33,
1214,23/02/2026,Auth,false,0,limpio,72,11.3
1740,2026-10-10,Auth,false,0,limpio,34,"1,9"
2147,2026-10-11,API,0,0,limpio,38,99999
899,2026-02-22,AUTH,0,no,negativo,443,"5,8"
796,12/12/2026,auth,No,0,negativo,999999,1.0
1144,2026-07-12,AUTH,false,0,clean,268,4.8
1801,11/09/2026,database,,0,MALWARE,16,8.6
2274,2026-05-12,database,no,0,-,72,2.1
669,2026-04-17,API,no,0,negativo,79,5.8
382,21/05/2026,api,No,no,limpio,,2.4
2523,2026-01-24,api,NO,,negativo,161,"5,4"
2102,2026/06/02 03:25,ui,NO,0,limpio,48,6.2
881,2026/03/17 10:37,Auth,NO,0,clean,419,"5,6"
1716,2026/07/09 20:48,ui,no,no,limpio,58,"0,1"
805,25/09/2026,UI,false,0,negativo,41,"1,9"
183,2026/06/16 02:40,API,no,0,limpio,97,"3,1"
1215,2026/08/28 12:12,UI,No,0,clean,82,2.7
1501,2026-10-16,DB,NO,no,negativo,62,"5,4"
2580,2026/07/09 21:47,athu,no,no,limpio,88,13.9
2585,2026-08-06,api,no,no,-,355,"4,9"
373,2026-09-15,Api,false,no,-,102,"8,5"
2372,2026-09-17,api,0,0,-,62,21.5
392,2026/11/11 17:20,data base,false,0,-,536,4.1
2503,,db,No,0,limpio,131,3.6
1036,01/01/2026,database,No,0,limpio,17,7.8
1830,2026-04-25,Api,no,0,-,52,-5.0
795,2026/08/26 17:44,db,1,no,negativo,30,4.8
2057,2026/02/11 09:08,DB,Si,0,negativo,67,1.1
1976,2026/12/16 10:42,api,no,no,-,95,"10,6"
1192,2026/01/09 18:27,DB,no,no,clean,57,"10,0"
104,2026-05-26,api,No,no,clean,,7.8
1867,2026/04/02 17:17,API,1,0,limpio,47,7.6
1878,13/05/2026,auth,No,unknown,clean,32,"2,6"
1317,16/08/2026,database,1,no,-,58,8.6
2286,2026-02-23,Api,no,unknown,negativo,147,22.3
213,2026-03-09,auth,false,no,limpio,17,5.9
460,2026-07-01,authentication,no,no,negativo,15,99999
1291,2026-03-20,DB,no,0,limpio,61,10.1
1042,2026-12-24,authentication,SI,0,negativo,19,4.5
2239,2026/09/13 01:33,Auth,0,no,-,41,7.6
2416,2026/04/24 19:35,ui,no,0,limpio,213,9.7
1616,2026-11-05,API,NO,unknown,-,208,5.4
1955,2026-05-05,api,false,0,+,56,1.6
880,15/07/2026,api,NO,no,negativo,28,"8,7"
1051,2026-01-13,db,NO,0,clean,131,"6,2"
1712,2026-05-15,UI,0,0,-,50,3.0
1647,13/01/2026,authentication,0,0,-,9,3.4
2237,2026-12-19, db,no,no,malware,33,6.5
2149,2026/06/21 12:34,AUTH,0,no,limpio,73,10.2
1279,2026-06-02,ui,false,no,limpio,50,"12,3"
1339,26/08/2026,db,no,0,limpio,10,14.7
214,2026-03-03,authentication,,0,negativo,29,"3,1"
513,2026-01-12,auth,false,no,limpio,284,2.5
1771,,API,false,0,-,85,9.8
433,09/11/2026,Api,No,0,Malware,40,7.0
789,09/05/2026,Api,Si,no,clean,445,1.8
1470,2026-07-06,db,Si,0,clean,707,"10,4"
855,,api,false,no,-,51,"2,8"
699,24/06/2026,Api,No,0,clean,67,"6,6"
1962,2026/07/13 00:16,database,false,0,Malware,103,4.7
975,2026/12/07 19:11,auth,,0,limpio,32,"6,1"
1713,,UI,false,0,+,39,"1,7"
2177,2026-10-15,db,false,no,negativo,59,"5,5"
1055,26/02/2026,authentication,si,1,malware,142,5.5
542,2026-06-08,Auth,NO,no,negativo,62,"4,2"
2367,2026-12-27,db,1,0,-,57,99999
2427,2026-08-26,Auth,0,unknown,negativo,74,"4,5"
1228,2026/03/05 19:52,authentication,No,no,limpio,47,"2,5"
298,2026-10-22,Auth,false,0,-,61,12.9
67,08/09/2026,API,0,no,negativo,99,2.1
1561,,AUTH,,no,clean,13,3.7
996,13/08/2026,auth,yes,si,MALWARE,237,5.8
1841,10/09/2026,Api,0,0,negativo,534,2.9
422,2026/02/23 13:05,db,NO,0,clean,90,"9,4"
553,2026-05-26,Auth,No,no,clean,37,"2,4"
2199,05/08/2026,api,0,0,negativo,127,"1,7"
758,2026-03-19,api,no,0,clean,173,"11,9"
527,11/12/2026,auth,No,no,-,67,10.6
1115,14/06/2026,AUTH,NO,no,negativo,29,"6,2"
1992,21/11/2026,api,false,0,-,31,"4,9"
2040,2026-03-17,AUTH,No,0,negativo,46,"4,3"
93,2026-08-03,ui,0,0,limpio,96,8.4
964,2026-02-19,Auth,false,0,clean,140,"16,8"
230,2026-03-28,ui,false,0,negativo,130,"13,1"
75,20/02/2026,ui,No,no,negativo,101,"11,4"
1621,2026-07-02, api,no,unknown,limpio,185,5.0
777,2026/02/12 12:19,Auth,false,no,-,69,3.2
643,09/01/2026,db,No,no,negativo,9,4.3
1520,2026-07-12,UI,no,0,clean,13,2.3
1790,26/12/2026, db,No,0,limpio,161,"2,9"
1293,21/05/2026,auth,NO,0,limpio,32,5.8
50,2026/05/21 09:30,API,0,0,clean,62,"7,7"
2305,2026-01-02, db,NO,0,negativo,36,"3,4"
994,2026/05/18 08:02,AUTH,yes,no,limpio,75,2.1
1929,2026-12-14,Auth ,no,no,limpio,999999,"7,0"
2280,08/03/2026,ui ,No,0,-,106,4.9
470,10/03/2026,DB,NO,no,negativo,171,"3,3"
702,2026-07-26,authentication,0,no,limpio,72,6.4
2594,2026-09-05,UI,no,0,limpio,42,"2,5"
1754,01/08/2026,auth,No,0,-,124,"13,9"
30,02/03/2026,authentication,false,0,clean,10,"4,2"
1117,13/06/2026,db,no,no,negativo,38,4.0
2424,2026/03/01 15:10,ui,0,,clean,97,4.9
1768,2026-08-17,Auth,no,0,limpio,94,7.4
1061,2026-05-03,DB,no,no,clean,147,1.7
1325,2026/03/16 13:42,ui,false,no,negativo,73,"1,9"
776,2026-07-14,Auth,0,no,negativo,10,"6,7"
1623,27/11/2026,auth,No,no,-,113,2.3
2264,2026/04/01 15:47,api,No,0,malware,63,13.5
16,2026/01/23 19:45,api,sí,0,-,52,"0,8"
1968,2026-08-14,authentication ,NO,no,clean,66,"4,3"
1386,04/01/2026, ui,No,0,limpio,32,3.9
698,2026-12-14,api,no,no,clean,82,4.9
812,2026/11/05 14:12,api,NO,0,limpio,188,10.2
2193,2026/04/08 06:54,API,si,no,clean,12,15.8
1778,2026-07-08,API,no,0,clean,34,10.1
51,26/06/2026,database,No,no,limpio,18,"3,4"
1655,2026/10/28 13:37,db,0,no,negativo,88,6.3
414,2026-08-18,ui,false,0,clean,35,
2398,2026/03/08 19:36,API,false,no,malware,40,11.1
2006,2026/11/12 08:40,API,NO,no,negativo,29,1.5
637,2026-09-09,ui,0,no,-,69,"1,4"
216,2026-11-21,AUTH,No,0,limpio,,"0,3"
1069,2026/01/13 01:57,AUTH,false,0,negativo,97,"5,7"
2444,2026/05/12 19:55,database,No,0,negativo,28,8.4
1676,2026/01/15 19:42,auth,false,0,negativo,55,"5,7"
33,2026/03/13 22:39,ui,0,no,malware,274,"8,6"
1925,2026-08-24, ui ,no,0,clean,61,"7,8"
411,2026/03/16 02:32,DB,no,0,limpio,26,"1,7"
1605,2026-09-27,API,NO,no,limpio,210,5.1
1350,20/02/2026,auth,no,no,-,19,"4,1"
893,2026-09-01,AUTH ,NO,?,limpio,28,8.3
348,2026/08/24 23:02,DB,No,0,limpio,21,"10,0"
641,2026/03/07 13:22,database,no,0,limpio,105,4.5
211,11/05/2026,Api,false,no,clean,103,11.0
161,18/11/2026,DB,no,0,limpio,77,"5,0"
99,2026/03/22 14:31,Auth,No,no,limpio,64,-7.3
17,2026-02-24,database,NO,no,Malware,17,7.0
950,2026/01/16 17:51,db,NO,no,clean,34,"19,9"
1222,16/05/2026,UI,false,0,negativo,223,"1,1"
1495,2026-01-01,AUTH,No,no,negativo,29,7.8
2538,2026/02/12 04:18,db,false,0,negativo,41,1.9
1753,2026/05/08 22:56,UI ,NO,0,negativo,134,"7,1"
590,2026/03/21 05:33,AUTH,No,0,-,37,2.4
1394,22/09/2026,API,NO,0,-,34,99999
606,2026-12-09,db,NO,no,clean,95,
336,2026-02-08,db,yes,sí,MALWARE,32,8.9
1527,2026-01-05,ui,false,unknown,clean,19,"6,4"
2414,2026/01/03 08:33,authentication,NO,0,limpio,24,21.2
536,2026-07-27,ui,true,1,+,12,"10,2"
1468,2026/05/20 15:40,Api,NO,0,negativo,70,"8,1"
1652,2026/07/25 01:30,UI,No,no,clean,24,2.1
689,2026/08/26 07:55,db,no,no,clean,80,1.4
2124,2026-01-09,Api,no,no,clean,79,2.3
2027,12/07/2026,API,0,0,negativo,84,9.5
2118,2026/04/08 07:04,Api,false,0,limpio,20,2.6
1937,2026-05-02,api,false,0,-,329,4.4
786,14/02/2026,API,NO,0,-,48,5.9
1943,27/10/2026,authentication,false,no,-,116,10.1
2563,2026/03/20 12:35,api,No,no,-,61,5.3
2477,05/05/2026,UI,No,no,limpio,56,"6,3"
2227,14/09/2026,db,false,0,,741,4.9
1856,2026-02-13,authentication,,0,-,44,"8,3"
2516,2026/03/21 06:58,ui,NO,0,limpio,36,2.8
1538,2026/07/16 16:19,UI,no,,-,262,"2,9"
1552,2026/07/26 23:10,ui,false,0,clean,376,"14,8"
2573,17/02/2026,DB,0,0,limpio,37,1.9
300,2026/09/07 17:18,db,false,no,negativo,77,4.3
2393,2026-04-12,Auth,0,0,limpio,5,8.3
2300,2026/06/20 07:52,AUTH,No,0,clean,25,7.1
507,23/08/2026,api,false,0,negativo,66,
2265,20/05/2026,auth,NO,0,Malware,77,"1,9"
1385,26/07/2026,auth,0,no,-,30,11.3
1909,08/12/2026,db ,no,0,negativo,182,9.5
2579,2026/02/05 13:51,ui,no,0,clean,133,3.8
362,2026-04-03, authentication,NO,0,negativo,50,9.7
2472,21/05/2026,api,0,no,-,12,"2,1"
2544,08/01/2026,api,no,0,-,33,"4,6"
2238,27/06/2026,auth,sí,0,limpio,196,3.1
2002,03/10/2026,api,0,no,negativo,52,3.0
1472,11/07/2026,api,NO,no,-,43,"2,1"
1770,2026-12-12,ui,no,no,-,23,99999
2009,2026-02-08,api,0,0,clean,69,"1,2"
2069,02/11/2026,UI,NO,0,limpio,7,"1,2"
2348,2026-11-12,database,NO,no,limpio,67,8.9
1255,2026-07-05,auth,No,0,negativo,45,"10,4"
2462,24/12/2026,authentication,no,?,limpio,9,3.8
1111,2026/12/13 03:27,api,No,1,negativo,-32,6.3
2351,2026/01/20 21:30,AUTH,,no,limpio,52,"11,4"
1692,14/04/2026,api,no,0,limpio,30,"7,2"
884,2026/03/01 14:01,ui,yes,no,clean,29,2.6
2312,08/11/2026,AUTH,no,0,-,21,"4,6"
756,13/04/2026,api,no,no,negativo,146,5.9
338,24/03/2026,auth,No,no,negativo,396,5.8
866,,api,false,0,-,88,"14,3"
82,17/10/2026,Api,No,0,malware,77,8.3
68,2026/08/13 08:34,API,no,0,-,24,4.0
1924,2026-03-15,api,,no,-,27,7.9
1763,2026-07-19,ui,false,0,clean,17,4.2
843,23/09/2026,db,0,0,,25,"2,2"
505,2026-07-24,auth,0,0,-,98,8.8
488,2026-11-26,AUTH,no,0,-,32,12.3
172,2026/09/23 01:53,authentication,No,0,negativo,294,7.9
602,23/01/2026,api,No,0,limpio,34,1.7
2512,2026-08-19,DB,no,?,limpio,115,"13,2"
2115,2026-07-26,UI,1,0,clean,207,"11,0"
1907,2026-01-22, db,0,0,limpio,,"12,4"
2126,2026-02-26,AUTH,NO,no,clean,122,"4,7"
2284,2026-09-08,Api,false,0,limpio,28,-0.6
1974,2026-10-24,Api,NO,0,negativo,107,9.0
929,2026-02-01,api,NO,0,-,226,1.3
1784,2026-02-16,db,yes,no,limpio,6,16.5
2496,15/06/2026, AUTH,N/A,0,-,118,0.6
1532,01/10/2026,auth,no,0,limpio,270,"1,7"
347,2026-02-09,Auth,No,no,limpio,102,-7.1
1738,2026/02/05 03:39,authentication,No,no,limpio,63,"7,3"
2551,2026-04-14,DB,no,0,negativo,463,"3,5"
1514,27/02/2026,api,false,0,limpio,119,-0.9
817,2026-11-01,AUTH,0,0,negativo,78,"5,8"
1630,2026-10-16,api,No,no,negativo,49,"9,8"
2382,2026/06/21 14:38,api,si,si,MALWARE,348,12.8
285,2026-12-05,database,No,0,negativo,105,"5,4"
353,2026-03-07,ui,No,0,negativo,43,"2,3"
857,2026/04/17 11:29,AUTH,No,0,clean,25,4.7
1168,2026-01-16,api,No,0,negativo,22,3.7
1663,04/06/2026,database,Si,sí,MALWARE,51,"9,8"
2062,2026/07/14 20:46,Auth,no,no,limpio,26,4.0
1526,2026-10-05,api,Si,0,limpio,52,"6,5"
2072,2026/02/23 20:42,db,NO,no,negativo,60,4.0
1256,2026/09/08 14:38,DB,false,0,-,99,1.8
1239,18/06/2026,api,0,0,-,28,13.1
1237,04/11/2026,ui,no,0,negativo,20,"2,3"
1369,2026-06-16,api ,false,0,-,94,
873,2026-03-19,DB ,NO,no,limpio,80,5.1
816,2026-10-01,DB,SI,1,+,72,"11,9"
2396,2026-04-05,api,false,no,-,262,9.7
1190,2026/09/06 15:15,Api,NO,0,negativo,271,2.1
2159,2026-11-02,Api,NO,no,-,158,6.0
1542,15/09/2026,UI,No,0,limpio,199,7.9
1782,2026/08/05 10:07,auth,false,0,-,91,2.2
31,2026-04-24,DB,1,1,Malware,53,13.5
1915,2026-03-27,auth,false,0,-,98,1.6
2581,2026-04-26,UI,0,0,-,358,-8.2
2432,2026/08/15 11:41,UI,0,no,clean,213,"3,0"
2522,,database,0,0,clean,38,4.5
439,2026/10/06 04:35,ui,0,0,clean,1056,"3,4"
19,23/04/2026,authentication,0,0,negativo,22,"8,3"
397,2026/08/12 14:01,API,0,0,negativo,71,-4.8
2502,14/06/2026,api,false,no,-,45,"4,0"
1104,2026/12/17 20:17,AUTH,SI,0,limpio,55,"2,2"
2536,08/04/2026,AUTH,No,0,,88,6.2
1834,07/12/2026,auth,no,0,clean,60,"2,2"
543,2026-05-18,API,no,no,limpio,27,15.3
1159,22/03/2026,UI,No,0,clean,,"8,7"
1142,2026/08/13 13:35,UI,,0,limpio,20,4.7
1025,2026-04-20,AUTH,yes,sí,MALWARE,9,"10,7"
623,14/12/2026,athu,No,0,limpio,24,"7,1"
2407,2026-01-14,db,No,0,clean,475,11.6
1779,19/09/2026,api,Si,1,malware,43,"13,8"
1511,2026-08-07,Api,si,?,-,153,2.2
281,2026-02-08,database,si,0,clean,49,3.8
1510,2026-09-05,AUTH,0,0,negativo,16,3.1
1644,04/01/2026,Auth,false,0,clean,37,6.9
2000,,auth,NO,0,limpio,400,"1,9"
1453,2026/07/23 22:18,ui ,no,0,clean,31,1.8
642,2026/12/03 01:41,api,no,0,limpio,70,"5,6"
1150,2026-05-23,DB,false,0,negativo,78,"8,7"
52,09/02/2026,auth,si,,-,78,2.2
2362,2026/01/28 06:48,database,si,no,limpio,158,"1,7"
1172,24/01/2026,authentication,no,0,limpio,40,8.3
1065,07/02/2026,Api,NO,0,limpio,9,"2,0"
797,2026-09-01,ui,false,no,clean,197,5.4
1948,28/09/2026,auth,no,no,-,130,5.3
2138,2026-11-11,api,NO,0,-,25,"1,2"
1624,2026/07/01 14:11,api,0,no,-,176,"9,4"
226,2026/01/02 09:50,api,no,0,limpio,141,"3,9"
2248,2026/03/12 02:27,Api,NO,no,clean,136,-5.7
2114,22/03/2026,api,false,0,limpio,36,"1,1"
2435,2026/05/22 03:23,api,true,si,MALWARE,19,"4,5"
1287,2026/07/11 10:01,auth,No,0,limpio,-18,7.7
1400,2026/12/20 12:28,db,no,0,clean,203,1.7
584,2026-09-13,api,0,0,clean,14,1.4
1593,2026-12-14,auth,false,0,limpio,42,3.9
869,05/05/2026,ui,NO,0,positivo,21,"7,3"
1601,2026-03-09,database,no,no,limpio,143,"2,3"
650,2026/11/25 16:20,auth,no,0,negativo,23,"19,9"
1568,2026-02-10,api,0,no,-,55,6.7
566,2026/09/25 12:10,database,Si,si,positivo,21,"30,5"
440,2026-10-05,ui,No,0,,42,-2.4
2499,2026/01/19 01:57,api,si,0,clean,92,-11.5
1769,2026-02-14,API,yes,no,negativo,60,2.5
708,2026-03-12, UI ,No,no,-,23,0.3
1397,2026-02-12,ui,0,0,limpio,62,4.7
2095,2026-07-13,Auth,No,0,limpio,25,5.5
1122,2026/04/15 21:07,authentication,NO,no,-,68,"9,5"
2266,26/06/2026,auth,true,0,limpio,12,"6,5"
164,,api,0,0,clean,62,2.0
341,2026/01/19 02:36,AUTH,NO,,-,-239,"4,2"
1189,2026-01-07, database ,No,0,clean,69,12.1
1104,2026/12/17 20:17,AUTH,SI,0,limpio,55,"2,2"
389,2026/05/20 08:20,auth,no,0,limpio,75,7.9
1095,2026/12/20 16:35,auth,false,0,negativo,393,"6,0"
1717,,AUTH,0,0,limpio,38,-5.1
149,2026/07/01 14:31,auth,no,0,-,21,2.2
1541,2026-06-08,Auth,si,no,clean,110,4.7
159,2026/12/26 14:26,auth,NO,0,negativo,60,"8,6"
1017,2026/09/20 08:38,database,No,0,limpio,84,"6,8"
952,2026/01/12 06:53,UI,0,0,-,56,10.9
700,2026-12-24,auth,No,0,clean,803,"1,4"
2471,2026/02/14 23:26,ui,NO,no,-,35,4.0
29,2026-01-25,db,NO,0,-,63,"8,8"
1004,06/02/2026,ui,No,0,clean,82,"10,7"
204,2026/09/20 09:08,Api,no,0,negativo,176,"1,8"
1284,11/01/2026,Api,NO,no,clean,20,5.2
1374,2026/08/20 01:03,AUTH,SI,1,Malware,24,5.8
1107,2026-11-17,Api,no,,-,34,"6,8"
2083,10/11/2026,api,false,,clean,169,
304,18/06/2026,auth,0,0,negativo,61,"0,1"
565,2026-11-15,database,SI,0,clean,73,7.2
960,03/10/2026,API,0,no,clean,277,"4,9"
2288,2026/02/08 18:54,database,SI,1,malware,11,"17,9"
743,05/01/2026,db,NO,0,limpio,40,"5,3"
400,2026-12-01,api,si,0,limpio,91,7.1
110,2026/12/23 21:09,Auth,No,,MALWARE,46,"8,7"
1894,28/09/2026,AUTH,NO,0,negativo,68,3.0
523,2026-03-25,auth,no,0,limpio,57,99999
1331,16/07/2026,Auth,no,0,limpio,19,-4.3
401,2026/01/28 10:38,Auth,0,no,-,684,11.3
2524,14/11/2026,API,0,0,malware,304,99999
1751,2026/09/27 14:26,database,No,0,clean,44,4.7
668,2026/10/04 11:07,db,,0,negativo,64,4.0
1811,10/03/2026,authentication,NO,0,-,92,3.4
1460,2026-03-12,auth,No,0,limpio,68,"0,4"
1171,2026-11-01, AUTH ,NO,0,clean,64,3.1
494,2026/07/26 23:07,Api,no,no,negativo,47,"5,0"
1120,,Auth,false,no,clean,217,25.0
1865,2026-02-16,AUTH,NO,0,limpio,32,5.2
459,2026-03-07,ui,NO,no,negativo,203,1.7
2498,2026-04-20,AUTH,false,sí,+,102,16.9
2488,12/08/2026,Auth,0,no,negativo,695,"4,7"
1840,2026-10-05,ui,no,0,-,95,3.8
1108,01/05/2026,database,false,0,-,69,"1,8"
1126,11/06/2026,DB,false,0,clean,85,9.7
2565,2026-11-05,api,0,0,-,40,"9,0"
2071,2026/08/28 08:01,api,NO,0,Malware,252,3.2
1951,2026/10/16 18:33,authentication,NO,no,negativo,145,7.0
1461,2026-11-15,ui,NO,no,negativo,25,3.0
739,23/04/2026,auth,no,no,-,199,5.1
1818,2026/11/27 15:33,auth,0,0,Malware,17,"8,1"
124,2026/04/10 04:45, db ,0,0,Malware,76,"10,6"
909,20/01/2026,db,0,0,-,108,99999
1584,2026/09/15 20:55,authentication,NO,0,negativo,49,"1,4"
1180,27/04/2026, db ,No,0,negativo,26,4.9
767,08/11/2026,db,0,no,negativo,98,3.9
95,2026-04-27,api,0,0,negativo,10,4.3
1064,2026/12/24 08:39,UI,no,0,negativo,31,3.4
1066,13/06/2026,DB,false,no,-,74,2.2
694,26/09/2026,auth,0,0,-,27,2.6
2327,2026-11-20,api,0,no,-,285,1.3
1149,2026-06-19,UI,No,no,negativo,16,"8,8"
484,20/07/2026,AUTH,false,no,clean,120,9.8
948,2026-10-27,UI,false,no,limpio,58,"4,8"
152,12/12/2026,Api,no,0,limpio,158,14.3
320,2026/06/11 17:28,db,sí,1,MALWARE,98,"4,8"
1238,14/04/2026,api,no,0,clean,54,"0,8"
1549,2026-06-10,auth,0,0,clean,73,"7,8"
1540,,authentication,no,0,positivo,167,"3,2"
297,,AUTH,no,0,negativo,45,5.7
1516,2026-07-08,Api,NO,0,negativo,61,5.3
1783,2026/09/24 18:59, db ,false,0,-,160,0.7
985,2026/03/04 02:03,db,false,0,negativo,29,2.4
2465,2026/01/18 17:16,DB,No,0,clean,106,"3,8"
1574,11/02/2026,database,false,no,limpio,111,
456,2026-09-08,api,false,0,clean,41,-13.2
938,2026/08/03 19:07,ui,1,0,clean,120,7.5
1405,,API,0,0,clean,57,"2,8"
1530,2026-12-08,authentication,no,no,clean,151,6.6
2431,2026/07/01 14:02,Auth,No,0,+,61,"6,2"
1273,2026-11-04,Auth ,NO,0,-,256,"8,4"
2419,15/06/2026,api,false,no,-,107,3.6
1766,14/06/2026,api,0,no,negativo,72,9.6
1612,,DB,0,0,limpio,47,99999
2107,2026/08/13 15:33,db,N/A,no,limpio,13,"14,6"
1930,2026/09/16 15:21,db,no,0,clean,120,99999
2513,2026-03-14,Api,NO,no,clean,33,"15,6"
1947,2026-09-04,Auth,NO,0,negativo,8,1.9
1931,26/08/2026,Api,no,0,-,,5.2
1889,2026-01-27,api,No,0,limpio,72,7.7
678,2026-08-18,Api,0,0,negativo,73,5.6
1409,2026-09-02,UI,,0,limpio,14,8.4
1147,2026-03-13,auth,NO,0,negativo,25,1.3
2515,2026/04/17 20:38,API,0,0,limpio,45,"2,0"
1614,,Api,false,0,limpio,59,11.9
122,15/12/2026,db,0,0,limpio,26,1.2
1146,2026/08/22 12:26,API,0,unknown,limpio,45,10.9
1757,18/02/2026,db,true,no,-,106,"4,7"
1297,,AUTH,0,no,-,182,"13,4"
1681,2026/02/08 20:49,Api,NO,no,-,17,1.9
1926,2026-11-10,db,No,0,clean,182,"3,0"
715,2026/03/15 00:06,ui,NO,0,-,75,7.2
2172,13/09/2026,api,sí,no,clean,999999,13.7
1040,2026-07-06,UI,false,0,negativo,76,4.8
1441,19/03/2026,db,N/A,1,MALWARE,60,9.4
891,09/03/2026,auth,no,0,-,-166,"4,7"
1903,2026-08-22,Auth,No,0,limpio,90,"2,2"
2172,13/09/2026,api,sí,no,-,999999,13.7
655,2026-02-23,api,no,no,clean,45,2.7
1988,13/12/2026,database,Si,1,malware,25,"4,7"
863,2026-01-22,ui,0,no,negativo,32,"6,1"
2456,2026-01-04,authentication,false,0,clean,81,6.1
2535,2026-10-09,api,0,0,-,26,4.6
1731,2026-12-27,API,yes,0,clean,23,"7,9"
1028,2026/06/11 15:30,AUTH,si,no,negativo,70,13.7
1296,2026-03-27,AUTH,false,no,-,37,2.9
1202,2026/08/27 01:28,database,NO,0,limpio,17,"3,9"
1733,2026/07/14 13:09,auth,false,unknown,clean,92,"7,7"
123,2026-11-05, authentication ,no,0,negativo,90,17.5
2319,2026/03/05 21:59,authentication,,1,+,94,"1,7"
2405,2026/06/24 07:48,ui,0,0,clean,-269,"0,4"
1436,2026-10-25,ui ,no,0,clean,47,"0,8"
710,2026-03-08,AUTH,NO,no,clean,25,"4,4"
1864,26/01/2026,authentication,no,no,clean,75,
2108,2026-08-21,db,false,no,-,31,22.9
356,24/02/2026,api,No,0,limpio,11,
21,16/01/2026,auth,No,0,limpio,48,"5,9"
2356,08/07/2026,Auth,false,0,-,55,12.3
1704,2026/05/05 07:47,auth,NO,0,negativo,27,"7,2"
171,2026-03-13,auth,si,0,negativo,191,"4,9"
548,23/06/2026,API,no,0,negativo,61,"13,1"
731,2026-04-18,api,NO,0,negativo,106,"11,3"
1209,2026/05/27 14:48,db,0,no,negativo,18,"0,3"
725,2026-05-08,ui,Si,0,MALWARE,94,"11,0"
1799,2026/01/03 00:08,api,no,0,negativo,7,"6,2"
1041,2026/12/24 03:55,AUTH,No,0,limpio,21,"7,0"
140,2026/10/03 15:22,Auth,No,0,-,112,"4,2"
954,09/09/2026,DB,no,no,negativo,24,99999
219,2026/11/19 21:30,auth,no,0,negativo,105,"1,3"
101,2026-07-01,AUTH,sí,0,clean,65,2.5
1335,28/04/2026,db,0,no,limpio,87,10.6
1127,2026/08/12 14:20,api,si,0,negativo,153,3.2
646,2026/01/02 05:29,auth,false,0,+,201,"2,1"
1651,07/09/2026,UI,false,no,clean,229,"3,6"
1548,2026/02/11 20:27,authentication,No,0,-,52,19.2
92,2026-09-17,ui,N/A,0,malware,136,"13,0"
1043,2026-11-16,ui,false,0,clean,27,"1,0"
342,2026-03-13,authentication,0,0,clean,28,16.8
1266,2026/09/05 03:00,db,0,0,limpio,72,"3,3"
2361,2026/04/04 16:12, Auth ,NO,0,-,48,"4,6"
2410,2026/06/26 01:42,auth ,SI,no,negativo,14,0.9
892,2026/11/03 20:20,api,1,1,+,21,4.4
483,2026-09-06,API,no,no,negativo,97,"12,9"
839,2026/11/23 07:12,ui ,0,no,negativo,69,"6,6"
1166,2026/05/21 01:11,DB,0,0,-,56,"6,9"
70,12/10/2026,Auth,false,0,clean,136,3.9
2174,2026-09-11,api,No,0,limpio,139,"0,7"
846,2026-07-05,auth,Si,0,-,44,4.2
2029,2026-01-12,AUTH,false,0,-,36,
1705,,api,NO,0,limpio,62,"4,0"
833,18/09/2026,auth,0,0,negativo,129,"3,5"
1058,23/08/2026,DB,false,0,negativo,32,4.3
1618,2026/12/06 15:08,authentication,no,no,limpio,157,"3,0"
1077,2026-11-06,api,0,no,negativo,193,0.2
636,2026-08-11,DB,no,0,negativo,31,6.3
942,2026/01/06 19:15,API,0,0,negativo,140,3.1
1803,2026-09-16,api,NO,no,clean,162,14.0
89,2026-03-12,UI,no,no,-,48,15.1
2576,2026/12/04 21:50,api,No,0,negativo,30,"5,3"
1628,06/09/2026,auth,false,0,negativo,39,7.4
260,25/09/2026,UI,false,0,limpio,288,7.9
425,04/09/2026,Api,NO,0,clean,67,4.0
209,2026-08-06,auth,false,0,-,30,2.8
1756,2026-03-20,api,0,0,limpio,80,"4,5"
1435,15/05/2026,db,false,0,-,32,4.9
294,2026-09-18,db,1,no,-,131,2.8
1582,18/12/2026,UI,0,0,limpio,182,"12,7"
1198,2026-12-21,UI,NO,no,limpio,369,"4,8"
1876,07/08/2026,Api,si,1,MALWARE,178,8.4
1881,27/08/2026,db,no,no,-,31,
827,2026-10-03,Api,No,no,clean,88,5.0
403,2026-04-12,api,NO,0,limpio,62,3.8
981,2026-05-02, authentication,NO,0,-,38,4.9
1680,2026/01/26 01:16,DB,yes,1,Malware,44,5.8
46,2026-02-21,db,no,no,-,52,14.4
740,2026-02-18,db,No,0,negativo,45,4.0
1410,2026/04/18 22:33,ui,no,0,negativo,68,3.3
1292,2026-02-25,db,No,0,-,60,
856,2026-02-02,auth,si,si,Malware,95,14.5
1371,06/04/2026,auth,0,0,limpio,294,4.5
1506,2026/09/07 00:47,db,no,no,limpio,129,7.1
765,2026/08/06 02:43,AUTH,sí,0,limpio,95,6.6
1348,21/10/2026,ui,No,0,positivo,48,"5,2"
1057,03/04/2026,api,NO,0,negativo,37,7.3
1,,authentication,0,no,limpio,62,"9,9"
1261,11/02/2026,authentication,0,no,negativo,105,9.7
1572,2026-08-19, api,No,0,-,119,"4,9"
475,14/04/2026,db,NO,0,limpio,169,16.3
2104,2026-02-01,ui,0,0,limpio,53,1.8
1096,05/09/2026,api,0,no,negativo,155,"12,0"
441,2026-02-02, database,0,no,-,76,14.0
142,19/08/2026,API,false,0,clean,49,
923,24/09/2026,db,No,0,negativo,67,"4,1"
141,2026/10/04 06:47,DB,Si,si,Malware,29,4.6
763,16/03/2026,Auth,NO,no,negativo,95,18.7
96,2026/10/12 19:36, auth,false,no,limpio,14,1.8
927,2026/11/16 10:06,ui,false,0,limpio,56,1.7
2376,2026/02/06 22:57,auth,No,no,-,176,15.3
1873,10/09/2026,ui,false,0,clean,37,"7,5"
2331,17/01/2026,UI,NO,0,malware,40,99999
557,15/08/2026,ui,NO,0,-,164,"9,3"
1753,2026/05/08 22:56,UI ,NO,0,negativo,134,"7,1"
597,2026/01/14 17:57,auth,No,0,MALWARE,33,7.2
2569,2026-03-21, auth ,no,no,limpio,51,"11,1"
447,24/06/2026,auth,no,0,clean,32,11.2
1098,2026/02/07 15:16,ui,no,no,-,37,11.0
1706,2026-04-13,api,no,0,limpio,55,"6,0"
1363,2026/07/25 08:10,ui,N/A,0,negativo,50,"13,1"
1161,2026-12-09,authentication,0,no,limpio,186,99999
2230,2026-11-23,db,no,0,negativo,24,7.1
2308,2026-06-07,api,No,0,-,83,3.8
733,2026/07/06 14:27,AUTH,Si,si,+,57,"1,6"
607,01/04/2026,athu,0,0,-,137,"1,6"
2437,08/12/2026,DB,false,0,clean,146,2.0
932,2026-03-04,Api,false,0,Malware,132,10.0
1687,2026/07/10 13:59,auth,No,0,clean,106,11.2
813,2026-10-06,Auth,No,0,limpio,114,"4,9"
445,18/12/2026,ui,yes,0,clean,999999,6.7
716,,ui,no,0,limpio,103,1.2
770,2026-07-02,api,SI,1,MALWARE,112,23.9
1973,2026-02-15,api,0,0,-,67,4.3
1744,14/08/2026,ui,No,no,-,331,"2,1"
2412,2026-10-26,db,false,no,negativo,46,6.9
319,2026-03-26,AUTH,NO,0,-,61,10.5
2143,2026/05/05 17:40,Api ,no,0,limpio,85,2.3
2388,2026-02-06,Api,false,no,-,99,"4,8"
1184,2026-06-12,API,NO,0,limpio,173,"3,7"
2578,2026-12-01,db,NO,no,,47,"5,3"
580,25/08/2026, ui ,0,0,-,49,"33,2"
775,2026-07-03,db,No,no,clean,17,2.1
903,01/12/2026,db,yes,sí,positivo,72,11.3
879,20/09/2026,api,0,0,clean,29,"3,5"
14,2026/10/03 16:18,auth,NO,0,negativo,39,9.6
1007,21/10/2026,UI,0,0,limpio,,3.2
902,01/01/2026,api,No,0,-,86,2.8
1656,,API,false,0,clean,58,1.0
1487,02/04/2026,UI,0,no,negativo,97,3.9
1949,27/01/2026,Auth,false,0,-,14,7.6
1636,14/08/2026,ui,No,0,negativo,-76,2.8
2531,2026-12-05,AUTH,0,0,clean,36,10.7
901,01/06/2026,Auth,no,0,limpio,185,4.2
1708,2026-07-09, Api,false,no,-,123,"2,8"
2464,2026/07/01 12:18,authentication,0,0,-,40,10.8
913,2026/02/16 23:31,auth,NO,no,limpio,19,0.8
875,09/09/2026,API,NO,0,negativo,132,17.5
2074,2026/12/08 21:23,Api,0,0,clean,24,"6,7"
1314,2026-03-07,api,NO,no,-,181,"7,1"
2093,2026-12-09,AUTH,1,0,-,17,"1,3"
1977,2026-08-01,API,No,no,-,80,1.5
464,2026-05-09,UI,false,0,-,30,6.0
1162,2026-12-15,api,false,0,negativo,311,4.2
1730,, Api ,no,0,negativo,16,0.8
951,07/03/2026,Api,yes,sí,MALWARE,34,"17,7"
2129,28/07/2026,ui,0,0,-,14,8.2
2490,14/10/2026,AUTH,no,0,-,14,
779,20/10/2026,authentication,false,no,negativo,134,"6,7"
2089,2026-02-03,AUTH,0,no,limpio,36,4.7
2501,17/12/2026,database,false,0,clean,76,"3,5"
2541,11/09/2026,DB,N/A,no,-,54,"7,4"
1906,22/10/2026,UI,No,no,limpio,85,"6,2"
443,2026/02/14 23:40,auth ,false,0,-,117,4.4
343,,db,no,no,malware,67,3.9
1342,17/07/2026,auth,NO,0,negativo,57,2.5
63,2026-02-04,auth,false,0,limpio,10,-6.9
2517,13/08/2026,ui,NO,0,-,19,"8,1"
1420,,auth,No,0,clean,40,
379,2026-06-05,ui,No,0,-,475,3.4
2014,05/07/2026,auth,no,no,negativo,56,"4,3"
1838,2026/03/03 10:50,API,NO,no,limpio,229,5.7
1490,25/01/2026,Auth,no,0,-,26,1.0
1319,2026-10-09,authentication,0,0,-,59,"5,0"
1815,2026-03-22,AUTH,No,0,clean,43,"21,3"
598,07/04/2026,ui,false,unknown,-,147,6.9
2290,2026-01-10,auth,0,0,limpio,123,"0,5"
254,2026/10/13 16:13,auth,SI,1,negativo,120,"19,9"
2132,21/09/2026,DB,false,0,-,95,"5,3"
1129,,AUTH,NO,no,+,358,9.2
2042,2026-12-26,Api,true,0,-,38,99999
334,2026-09-10,API,No,0,clean,387,"11,7"
1795,2026-05-28,db,No,no,limpio,29,8.6
361,2026/09/08 23:16,db,false,0,negativo,51,"4,7"
1610,2026/03/23 07:20,DB,0,no,-,64,"5,8"
730,2026-02-15,db,no,si,clean,133,23.7
2384,2026/09/14 18:27,API,0,0,-,96,"7,6"
156,2026-12-27,authentication,0,0,clean,54,"5,6"
324,2026-03-03, db,Si,sí,MALWARE,96,12.9
1274,2026-04-09,authentication,,no,negativo,96,"6,4"
697,25/12/2026,db,false,0,-,36,7.9
28,2026/05/12 12:43,Api,false,0,-,38,"3,9"
2021,18/12/2026,database,no,0,negativo,70,3.3
1575,2026/04/19 13:29,ui,0,no,negativo,11,6.4
594,11/09/2026,UI,No,0,-,86,"5,6"
79,2026-03-03,ui,false,?,clean,59,"5,7"
695,2026/09/17 14:14,api,No,no,-,127,5.5
2369,2026-06-26,ui,0,0,negativo,196,1.2
2004,17/11/2026,authentication,No,0,-,89,"7,0"
2078,27/07/2026,UI,0,0,clean,86,-5.0
1366,26/08/2026,ui,No,0,clean,132,17.2
1700,2026-07-24,DB ,yes,no,-,96,10.1
240,2026/03/08 17:35,db,No,no,negativo,132,"2,5"
2395,2026-11-18,database,NO,no,-,37,"5,8"
632,2026-05-27,authentication,yes,1,malware,33,5.6
481,,db,0,no,limpio,95,"3,4"
1289,09/09/2026,ui,,0,-,74,15.7
936,2026-07-15,auth,0,0,positivo,122,"5,8"
1558,24/09/2026,db,0,0,-,75,"1,9"
792,2026/12/24 23:00,api,0,no,limpio,55,"7,8"
1082,2026/09/03 17:09,DB,1,0,clean,38,2.0
1244,2026-04-17,database,false,0,negativo,66,"3,9"
264,2026/09/27 20:38,auth,0,0,negativo,24,"7,7"
1979,2026-11-27,auth,false,no,-,220,"3,3"
1112,2026/12/06 01:44,db,no,0,negativo,441,9.7
22,,ui,No,no,-,44,0.4
518,2026/11/07 23:07,AUTH,SI,0,limpio,54,"9,6"
2223,2026-06-21,Auth,NO,0,-,54,7.8
1557,2026-10-23,database,Si,no,clean,196,5.0
1475,26/01/2026,Auth,No,0,-,96,"3,9"
307,2026/11/02 05:24,api,SI,0,limpio,20,4.3
1585,2026/02/14 12:00,DB,NO,0,positivo,32,0.9
2298,2026-06-23, ui,true,1,MALWARE,999999,"9,9"
1176,2026-09-02,api,No,0,-,432,"5,0"
1902,2026/01/03 12:30,db,N/A,no,clean,,7.0
1377,2026/06/08 12:56,authentication,0,no,clean,97,7.5
1097,14/01/2026,API,0,0,clean,46,7.2
814,2026/04/20 00:59,authentication,NO,0,-,152,"6,7"
166,2026/04/10 09:00,UI,no,0,negativo,64,"9,5"
2259,2026-01-20,UI,no,no,clean,199,"6,4"
1609,2026-10-09,UI,false,0,negativo,33,
1022,2026/02/11 02:34,auth,No,0,negativo,135,"5,9"
1796,2026-01-11,auth,No,no,clean,133,2.3
2518,2026-11-16, ui ,Si,1,MALWARE,147,"6,3"
774,14/06/2026,authentication,yes,0,negativo,41,"2,3"
1941,07/06/2026,Auth,false,no,negativo,10,"8,1"
407,2026-04-25,database,NO,0,clean,31,4.0
45,04/02/2026,db ,NO,?,clean,247,"4,4"
860,28/03/2026,API,false,1,positivo,328,10.3
1921,25/08/2026,authentication,false,no,clean,117,5.1
2201,2026-01-13,api,false,no,negativo,53,"5,0"
275,,Auth ,1,0,clean,36,8.3
1920,2026-09-08,auth,false,0,limpio,104,4.5
245,23/04/2026,ui,0,0,limpio,53,2.3
265,2026-04-13,ui,false,0,clean,55,7.9
802,2026-03-18,Api,0,no,negativo,206,5.7
408,06/06/2026,ui,no,no,clean,121,6.1
2196,21/12/2026,Api,0,0,clean,91,11.8
1970,2026-06-24,ui,no,0,-,34,"11,1"
801,2026-06-25,authentication,No,no,-,,"4,1"
175,2026-04-23,auth,false,0,-,43,11.3
2188,2026/08/24 05:56,api,no,0,limpio,18,"1,9"
42,2026-07-13,Api,No,no,clean,59,"4,3"
1423,06/02/2026,AUTH,Si,1,malware,39,"15,5"
1076,2026/06/25 22:07,Api,no,0,negativo,113,1.0
155,2026-06-21,db,SI,0,limpio,15,6.1
1267,2026-12-13,Auth ,sí,si,malware,39,
383,2026-06-19,ui,No,0,,59,"6,4"
1026,2026-06-15,AUTH,NO,0,-,63,2.7
521,2026-07-16,Api,No,0,limpio,80,1.8
961,02/12/2026,db,No,0,-,17,10.3
1850,10/09/2026,AUTH,false,0,negativo,153,"5,2"
2008,2026-11-13,auth,0,0,+,131,"16,0"
916,,API,NO,no,clean,51,"4,7"
231,2026/10/17 00:40,auth,No,0,MALWARE,47,5.3
1012,2026-08-18,UI,no,no,clean,49,"3,0"
800,07/11/2026,UI,false,0,malware,105,"5,3"
2195,2026-09-17,Auth,yes,1,Malware,21,20.4
993,10/09/2026,api,true,0,clean,71,5.1
2538,2026/02/12 04:18,db,false,0,limpio,41,1.9
2064,21/02/2026,API,0,0,-,17,5.3
944,2026-11-11,Api,No,0,-,116,2.0
1578,,db,Si,1,malware,25,"8,3"
673,16/11/2026,api,yes,0,-,165,"11,8"
1302,2026-12-27,AUTH,No,no,clean,43,1.5
1821,03/01/2026,ui,NO,0,-,84,7.5
2409,2026/04/07 08:31,ui,false,0,-,37,"12,9"
1378,2026-07-11,database,NO,0,limpio,186,5.3
1316,2026/05/01 11:49,api,0,0,limpio,26,"8,0"
2345,2026-06-17,AUTH,NO,0,negativo,111,"2,6"
1683,2026/10/14 01:59,AUTH,no,0,-,222,2.8
534,24/01/2026,UI,false,0,MALWARE,132,"6,7"
1124,2026-03-23,auth,0,no,negativo,35,"4,6"
2120,2026-10-26,auth,sí,0,negativo,151,5.2
1254,,API,no,0,MALWARE,79,2.4
145,2026/04/07 23:17,authentication,false,no,clean,19,"11,2"
652,2026/06/10 02:44,auth,NO,0,limpio,135,6.8
2146,2026/01/09 18:24,authentication,no,no,negativo,206,"8,8"
268,2026-02-21,API ,0,0,negativo,228,99999
1658,2026-05-22,API,true,0,positivo,74,3.4
1345,08/09/2026,api,0,0,clean,85,8.6
2270,13/04/2026,api,false,0,limpio,36,
1684,20/11/2026,authentication,no,no,clean,31,"1,5"
1447,,ui,NO,no,limpio,18,"10,5"
2056,2026/06/21 04:54,DB,si,0,negativo,42,9.7
649,2026/02/27 19:11,api,false,no,limpio,62,3.2
822,25/11/2026,ui,NO,0,-,26,11.1
1505,27/08/2026,DB,no,0,-,54,10.0
741,13/11/2026,auth,No,no,-,11,"2,8"
2106,,Auth,0,0,-,23,6.0
1290,2026/12/08 15:50,DB,0,no,limpio,24,"3,2"
1880,2026-01-19,AUTH,No,0,clean,62,"3,4"
469,2026-12-24,api,NO,no,clean,49,8.3
1954,2026/07/23 20:59,database,No,0,limpio,23,"12,2"
17,2026-02-24,database,NO,no,negativo,17,7.0
2478,2026-02-10,db,NO,0,,39,99999
987,2026-05-24,api,si,no,limpio,89,
1698,2026-11-13,db,NO,0,limpio,54,"9,1"
1236,2026-01-09,api,No,no,negativo,48,4.3
1407,12/04/2026,UI,0,0,limpio,86,6.7
2141,2026-11-02,Auth,0,0,clean,-1399,
1045,19/02/2026,ui,no,no,negativo,11,-1.3
2111,03/11/2026,db ,1,no,negativo,30,23.6
428,2026/06/24 13:44,db,0,no,clean,180,"3,7"
2246,2026-11-05,db,0,no,-,58,14.0
1106,2026/02/07 04:09,API,no,no,negativo,41,"2,8"
66,2026-05-12,API,false,0,-,102,5.9
2048,2026/01/20 11:16,ui,false,0,clean,226,99999
1592,2026/08/27 12:25,ui,NO,0,clean,54,6.1
563,2026-12-24,api,false,0,negativo,47,"5,5"
2232,2026/03/27 02:07,ui,NO,no,limpio,89,"3,0"
309,2026-02-16,API,0,no,-,114,
127,2026-11-25,database,No,0,clean,75,2.7
54,2026/10/23 12:52,API,no,no,limpio,25,2.7
1300,2026/01/28 22:45,api,false,,clean,142,10.2
1826,2026/04/28 08:28,AUTH,false,0,-,78,"3,4"
941,2026-04-19,authentication,NO,0,clean,28,9.2
2054,2026/09/12 12:13,AUTH,No,0,clean,23,1.6
662,2026-12-05,athu,NO,0,limpio,36,3.1
2091,2026/01/03 07:24,ui,0,0,clean,115,4.7
2135,2026-12-20,api,false,0,limpio,19,"3,2"
2145,2026-08-11,DB,No,,clean,42,"2,2"
709,2026-10-04,authentication,0,0,-,24,8.6
1581,2026-07-09,auth,0,no,negativo,83,6.1
1309,16/05/2026,UI,no,?,malware,84,"1,6"
351,13/04/2026,auth,false,no,limpio,24,"0,8"
253,13/11/2026,api,yes,0,negativo,26,
24,2026/11/01 23:39,DB,No,0,clean,96,14.6
1046,2026/08/03 11:45,database,0,,clean,152,"1,6"
461,2026/07/02 22:13, Api ,NO,no,limpio,104,11.4
2136,23/10/2026,AUTH,false,0,-,25,2.5
185,2026-10-27,UI,NO,0,negativo,33,7.8
2589,06/01/2026,api,1,no,clean,150,13.3
919,2026-06-19,db,No,0,limpio,33,3.7
528,2026-05-16,ui,no,?,clean,213,1.7
612,18/12/2026,Api,0,no,clean,68,"5,1"
267,10/09/2026,api,No,no,clean,40,"1,1"
83,2026-01-02,DB,false,0,-,608,"3,0"
1917,2026-04-07,UI,0,0,-,27,"18,5"
608,2026-08-06,API,No,no,limpio,21,"4,1"
2335,14/03/2026, UI,no,0,negativo,71,5.2
2023,08/11/2026,ui,0,0,-,58,"6,2"
2460,2026/05/27 20:43,Auth,,no,limpio,182,5.4
1518,2026-11-01,DB,no,0,negativo,163,"6,1"
990,24/01/2026, Auth ,false,0,limpio,104,1.4
313,07/10/2026,AUTH,NO,0,clean,168,"12,9"
40,2026-10-11,API,false,0,-,207,2.6
853,2026/11/14 18:41,API,false,no,limpio,55,7.3
1357,09/03/2026,AUTH,no,0,negativo,39,99999
60,2026-10-02,api,,0,limpio,124,6.2
1847,2026-11-16,database,Si,si,positivo,32,8.8
1862,2026/10/28 15:03,database,NO,no,negativo,63,"5,8"
1852,27/10/2026,Auth,yes,0,-,26,"8,7"
592,2026/01/13 11:36,DB,1,1,+,25,18.3
57,2026-06-07, api ,no,0,clean,62,2.1
1341,2026-02-25,api,no,0,negativo,19,5.4
2167,2026/06/24 14:32,database,No,no,limpio,98,3.7
2016,2026/10/13 09:46,API,0,no,negativo,12,9.9
1911,2026-11-17,Auth,true,no,limpio,365,2.8
58,02/05/2026,DB,0,0,clean,131,"8,1"
2285,2026-10-10,db,false,no,negativo,20,9.4
38,,DB,false,no,clean,69,4.2
713,19/06/2026,Auth,true,0,-,136,5.1
2019,2026-10-04,authentication,NO,0,clean,434,5.0
1418,2026-07-10,UI,si,0,limpio,105,3.7
1283,16/02/2026,authentication,Si,no,negativo,13,5.9
1729,2026-04-18,db,NO,0,limpio,79,"5,3"
956,09/01/2026,authentication,Si,no,-,37,"2,0"
2289,2026-01-09,Auth,no,no,limpio,79,4.4
116,19/10/2026,authentication,NO,0,negativo,36,8.5
2455,2026/07/24 04:27,UI,false,no,limpio,17,13.4
539,2026-09-04,api,No,0,limpio,238,"1,0"
1384,,api,no,no,,179,"1,8"
1665,,Api,,no,-,86,"4,2"
270,11/12/2026,auth,false,0,limpio,11,"13,7"
978,2026-05-09,Api,NO,0,limpio,35,"0,5"
2251,10/09/2026,database,no,no,limpio,64,8.8
158,11/07/2026,db ,false,no,clean,94,2.7
1780,2026-12-08,api,No,no,-,71,1.9
1598,,AUTH,N/A,0,negativo,30,6.2
1720,25/02/2026,AUTH,0,no,limpio,95,6.4
187,2026/11/22 23:30,ui,false,0,-,60,6.5
759,23/02/2026,Auth,0,0,limpio,95,5.8
768,2026-11-01,Api,false,0,-,999999,"3,3"
2423,2026-12-07,auth,0,unknown,-,51,3.4
1432,20/05/2026,Auth,N/A,no,-,39,4.8
168,2026/04/20 21:32,UI,no,no,clean,23,3.3
271,2026/10/17 00:34,auth,No,no,negativo,32,4.2
1034,2026-07-26,db,No,0,clean,158,3.2
1638,02/10/2026,api,no,0,negativo,163,"6,0"
1719,2026-08-17,DB,No,unknown,-,14,"0,1"
335,07/08/2026, authentication ,NO,no,-,24,"10,9"
1846,07/11/2026,API,no,0,negativo,133,
2401,01/02/2026,AUTH,No,0,-,78,2.8
2060,27/12/2026,ui,no,0,clean,,0.7
147,2026-01-20,DB,sí,sí,Malware,81,21.8
510,2026/08/25 00:42,db,NO,0,limpio,83,"8,6"
295,2026-09-06,authentication,0,0,clean,96,0.9
1645,23/02/2026,api,false,0,clean,46,3.6
1054,2026-02-25,auth,0,0,limpio,51,"17,7"
2043,2026/08/10 09:27,authentication ,No,0,clean,62,1.6
437,2026/01/15 12:35,API,NO,no,clean,59,4.3
771,2026-02-27,authentication,no,0,-,10,5.2
199,2026/05/10 13:50,API,NO,0,-,26,6.4
2584,2026/11/09 03:43,Api,0,no,negativo,55,6.0
2532,,auth,0,0,MALWARE,20,"6,1"
672,2026/12/01 23:32,AUTH,no,no,-,13,1.6
803,25/08/2026,Api,no,no,limpio,-97,"7,2"
1845,25/03/2026,AUTH,No,0,-,23,1.2
476,13/08/2026,api,NO,0,negativo,50,1.6
999,2026/01/08 05:54,api,NO,0,negativo,73,8.2
2326,19/01/2026,auth,No,unknown,+,37,6.9
1141,2026-04-05,api,1,1,malware,37,4.9
2082,2026-06-28,Api,NO,no,clean,30,"5,8"
463,2026/04/28 00:07,auth,0,no,-,93,"0,6"
500,,Auth,no,0,limpio,56,"6,9"
1697,10/11/2026,database,1,no,clean,28,1.8
681,2026-07-02,database,No,no,negativo,16,3.9
2316,2026-10-04,API,NO,no,-,41,1.2
366,2026-08-06, API,No,no,clean,172,8.8
1739,2026-08-13,AUTH,,0,limpio,69,1.2
1950,17/05/2026,authentication,No,0,negativo,36,4.5
2487,22/07/2026,db,no,0,negativo,-445,99999
1810,2026/09/21 11:15,ui,false,no,limpio,47,4.8
1185,2026/07/04 17:23,auth,NO,no,limpio,17,"5,1"
2263,2026-03-13,database,0,0,limpio,86,"9,6"
2556,07/05/2026,database,NO,0,clean,33,1.1
1980,27/08/2026,Auth,false,no,-,19,1.8
867,2026/04/14 05:41,Api,NO,0,limpio,24,"2,2"
882,12/10/2026,api,no,no,negativo,248,"9,2"
153,2026/05/05 04:07,auth,no,no,limpio,33,"10,0"
1999,2026/07/08 20:31,db,no,0,clean,51,2.7
760,2026-02-13,db,0,0,negativo,31,"2,3"
845,2026/02/15 23:45,authentication ,NO,no,limpio,,5.7
2480,2026/04/16 04:19,db,Si,sí,malware,399,12.1
751,2026/07/10 03:15,db,No,0,clean,11,"2,3"
2506,2026/02/09 04:13,Api,No,no,clean,50,11.2
1844,08/07/2026,Auth,No,0,,59,12.5
949,09/07/2026,DB,0,no,negativo,131,"2,6"
2509,22/09/2026,AUTH,NO,no,clean,47,4.1
1851,12/05/2026,AUTH,No,0,negativo,148,2.5
1390,05/10/2026,db,No,0,clean,95,"8,0"
2247,03/02/2026, Api ,NO,0,clean,121,"1,3"
635,10/04/2026,db,no,no,limpio,59,"18,2"
1749,,api,false,0,clean,56,1.3
946,2026-07-12,db,0,0,negativo,48,8.0
1370,2026/04/27 07:10,db,No,0,clean,27,4.4
1648,2026-07-26,DB,no,no,negativo,61,"5,1"
1037,2026-11-17,auth,No,0,Malware,94,2.6
2192,2026-06-17,ui,,0,limpio,211,99999
883,14/06/2026,API,NO,0,Malware,,15.5
1670,2026/02/22 22:01, ui ,false,0,clean,29,"4,9"
2191,2026-12-19,authentication,no,0,negativo,29,"4,3"
2321,2026-07-14,API,NO,0,,118,"5,9"
2470,2026-08-23,api,0,0,clean,29,"9,8"
340,2026-08-22,auth ,false,0,clean,37,9.6
210,2026-01-09,AUTH,no,no,+,51,12.5
511,2026/01/05 06:07,database,No,0,limpio,50,"7,2"
2483,2026-04-25,auth,No,0,clean,12,9.2
251,20/09/2026,AUTH,no,0,-,117,16.4
2240,2026-11-11,api,No,0,negativo,82,4.2
2528,17/01/2026,authentication,false,0,limpio,16,"3,4"
196,2026-10-09,DB,false,0,clean,64,2.9
212,2026-09-01,Api,no,no,limpio,28,"8,9"
390,2026-04-14,UI,no,0,limpio,39,"11,3"
2554,2026-02-09,api,No,0,clean,106,10.5
1478,2026-10-28,auth,N/A,0,negativo,91,8.4
1984,2026-04-22,Api,No,no,-,133,"3,9"
2045,14/09/2026,UI,0,0,negativo,69,0.3
349,23/01/2026,Api,false,0,-,60,1.8
2150,2026-03-19,auth,0,no,negativo,304,9.7
688,06/10/2026,UI,NO,0,limpio,54,"4,0"
378,2026-02-08, authentication,Si,si,MALWARE,17,"11,7"
1963,2026/01/25 04:45,auth,SI,0,malware,300,10.8
1777,2026-12-01,authentication,false,0,negativo,27,8.2
541,2026/01/11 04:04,ui,no,0,clean,37,0.8
1090,2026-04-22,Api,NO,0,limpio,192,"7,5"
384,2026/05/22 10:15,ui,false,0,limpio,36,8.5
2366,13/07/2026, Api,yes,no,-,4,"6,0"
2076,2026-08-02,db ,NO,0,-,100,"11,3"
1177,2026-08-11,Auth,No,no,malware,31,2.7
2370,2026-12-17,Api,no,0,negativo,60,2.0
182,2026/03/28 08:16,database,N/A,si,malware,149,"11,1"
1905,2026-08-04,AUTH,No,no,-,110,"2,7"
595,2026/08/20 20:36,database,false,no,negativo,215,0.9
194,2026/09/23 16:40,api,false,0,negativo,68,9.3
1604,2026/08/01 12:02,Api,NO,no,clean,28,"2,7"
427,2026-04-24,api,No,0,clean,33,"6,5"
2139,01/01/2026,Auth,no,0,-,61,3.4
1515,15/09/2026,authentication,0,0,-,19,3.4
1523,2026/06/08 23:15,Auth,NO,no,-,73,2.5
551,08/06/2026,auth,false,0,limpio,185,"9,1"
148,14/02/2026,api,Si,si,Malware,180,23.7
519,2026-10-24,api,0,no,negativo,135,"4,7"
2453,15/04/2026, api,NO,0,-,34,2.9
200,19/02/2026,Auth,NO,no,+,48,6.0
197,2026-10-21,auth,No,0,-,14,"4,0"
808,21/02/2026,db,No,0,-,38,5.0
905,2026-04-20,API,si,no,,106,6.7
889,2026/07/25 12:49,AUTH,NO,0,clean,95,"9,6"
1110,25/08/2026,API,No,0,negativo,62,3.3
1822,28/12/2026,DB,no,no,clean,27,"4,9"
1483,2026-09-24, API,NO,0,limpio,121,1.0
2363,2026/11/03 08:40,auth,no,0,negativo,54,"3,6"
2030,2026-06-02,AUTH,false,0,clean,138,
806,2026-04-08,api,0,0,-,138,3.9
1107,2026-11-17,Api,no,,-,34,"6,8"
890,27/02/2026,api,no,0,Malware,238,5.1
530,16/11/2026,UI,no,no,-,347,"8,8"
934,2026-12-20,auth,no,no,limpio,27,2.4
1380,2026-12-21,DB,NO,no,clean,264,-6.3
358,2026/12/26 05:04,auth,N/A,0,+,16,2.8
2214,,AUTH,NO,no,limpio,50,1.9
1059,2026-06-08,api,no,no,limpio,135,2.7
2485,2026-01-26,UI,no,0,negativo,115,6.3
227,18/04/2026,API,No,0,negativo,69,1.7
2075,09/04/2026,auth,NO,no,clean,15,4.9
84,2026-04-07,Auth ,no,no,clean,77,12.2
1307,,API,yes,0,negativo,148,4.8
1449,2026-04-06,auth,false,0,clean,25,15.0
760,2026-02-13,db,0,0,negativo,31,"2,3"
1767,14/06/2026,API,no,0,limpio,191,4.4
474,2026-04-03,ui,no,0,clean,180,"2,1"
1295,24/05/2026,auth,NO,0,Malware,85,-2.9
2511,2026-12-14,DB,0,0,negativo,161,99999
2593,2026-12-05,API,no,0,malware,17,3.0
323,,ui,false,no,-,999999,
2529,2026-05-02,api,no,no,clean,97,10.0
337,23/07/2026,api,0,0,negativo,106,19.5
1179,2026-05-11,AUTH,0,0,negativo,59,2.5
2207,05/01/2026,database,0,no,negativo,104,1.9
2429,23/06/2026,Auth,no,,-,50,"4,6"
2152,2026-08-12,api,NO,0,clean,71,7.9
1613,27/07/2026,ui,No,0,limpio,81,"6,8"
1383,2026-12-27,database,No,0,negativo,160,2.8
895,2026-07-15,authentication,No,0,negativo,34,
1804,07/02/2026,auth,No,0,-,21,12.6
108,2026-03-06,database,false,0,clean,86,"15,4"
1933,2026-01-27,API,false,no,negativo,262,"11,3"
914,2026/09/19 05:34,db,No,no,clean,-132,13.4
1519,,API,NO,0,-,114,12.6
611,03/10/2026,db,NO,no,clean,32,"3,8"
1477,05/02/2026,auth,no,0,limpio,36,10.7
520,21/05/2026,ui,false,0,Malware,328,3.2
387,2026/08/17 13:20,api,,no,clean,32,"4,6"
1488,2026-07-22,Auth,NO,unknown,-,221,"6,8"
1087,26/04/2026,auth,NO,unknown,-,-122,"2,5"
1816,2026/06/02 18:25,auth,no,0,limpio,36,5.5
396,2026-08-11,AUTH,NO,0,negativo,22,"1,5"
1564,03/08/2026,AUTH,No,0,clean,19,"7,7"
2371,09/03/2026,ui,no,0,negativo,95,4.7
465,01/02/2026,auth,false,0,negativo,90,14.2
2588,2026-02-25,AUTH,false,0,-,75,"8,8"
2001,2026-04-12,Auth,NO,0,negativo,55,"11,1"
2572,2026-04-01,db,false,no,limpio,47,"10,3"
1452,2026-10-13,api,NO,no,negativo,54,"11,0"
1224,22/07/2026,authentication,NO,0,clean,43,5.6
1263,2026-01-18,db,true,sí,MALWARE,70,10.0
1196,2026-07-04,UI,NO,0,-,282,"3,6"
2310,2026-08-11,Api,,0,clean,132,2.6
693,27/11/2026,UI ,,0,-,23,"11,5"
657,2026-06-27,ui,No,0,negativo,91,"6,2"
2505,2026-11-26,UI,false,no,negativo,382,"6,4"
2438,17/08/2026,auth,0,0,limpio,44,5.1
2024,2026-12-12,UI,No,0,clean,13,1.3
2053,2026/10/18 16:03,authentication,0,0,-,58,"10,9"
735,2026/11/07 09:46,db,NO,no,clean,103,"4,1"
2437,08/12/2026,DB,false,0,clean,146,2.0
2313,27/06/2026,auth,No,no,limpio,83,"7,6"
266,2026-03-12,API,NO,0,clean,232,"0,7"
312,2026-11-06,db,no,no,limpio,10,"8,0"
2022,2026-06-11,ui,No,no,malware,161,"8,5"
2250,08/11/2026,auth,0,no,clean,64,"6,2"
711,2026-05-09,db ,No,0,negativo,63,2.9
107,2026/08/08 14:21,Auth,NO,0,malware,27,"14,7"
1565,2026-01-15,authentication,0,no,negativo,-85,8.2
1006,03/08/2026,AUTH,Si,no,limpio,105,"6,6"
2178,28/01/2026,db,NO,no,limpio,112,"7,7"
1201,2026-01-09,api,no,0,+,518,12.0
321,2026-03-08,api,0,0,-,44,"2,1"
2186,2026-02-11,Auth,No,?,limpio,-71,"10,9"
2242,2026/07/06 22:47,auth,false,0,negativo,47,1.5
829,13/01/2026,Auth,NO,no,,148,"2,5"
2377,2026-01-03,authentication,no,0,-,283,1.7
225,12/12/2026,AUTH ,No,0,-,46,"7,5"
277,2026-04-01,Auth,sí,no,limpio,10,"3,9"
129,2026/07/13 03:13,Api,false,no,negativo,116,"7,2"
2492,2026-12-05,ui,false,0,limpio,307,"2,6"
522,2026-11-25,AUTH,false,0,clean,26,"4,3"
1445,2026-02-23,api,true,sí,malware,236,
1671,2026-02-24,api,No,0,negativo,85,"4,0"
1678,22/04/2026,authentication,false,no,limpio,499,99999
430,2026-11-11,db,NO,0,negativo,118,12.5
1183,2026-10-16,ui,false,0,MALWARE,279,7.7
2294,2026/06/26 21:50, ui,false,0,-,97,7.0
2318,2026/09/25 20:45, authentication ,0,no,clean,27,
1249,2026-10-27,ui,No,no,-,41,4.7
10,10/04/2026,authentication,0,0,negativo,29,"6,2"
675,09/06/2026,authentication,no,0,clean,176,0.8
2148,13/12/2026,database,no,no,limpio,14,3.0
1808,2026/07/17 00:19,auth,No,0,limpio,35,1.8
478,24/01/2026,auth,0,no,negativo,12,4.7
1458,12/02/2026,Api,yes,unknown,negativo,74,"0,9"
1842,2026/10/13 15:14,AUTH,,0,negativo,65,9.7
1715,2026-06-22,AUTH,no,no,-,8,"11,8"
745,14/09/2026,database,No,no,clean,13,"9,4"
41,2026-12-23,auth,NO,0,,44,7.9
1029,07/05/2026,db,No,0,negativo,145,"8,6"
2,07/02/2026,ui,0,0,clean,34,"10,7"
2084,2026-04-24,api,false,no,clean,54,2.0
1160,21/05/2026,ui,NO,no,limpio,35,1.2
2403,21/02/2026,api,NO,0,-,171,"2,5"
599,18/03/2026,database,false,no,-,10,"4,1"
1360,2026-04-06,Auth,false,0,-,56,"5,7"
2130,13/01/2026,Auth,NO,0,-,78,-3.2
1430,2026-06-28,api,0,0,limpio,204,"4,4"
2394,2026-12-01,api,yes,0,-,38,"3,9"
1857,2026/03/20 09:09,AUTH,no,0,clean,36,"0,9"
2160,2026-09-12,api,N/A,0,clean,-80,4.4
376,2026/06/07 12:51, auth ,false,0,negativo,56,6.5
2560,2026/09/10 03:47,UI,NO,0,limpio,13,9.0
480,2026-02-04,Api,NO,no,limpio,128,2.8
1699,2026-07-05,Auth,no,no,limpio,38,4.2
515,2026-01-01,Auth,no,0,limpio,49,"6,6"
2400,2026/09/24 07:26,authentication,sí,1,MALWARE,281,5.9
1067,2026/11/04 02:13,api,no,0,-,25,3.7
926,18/12/2026,API,No,0,-,181,"2,4"
2399,28/05/2026,auth,NO,0,clean,7,"2,8"
2277,24/05/2026,db,No,0,limpio,144,99999
1318,2026/06/05 08:15,api,NO,,negativo,69,2.9
1462,27/11/2026,authentication,No,0,limpio,91,4.2
2068,2026/04/07 01:59,Api,si,no,negativo,166,"2,4"
1169,2026-02-08,authentication,No,0,negativo,85,"5,4"
1047,08/08/2026,api,0,0,limpio,123,"3,9"
1972,25/08/2026,auth,no,no,limpio,169,"5,7"
1130,10/06/2026,api,NO,0,limpio,32,1.4
1365,2026-08-08,api,,0,negativo,50,4.0
887,2026/08/03 00:50,DB,1,no,negativo,30,1.9
1722,2026-03-28,API,false,no,-,8,6.0
1617,2026-07-02,api,no,0,limpio,65,6.3
282,2026-11-05,auth,0,0,negativo,23,"3,1"
1726,12/06/2026,database,No,no,limpio,51,"5,9"
1794,2026-04-08,Auth,NO,0,negativo,126,"9,6"
1285,22/06/2026,UI,No,0,clean,65,"8,2"
2341,2026-10-20,api,0,0,-,88,"4,2"
380,17/03/2026,API,sí,no,negativo,44,"3,8"
1103,2026/08/07 00:19,DB,0,no,,215,"2,2"
1165,13/06/2026,AUTH,SI,0,negativo,17,"5,2"
972,06/02/2026,DB,no,0,clean,84,"2,1"
2122,2026/02/24 18:45,AUTH,false,0,negativo,19,"8,5"
1241,22/11/2026,Auth,No,0,-,187,23.8
2570,22/05/2026,database,false,no,clean,49,3.3
1910,2026/05/10 05:15,API,no,0,limpio,136,99999
1928,22/01/2026,authentication,no,0,negativo,116,"3,1"
2508,2026/07/06 22:28,db,sí,0,limpio,277,3.7
707,16/12/2026,auth,NO,0,Malware,34,"1,4"
2547,13/12/2026,AUTH,SI,no,clean,18,99999
1137,2026-02-09,API,sí,si,malware,119,"11,3"
935,2026-01-06,API,NO,0,limpio,42,2.6
871,03/01/2026,ui,NO,0,negativo,100,15.4
184,2026-09-13,UI,0,0,clean,88,2.7
90,23/10/2026,db,no,si,malware,74,14.1
1711,10/05/2026,api,No,0,limpio,117,"7,1"
1927,2026-12-22,api,false,no,-,108,"10,3"
192,,DB,no,no,negativo,55,"2,1"
143,2026/05/21 13:58,auth,NO,0,-,16,"2,3"
1874,2026/07/10 21:41,auth,false,?,-,20,"3,5"
804,2026-04-10,API,0,0,negativo,80,"5,9"
1682,2026-12-03,API,No,1,+,19,"9,9"
864,2026-12-09,ui,false,0,-,113,"7,7"
367,2026/10/15 04:22,auth,No,0,clean,48,5.7
615,01/04/2026,Api,si,no,clean,26,"5,1"
1406,22/12/2026,authentication,0,no,Malware,55,-10.6
375,14/05/2026,db,NO,0,-,24,4.4
269,2026/07/05 20:17,Api,false,no,-,11,"5,6"
2209,2026/10/14 23:31,api,no,0,clean,131,"0,9"
1174,05/03/2026,Api,No,0,clean,43,14.3
1629,2026-12-02,API,false,0,-,283,1.4
436,2026/10/25 21:34,api,0,no,+,28,"2,7"
1765,20/08/2026,Api ,Si,no,limpio,45,8.3
1969,05/01/2026,db,false,si,malware,124,"18,8"
344,05/05/2026,ui,no,no,negativo,62,9.5
2445,2026-10-21,api,no,no,limpio,77,4.3
252,2026/11/12 17:14,database,N/A,no,-,5,10.3
928,2026-06-11, authentication,no,0,negativo,47,2.6
2217,2026-04-27,athu,no,0,limpio,85,"1,8"
2454,2026-11-04,auth,NO,no,limpio,66,1.8
1265,2026-05-24,database,yes,1,+,17,10.0
120,2026/09/15 14:08,auth,No,0,negativo,29,"1,8"
1503,2026-09-12,DB,false,0,limpio,72,"2,8"
963,2026/10/15 06:51,ui,NO,0,negativo,598,4.9
1250,2026-10-28,database,NO,0,-,77,6.7
764,16/03/2026,auth,false,no,clean,284,"1,7"
2035,2026-05-25,api,No,no,,62,"11,4"
87,2026/01/03 01:32,db,no,0,clean,324,1.8
2211,2026/09/24 12:17,DB,0,0,Malware,233,"3,0"
2256,2026/03/12 12:32,auth,No,0,clean,18,"6,7"
1465,2026/11/09 18:10,authentication,no,0,-,75,0.3
173,2026-10-16,db,NO,0,clean,106,11.2
1633,2026/07/01 05:24,auth,0,no,-,213,"3,9"
2231,2026/10/28 07:47,API,false,0,-,95,"12,8"
1686,19/03/2026,AUTH,false,0,clean,153,6.8
1216,04/01/2026,db,false,0,-,99,13.1
2355,2026-07-20,Auth,1,no,clean,6,3.0
769,2026-05-26,ui,si,no,limpio,35,5.9
1119,2026-10-17,api,NO,0,limpio,152,0.9
2010,03/06/2026,API,0,no,limpio,139,3.3
442,2026/02/04 03:56,auth,No,0,limpio,220,"12,5"
2164,24/10/2026,db,no,0,limpio,23,4.2
2269,2026-04-27,ui,false,no,limpio,214,99999
1086,2026-03-04,database,NO,0,limpio,16,5.8
2441,02/02/2026,api,NO,0,-,87,1.0
886,2026-04-10,Auth,yes,0,negativo,21,5.6
778,2026-05-08,db,NO,0,-,112,"6,2"
18,2026-09-13,API,NO,no,negativo,62,2.0
917,2026-06-12,API,sí,1,MALWARE,131,13.0
206,2026-10-04,database,no,0,-,204,6.4
1456,13/04/2026,UI,false,no,limpio,19,"9,5"
791,2026-07-26,API,NO,no,negativo,59,10.5
870,14/06/2026,api,0,0,clean,12,2.4
1499,15/02/2026,Auth,0,no,clean,15,"0,2"
1145,2026/02/11 21:53,db,no,no,-,32,
1428,15/12/2026,db,0,0,-,242,4.2
293,2026-09-14,API,0,no,limpio,17,"8,3"
2278,2026-12-11,db,No,0,+,124,6.1
2389,2026/06/10 19:26,UI,0,0,-,8,"6,4"
1985,2026/03/24 00:06,AUTH,false,no,positivo,59,"6,1"
834,2026-02-17,Auth,0,no,negativo,185,"3,3"
570,2026-02-28,authentication,no,0,negativo,634,7.9
2257,24/09/2026, ui ,0,0,limpio,34,"12,2"
1332,09/10/2026,Api,No,0,-,211,"10,0"
1286,11/06/2026,auth,0,unknown,limpio,82,"8,5"
2559,22/01/2026,database,0,0,-,36,"9,2"
630,2026-02-19,api,No,0,-,164,"2,0"
506,04/01/2026,authentication,No,0,negativo,24,"10,6"
1020,,api,No,0,limpio,64,10.9
286,2026-06-24,AUTH,0,no,clean,95,"3,6"
993,10/09/2026,api,true,0,clean,71,5.1
2337,2026-06-23,api,0,0,limpio,103,"7,0"
1667,23/02/2026,auth,No,0,clean,130,99999
1457,2026/07/26 23:55,api,si,no,limpio,105,5.2
562,03/09/2026,db,No,0,clean,29,8.0
1508,19/04/2026,database,SI,si,malware,14,19.6
917,2026-06-12,API,sí,1,MALWARE,131,13.0
1960,07/02/2026,auth,NO,0,limpio,53,3.4
1622,13/04/2026,DB,NO,0,-,137,4.4
644,11/03/2026,auth,0,no,-,51,"4,2"
1474,2026-03-17,api,0,0,+,40,"11,3"
1485,16/10/2026,api,no,0,-,101,"10,0"
1654,2026/06/26 19:03,ui,0,0,-,40,"14,8"
2185,2026-10-18,api,false,0,clean,95,3.7
2379,2026-01-09,API,no,no,-,123,2.8
2253,12/01/2026,API,no,0,limpio,25,"6,3"
1068,12/06/2026,ui,NO,no,limpio,210,5.6
561,08/08/2026,DB,false,0,limpio,80,"3,0"
667,08/08/2026,database,NO,0,Malware,40,4.2
2481,2026-03-26,Auth,0,0,MALWARE,201,"3,5"
1496,20/07/2026,auth,1,0,limpio,85,3.4
2112,24/04/2026,ui,no,0,-,115,4.8
1343,21/09/2026,ui,sí,0,negativo,18,10.2
969,,api,no,0,clean,70,2.7
2334,02/07/2026,auth,0,0,negativo,74,8.9
1136,2026/11/22 23:22,db,sí,si,malware,29,"11,7"
1498,2026-09-11,api,sí,no,limpio,60,6.1
1401,2026/12/23 04:03,api,false,no,-,43,"3,0"
692,2026/07/28 19:30,ui,0,0,negativo,85,"6,7"
2446,2026/04/05 15:40,database,Si,si,Malware,43,"35,9"
2260,06/10/2026,api,No,0,Malware,12,3.3
1813,2026/07/10 15:19,authentication,No,0,-,111,
1015,03/07/2026,ui,0,0,-,133,5.8
819,2026-08-06,authentication,No,no,clean,217,5.0
908,13/10/2026,authentication,No,no,clean,111,"9,8"
1775,2026-04-17,auth,false,unknown,-,88,7.1
485,2026-08-12,api ,NO,0,-,153,"5,3"
982,2026/10/02 07:03,Auth,NO,0,limpio,334,3.8
1512,28/11/2026,api,false,0,clean,121,2.7
1863,2026/08/23 08:21,ui,No,0,negativo,30,9.3
64,2026/10/28 11:10,api,false,0,-,179,6.5
279,2026-05-03, API,no,,clean,176,"11,2"
2349,2026/05/07 13:49, API ,no,no,limpio,104,5.9
2028,05/01/2026,ui,no,0,-,166,"4,1"
2226,2026/05/15 09:03,db,No,0,-,46,1.8
2170,2026/04/22 02:38,ui,no,0,limpio,215,11.9
2224,13/11/2026,ui,no,?,negativo,45,"7,0"
2058,2026-11-28,Api,No,0,negativo,24,6.7
1987,2026/06/04 07:36,api,0,0,negativo,102,"9,9"
1429,07/06/2026,auth,false,no,-,51,19.6
1253,2026-11-22,auth,0,0,negativo,10,"6,9"
1583,2026-08-14,authentication,false,no,-,44,"6,7"
1742,2026/12/17 18:53,ui,false,0,negativo,65,"3,3"
1298,13/12/2026,API ,No,0,limpio,125,"12,5"
2474,2026-09-15,db,NO,no,-,62,2.7
696,2026-11-23,auth,0,no,clean,34,10.1
1135,2026-07-24,AUTH,No,no,limpio,999999,1.1
2258,13/08/2026,Auth,false,0,negativo,25,3.4
1414,,ui,si,0,negativo,65,15.9
986,2026/07/25 21:16,auth,no,0,clean,53,1.6
1576,2026-05-15,AUTH,0,0,-,65,"0,5"
2104,2026-02-01,ui,0,0,malware,53,1.8
2293,2026/06/22 01:24,Auth,NO,no,negativo,30,0.8
352,2026/08/21 08:40,API,,no,-,208,"5,2"
2303,2026/08/25 11:22,db,NO,no,clean,,
5,2026-08-19,database,no,0,clean,62,"6,6"
1326,2026/07/07 21:27,auth,sí,0,clean,83,"2,5"
1356,2026/11/22 02:21,db,false,0,limpio,122,"9,3"
232,2026-01-23,Auth,0,no,negativo,26,"6,3"
1116,2026-06-11, auth ,0,0,-,171,
386,17/07/2026,api,0,0,negativo,29,"5,6"
1454,2026/02/09 17:40,authentication,No,0,-,40,1.0
2561,2026-08-14,auth,NO,no,limpio,80,-2.9
2375,26/10/2026,api,false,0,positivo,47,1.9
918,2026/10/26 17:38,auth,1,no,-,45,2.2
2332,23/08/2026,Api,no,no,-,57,2.4
91,2026-05-26,db,NO,0,limpio,8,6.9
1027,14/03/2026,api,0,0,-,93,"2,4"
2545,2026-07-15,auth,,no,limpio,-185,8.4
2382,2026/06/21 14:38,api,si,si,MALWARE,348,12.8
1736,2026-08-15, auth ,false,0,clean,114,13.4
394,2026/07/11 18:22,api,No,0,limpio,232,"6,6"
564,2026/01/05 01:22,db,,no,limpio,201,0.6
1616,2026-11-05,API,NO,unknown,-,208,5.4
289,17/04/2026,ui,false,0,clean,159,5.5
962,2026/08/10 20:40,Api,false,no,negativo,37,"9,1"
974,01/04/2026,api,No,0,negativo,132,"3,0"
39,,DB,yes,sí,+,-66,"5,0"
434,2026/11/03 05:02,Api,NO,no,limpio,112,10.4
2117,2026/09/18 22:12,auth,Si,0,limpio,401,10.3
535,2026-08-15,AUTH,si,0,limpio,55,1.9
501,2026/08/25 02:25,Auth,false,0,-,5,0.5
1014,2026/11/23 00:21,Auth,No,0,negativo,190,2.6
150,2026-09-12,auth,no,0,limpio,308,"3,6"
115,25/05/2026,db,true,1,malware,-124,9.0
2296,2026-08-04,api,no,0,Malware,103,"21,1"
178,28/04/2026,API,NO,no,clean,116,"9,2"
1233,08/06/2026,auth,no,0,clean,96,7.4
261,25/10/2026,api,no,no,negativo,25,"12,8"
421,2026-07-25,Api,0,no,limpio,49,2.9
2073,2026/05/10 14:59,UI,NO,no,negativo,94,2.3
1781,2026-10-23,database,NO,0,limpio,121,"23,1"
128,2026/07/01 08:04,UI,no,0,limpio,64,"7,7"
722,05/02/2026,auth,NO,0,clean,275,2.9
1381,2026/07/25 08:27,db,No,0,clean,28,1.4
103,2026/10/09 22:47,API,no,0,-,32,2.7
2486,,auth,No,0,+,337,3.4
911,2026-07-13,api,no,0,clean,79,"8,7"
477,17/01/2026,Api,NO,no,-,22,"1,8"
1416,2026/02/09 15:24,DB,1,no,negativo,170,1.0
2495,2026-09-12, authentication,false,0,limpio,75,2.2
2229,16/02/2026,auth,Si,0,clean,19,1.0
671,2026/04/23 21:18,ui,no,0,limpio,63,"3,9"
1060,2026-03-04,Api,,0,limpio,12,"3,0"
1545,2026/09/01 20:43,database,NO,si,+,288,"46,5"
2368,,auth,0,0,clean,14,"8,4"
2592,13/03/2026, ui,No,0,limpio,207,15.5
831,16/10/2026,auth,false,no,-,12,1.1
1125,06/12/2026,authentication,0,no,negativo,494,18.6
2322,06/12/2026,AUTH,0,0,clean,110,3.4
900,14/10/2026,UI,0,0,limpio,27,-9.2
1139,2026/01/26 19:24,api,no,no,malware,56,2.2
2340,05/10/2026,AUTH,SI,0,clean,187,"5,1"
1932,2026-03-14,auth,false,no,clean,109,2.5
420,2026-09-01,AUTH,0,0,negativo,329,4.6
1602,2026/03/03 01:53,DB,No,0,clean,36,"1,7"
723,2026-05-25,db,No,0,limpio,89,5.7
1893,2026-12-17,ui,no,0,+,138,7.8
924,2026-10-24,db,NO,0,-,23,2.3
1421,15/09/2026,API,No,0,-,30,"8,2"
1379,2026/01/23 01:04,Api,false,0,clean,22,6.6
552,14/04/2026,api,SI,1,positivo,173,99999
1760,2026/12/02 04:10,ui,false,0,Malware,25,10.0
2539,2026/03/16 14:30,DB,NO,0,-,169,7.8
1368,2026/12/23 12:31,ui,false,0,clean,260,6.4
2473,13/01/2026,authentication,no,no,limpio,79,"1,4"
2521,2026-01-20,Api,0,0,-,56,"6,4"
2482,2026/06/23 23:35,auth,0,no,-,122,"15,5"
1404,18/02/2026,ui,false,,clean,40,"2,4"
412,13/01/2026,api,1,sí,positivo,31,30.1
25,08/12/2026,UI,no,no,+,144,"2,2"
826,03/10/2026,db,no,0,negativo,127,"15,8"
1533,13/10/2026,database,No,0,clean,24,5.5
1246,2026-03-01,api,NO,0,negativo,126,10.6
1851,12/05/2026,AUTH,No,0,negativo,148,2.5
1776,2026-08-03,auth,no,0,-,44,"4,6"
537,09/04/2026,auth,no,0,clean,24,"2,1"
1745,2026/06/04 13:53,ui,0,0,limpio,86,99999
2241,2026/02/24 08:23,ui,false,0,limpio,46,5.8
516,11/01/2026,Api,0,no,-,76,3.8
809,2026/08/12 15:33,API,false,0,negativo,277,"11,2"
883,14/06/2026,API,NO,0,clean,,15.5
1802,2026-07-26,api,,no,-,30,"5,8"
589,2026-03-21,api,0,0,malware,58,"5,4"
721,2026-06-19,auth,false,no,limpio,254,99999
1562,2026-07-28, api,,no,clean,51,2.0
600,2026-06-03,auth,NO,0,negativo,43,"6,8"
2078,27/07/2026,UI,0,0,MALWARE,86,-5.0
1997,2026/08/19 19:27,auth,No,no,-,37,-7.2
840,2026-03-09,Api,false,no,positivo,40,"4,8"
1939,2026-08-16,ui,NO,0,limpio,90,7.1
146,25/10/2026,Auth,no,no,,49,10.8
1288,20/09/2026,api,si,no,limpio,64,"7,6"
588,03/03/2026,ui,0,no,clean,34,2.1
2050,2026-10-26,db,true,1,positivo,23,"5,7"
1649,12/06/2026, database,NO,0,negativo,34,"8,7"
815,15/03/2026,auth,0,0,clean,84,"3,6"
2087,2026-05-24,Auth,false,no,-,104,6.3
1323,2026/01/25 07:02, auth,Si,si,positivo,290,"9,9"
634,2026-08-19,api,no,0,limpio,32,"7,4"
176,2026/01/10 19:11,db,0,0,Malware,41,7.4
220,2026/04/01 20:02,auth,No,0,negativo,193,"4,2"
1525,2026-05-19,authentication,0,no,-,9,4.3
371,2026-06-06,UI,0,0,negativo,213,16.2
2161,18/01/2026,db,no,no,negativo,30,"7,6"
1338,2026-06-14,auth,0,no,limpio,47,2.1
1688,2026-12-03,db,No,0,limpio,32,99999
1788,2026/09/02 14:14,db,NO,0,clean,91,"1,5"
1033,2026-08-20,AUTH,no,no,limpio,158,20.0
2387,2026/11/11 07:27,API,false,0,negativo,121,"11,8"
1994,2026-01-20,API,No,0,negativo,62,
429,15/05/2026,UI,No,0,negativo,46,"2,6"
1382,14/04/2026,authentication,sí,0,-,241,"5,2"
1966,2026-02-12,AUTH,false,0,-,117,2.7
287,2026-01-12,ui,no,0,-,99,10.0
1696,15/02/2026,AUTH,false,no,limpio,310,
1245,2026/08/09 14:21,UI,0,0,clean,91,6.4
684,10/06/2026,Api,NO,0,limpio,314,5.5
1537,23/03/2026,db,NO,no,-,60,5.3
503,2026-01-24,api,0,no,clean,52,6.6
1819,,API,1,no,negativo,202,4.0
1990,2026-07-05,API,No,0,-,55,
1353,2026-02-23,UI,0,no,limpio,36,
828,2026-07-25,db,true,1,malware,24,
1793,2026-02-08, auth,false,,-,22,5.5
1606,2026-12-22,DB,no,0,-,41,1.1
955,2026/03/03 02:54,ui,NO,no,limpio,47,5.3
1109,,authentication ,NO,no,limpio,39,1.6
851,2026-05-17,authentication,0,0,-,23,"4,7"
1843,2026-06-12,api,si,1,malware,39,19.7
1048,28/02/2026,Auth,yes,si,MALWARE,28,99999
1945,2026/10/02 00:21,ui,no,0,negativo,54,"10,9"
1226,2026/07/01 10:43,authentication,0,0,clean,-5,0.5
624,2026-10-28,authentication,false,0,-,9,3.9
162,2026-11-17,Auth,0,0,MALWARE,242,0.8
538,2026/10/10 23:17,auth ,false,no,malware,9,8.2
473,2026-09-06,UI,NO,0,negativo,90,"3,1"
1469,09/11/2026,ui,no,0,limpio,16,10.1
2093,2026-12-09,AUTH,1,0,-,17,"1,3"
1443,2026/03/18 15:19,ui,no,0,clean,67,"2,5"
1833,05/03/2026, UI ,false,0,clean,19,"3,6"
1590,2026/01/03 03:17,Api,false,0,-,17,0.3
1555,2026/08/18 03:40, auth,NO,0,,64,"4,4"
2299,02/03/2026,Auth,false,0,limpio,52,11.3
1890,08/11/2026,db,SI,si,malware,74,"5,7"
754,2026/01/16 10:45,api,false,0,negativo,118,"5,9"
6,16/05/2026,api,true,sí,positivo,422,"6,0"
296,26/03/2026,api,NO,0,negativo,149,"6,8"
2012,2026-05-25,authentication,No,no,limpio,42,"4,5"
1664,07/10/2026,auth,No,0,positivo,144,2.1
1855,2026-03-21,auth,,no,-,321,3.9
1219,2026-01-21,auth,NO,no,-,34,13.0
824,2026-08-27,Auth,No,no,limpio,231,"9,9"
663,2026-08-13,API,0,no,limpio,107,"0,3"
2233,2026-09-23,authentication,No,0,clean,156,7.4
1038,2026/07/28 16:02,Auth,No,0,clean,197,"4,4"
1800,26/10/2026,auth,NO,0,-,30,1.8
2245,18/12/2026,authentication,0,no,negativo,249,"14,7"
242,10/08/2026, AUTH ,no,no,limpio,32,"0,7"
526,2026/11/09 00:05,api,NO,0,negativo,279,3.6
1139,2026/01/26 19:24,api,no,no,negativo,56,2.2
1035,2026-11-09,Api,NO,0,negativo,94,5.9
645,2026-09-25,api,No,no,clean,101,"7,6"
2519,20/01/2026,API,false,no,clean,50,9.0
605,05/06/2026,authentication,NO,0,positivo,50,7.5
609,2026/05/16 00:54,auth,true,0,clean,23,16.4
676,2026/01/10 23:10,authentication,,sí,positivo,50,"11,2"
1082,2026/09/03 17:09,DB,1,0,limpio,38,2.0
435,2026/05/05 00:50,database,Si,0,-,34,"7,2"
619,26/07/2026,db,No,0,limpio,17,10.4
648,20/01/2026, AUTH ,NO,0,negativo,15,9.0
1019,2026-03-03,Auth,false,no,limpio,366,3.3
306,2026/09/22 22:41,Auth,NO,0,MALWARE,56,"8,4"
1823,2026-07-14,Auth,1,no,negativo,245,99999
2439,2026-02-17,authentication,No,no,negativo,18,"6,9"
1747,2026/04/13 08:52,authentication,no,0,negativo,128,"8,0"
1252,2026/02/17 07:59,Api,no,0,clean,62,4.7
198,2026-11-26,api,0,no,limpio,25,2.2
1723,23/06/2026, auth ,NO,no,clean,34,"0,3"
830,2026-08-11,Auth,no,0,clean,24,"17,9"
988,,ui,No,0,limpio,59,2.4
752,2026/08/19 17:22,db,NO,0,negativo,42,
2295,2026-06-27,ui,NO,no,negativo,158,"6,4"
1391,2026-06-21,athu,no,0,Malware,31,"2,2"
273,2026-01-08,db,no,0,+,118,6.1
2404,2026/03/13 23:42,api,0,0,-,55,12.7
1194,16/03/2026,ui,NO,0,-,,"6,9"
1101,11/07/2026,AUTH,NO,0,-,47,"4,9"
1993,21/03/2026,Auth,NO,0,clean,14,
546,2026-01-10,DB,1,si,clean,93,"1,0"
1589,22/10/2026,api,No,0,-,116,3.8
2051,04/05/2026,auth,No,0,limpio,203,3.5
1437,2026-05-22,ui ,no,no,clean,21,1.3
467,2026-04-24,auth,no,0,limpio,30,3.5
1786,2026-03-07,Auth,0,unknown,clean,25,11.4
2131,2026/05/10 11:03,db,false,no,limpio,83,6.2
1814,2026-01-08,api,NO,0,limpio,20,99999
2011,2026-02-14,auth,No,no,negativo,82,"1,4"
2038,2026-08-25,UI,NO,0,-,83,"1,1"
1269,2026-03-20,api,No,no,clean,98,4.7
1072,2026/07/14 12:11,DB,sí,si,clean,62,"12,3"
1009,11/04/2026,API,NO,no,negativo,56,16.3
1981,2026/10/05 09:14,api ,NO,no,limpio,22,"8,7"
901,01/06/2026,Auth,no,0,limpio,185,4.2
35,03/03/2026,api,0,no,negativo,55,"3,2"
1191,2026-06-25,database,No,no,-,27,0.5
1797,,database,No,no,-,70,"2,0"
983,2026-04-10,api,0,no,positivo,24,"3,0"
43,2026-09-23,authentication,0,0,limpio,32,8.4
2520,2026-02-06,API,NO,0,-,13,99999
1591,2026/07/24 08:49,AUTH,,no,-,53,"4,0"
1479,21/11/2026,ui,Si,0,limpio,28,5.2
2176,01/02/2026,AUTH,NO,0,negativo,23,10.5
2113,25/11/2026,db,NO,no,negativo,318,5.9
303,2026/08/11 21:07,ui,false,0,negativo,-126,"9,3"
2553,13/07/2026,UI,No,no,Malware,69,"2,6"
1276,2026-06-26,database,0,no,clean,110,"2,3"
1030,2026-04-23,database,sí,0,negativo,45,3.0
2096,01/06/2026,auth ,No,0,clean,50,"8,4"
2402,24/09/2026,api,0,no,-,72,"2,4"
2119,2026-03-02,Auth,false,0,-,111,"3,4"
2442,05/08/2026,database,N/A,0,limpio,33,"9,6"
1550,2026-02-15,Auth,No,0,clean,-264,"11,7"
1280,2026-12-28,database,1,no,clean,36,8.7
620,2026-10-08,auth,No,no,-,111,15.3
7,01/02/2026,ui,NO,0,clean,30,"3,3"
272,16/07/2026,ui,0,no,-,79,"8,2"
457,2026/10/15 23:16,AUTH,0,no,negativo,364,"5,4"
2494,2026-05-28,api,no,0,-,50,14.7
2254,2026-05-15,auth,no,0,clean,15,2.3
1422,10/02/2026,ui,sí,no,negativo,49,1.0
573,,database,No,0,-,71,99999
1213,15/05/2026,ui,SI,1,+,31,"24,5"
977,2026-02-24,Api,NO,0,negativo,169,2.0
1156,2026/05/09 01:39,Auth,,no,,99,"1,0"
1050,2026-12-07,UI,0,0,limpio,33,"4,8"
823,2026-03-10,Auth,0,0,negativo,24,"5,5"
1330,2026-04-08,api,0,0,-,116,3.5
1089,08/05/2026,API,0,0,clean,44,5.7
970,2026-09-06,authentication,No,no,clean,51,"10,7"
1789,2026/01/21 23:11,authentication,no,0,clean,25,"3,8"
2493,22/11/2026,auth,no,0,negativo,53,5.1
1148,2026/05/01 07:31,AUTH,false,0,negativo,21,2.7
1005,2026-09-04,Auth,NO,no,limpio,12,"10,5"
1660,2026-12-11,API,true,si,MALWARE,133,"5,3"
360,14/03/2026, UI,si,0,clean,166,2.6
2268,14/06/2026,database,No,no,clean,72,8.4
1832,27/07/2026,DB,NO,0,positivo,183,"2,1"
2386,2026/10/05 00:52,Api,0,0,negativo,41,"7,0"
1229,2026-05-06,AUTH,NO,no,negativo,82,4.1
315,2026-02-15,ui,no,0,,260,4.2
757,,Auth,no,0,negativo,23,"6,3"
957,2026/05/08 20:05,auth,NO,0,limpio,71,2.9
1431,2026-05-24,ui,No,0,limpio,49,0.9
2110,2026/09/02 02:56,auth,no,0,negativo,61,"5,9"
1859,2026/07/25 03:53,authentication,false,0,negativo,75,7.6
1071,2026-10-10,Api,,0,limpio,86,"5,5"
377,2026-08-18,AUTH,false,0,clean,77,3.1
984,20/02/2026,Api,false,0,-,536,"10,7"
1093,21/11/2026,api,no,no,negativo,139,1.8
2476,17/11/2026,UI,no,no,limpio,61,4.5
514,02/12/2026,Auth,false,no,clean,53,"6,5"
1957,2026/11/07 09:43,Api,Si,no,limpio,166,2.5
2249,2026/06/01 02:30, db,1,0,clean,180,0.6
1967,2026-10-18,auth,No,0,limpio,34,4.5
1481,2026/11/21 17:44,UI,No,0,-,32,-10.0
119,2026-03-23,UI,SI,0,clean,5,"8,1"
686,16/04/2026,ui,No,no,clean,201,"11,0"
2182,01/04/2026,db,si,1,malware,59,2.1
2357,07/04/2026,Auth,false,0,clean,124,"4,9"
1391,2026-06-21,athu,no,0,Malware,31,"2,2"
333,2026-11-13,authentication,sí,no,clean,23,99999
179,2026-08-05,AUTH,false,0,positivo,177,10.5
258,08/01/2026,authentication,0,0,-,20,"8,6"
742,,api,si,1,+,55,"16,5"
1044,2026/01/04 00:45,DB,no,0,limpio,120,2.8
2333,,ui,0,0,-,,99999
495,2026-10-22,database,no,0,limpio,18,"2,2"
2086,2026/10/07 14:43,auth,false,no,+,43,2.5
2092,2026/08/22 01:18,db,No,0,clean,84,8.7
1529,13/08/2026,Api,NO,no,clean,95,"1,0"
372,27/10/2026,db,NO,0,clean,25,10.8
604,2026-01-09,auth,0,0,clean,15,"1,6"
2275,2026/03/23 23:14,Api,0,0,limpio,228,"3,7"
849,2026-03-14,Api,no,no,clean,32,"6,5"
1344,16/09/2026,api,1,no,malware,21,"7,4"
2599,2026-12-06,ui,No,0,negativo,8,2.3
2505,2026-11-26,UI,false,no,-,382,"6,4"
207,21/02/2026,auth,false,0,clean,132,"2,7"
1513,2026/11/23 02:07,Auth,SI,no,negativo,14,4.7
1439,02/07/2026,auth,no,no,limpio,64,1.3
1492,2026/07/22 14:01,Auth,0,unknown,negativo,27,5.9
1995,2026/03/07 14:51,api,false,0,-,307,3.4
2219,2026-12-28,AUTH,No,0,limpio,32,"8,3"
364,2026/05/22 23:26,auth,No,0,-,6,6.3
1989,2026-01-20,Auth,no,0,limpio,74,"4,0"
1001,08/09/2026,UI,false,0,negativo,64,2.7
719,2026/08/17 08:01,api,NO,0,clean,215,1.7
317,2026/02/18 17:23,ui,NO,0,MALWARE,254,5.1
1991,2026-12-03,AUTH,0,0,limpio,56,"6,2"
259,05/03/2026,Auth,no,0,+,334,4.0
1685,2026/11/11 06:06,API,sí,1,MALWARE,21,18.3
1882,01/05/2026,DB,No,no,-,29,"4,5"
125,04/12/2026,db,NO,0,-,92,"2,1"
1044,2026/01/04 00:45,DB,no,0,limpio,120,2.8
1329,2026-07-19,UI,false,no,-,38,2.7
1128,25/05/2026,auth,NO,0,negativo,70,"7,8"
966,2026-11-15,Auth,No,0,limpio,87,"2,3"
1625,2026-09-26,AUTH,No,0,-,41,"4,1"
1642,2026/04/16 08:45,DB,false,0,limpio,222,12.3
1282,2026-02-02,Auth,0,0,clean,45,"1,7"
1056,01/02/2026,AUTH,No,0,clean,99,"8,2"
1619,2026-05-18,API ,0,0,-,121,"6,5"
1978,2026-12-16,API,NO,0,clean,46,5.6
2206,2026-02-12,auth,No,0,clean,40,"10,4"
947,2026-07-11,API,si,1,malware,-112,4.5
704,2026-09-12,DB,No,0,negativo,163,99999
2325,10/05/2026,Api,0,0,clean,35,9.9
787,18/10/2026,ui,false,0,negativo,-26,"6,5"
1869,,Api,no,no,limpio,142,5.6
1131,2026/04/21 07:43,auth,no,0,-,62,"3,0"
1690,17/09/2026,auth,NO,0,-,72,"1,7"
794,2026-07-05,auth,NO,no,-,24,"5,1"
1897,10/09/2026,ui,si,no,negativo,179,2.1
582,2026-02-13,Auth,0,0,clean,221,3.7
81,2026-08-18,authentication,NO,0,-,362,4.0
885,22/08/2026,auth,NO,0,-,221,1.9
2329,2026-08-18,auth,false,0,-,999999,"0,7"
861,2026-09-09,Api,0,no,clean,224,99999
637,2026-09-09,ui,0,no,-,69,"1,4"
1466,2026/03/14 00:25,api,false,no,limpio,18,6.5
1355,2026-02-10, authentication,NO,0,limpio,26,9.9
1240,08/04/2026,authentication,0,no,Malware,282,6.9
930,2026/07/21 06:41,UI,No,no,limpio,54,10.7
2347,2026-10-14,API,yes,1,MALWARE,317,1.5
1982,12/03/2026,ui,0,0,-,58,"7,2"
2070,2026/11/24 01:41,api,No,0,+,264,"1,2"
1972,25/08/2026,auth,no,no,clean,169,"5,7"
865,2026-06-12,api,0,0,,48,"7,2"
2314,2026-01-23,authentication,false,0,limpio,342,0.9
1689,08/02/2026,ui,NO,no,clean,88,-7.3
2323,2026/06/10 20:49,db,Si,sí,malware,177,"4,3"
2489,2026/12/11 19:14,Auth,false,0,clean,49,2.7
601,2026-02-12,Api,0,no,-,364,"6,6"
388,2026-03-27,Auth,false,0,+,82,5.4
907,2026-01-23,ui,SI,?,-,208,"4,4"
509,2026/05/19 06:32,db,1,1,+,79,3.4
2292,05/02/2026,database,NO,0,clean,61,2.0
2344,2026-12-20,auth,si,sí,MALWARE,255,17.7
374,12/05/2026,api,false,no,-,129,2.5
190,2026-01-06,api,false,0,limpio,31,11.1
181,2026/04/02 10:28,Auth,no,no,-,111,17.2
404,2026/03/16 07:33,auth,No,no,negativo,36,"2,7"
1762,13/11/2026,authentication,NO,0,negativo,31,9.2
1322,16/01/2026,api,false,0,MALWARE,66,"3,4"
811,,api,0,0,-,6,"13,9"
491,27/02/2026,UI,NO,no,clean,64,"5,9"
2142,,API,0,no,negativo,63,1.6
1388,2026/04/10 23:46, auth,Si,1,MALWARE,27,"18,9"
1877,2026-02-13,DB,NO,0,-,42,"3,5"
1183,2026-10-16,ui,false,0,limpio,279,7.7
263,2026-03-27,api,NO,0,negativo,74,"7,5"
1395,2026/12/06 22:47, authentication ,No,?,-,8,4.2
1123,2026-03-24,db,NO,no,clean,75,"3,8"
332,2026-12-10,Auth,no,0,clean,1012,7.1
2218,2026/09/13 12:18,Api,0,0,clean,258,"8,7"
1860,2026-04-03, Auth,No,no,negativo,43,2.3
2100,10/11/2026,AUTH,0,no,negativo,153,3.4
424,2026/02/15 02:55,AUTH,false,no,negativo,175,7.1
2236,2026-10-22,AUTH,No,0,negativo,97,"2,1"
1039,27/09/2026,Api,No,no,Malware,70,"3,3"
248,2026-07-10,ui,No,0,negativo,229,2.6
165,2026-04-25,api,false,no,clean,113,2.1
1085,16/11/2026,auth,0,0,clean,51,"6,5"
395,2026/11/11 11:54,Auth,yes,1,malware,431,"11,5"
1118,2026-11-21,db,No,no,-,39,3.1
2302,2026-05-08,ap i,No,0,clean,203,9.9
2586,2026/09/21 13:15,api,NO,0,limpio,59,"4,7"
296,26/03/2026,api,NO,0,malware,149,"6,8"
26,2026-06-19,authentication,0,0,limpio,15,6.0
2591,2026/04/07 08:43,authentication,0,0,clean,127,14.9
2179,05/03/2026,ui,0,no,MALWARE,89,"8,3"
415,2026-11-26,auth,0,0,limpio,6,"7,9"
1714,2026-09-10,database,false,0,clean,40,3.7
2017,11/10/2026, database ,,no,clean,96,1.7
532,2026-12-09,auth,no,0,limpio,34,"2,9"
2116,23/03/2026,api,no,no,negativo,35,7.9
718,03/05/2026,auth,true,0,-,86,"4,2"
416,2026/12/14 21:34,Auth,0,0,limpio,22,5.8
105,05/10/2026,API,No,no,-,66,"6,7"
1659,2026/03/11 01:21,UI,1,0,limpio,223,15.6
134,2026/06/22 10:19, ui,NO,0,negativo,76,7.0
121,2026-07-11,auth,no,no,clean,69,9.9
2065,2026-10-16,AUTH,no,0,clean,151,4.7
237,2026/06/24 15:13,api,NO,0,negativo,143,1.9
1486,18/04/2026,ui,No,0,negativo,158,5.8
1809,2026-09-07,ui,NO,0,limpio,42,"3,3"
189,2026-03-22, Auth,no,no,limpio,64,"5,4"
933,2026-06-04,ui,false,no,negativo,85,"8,8"
2467,05/05/2026,AUTH,No,0,-,36,3.5
544,23/06/2026,DB,No,0,limpio,31,"6,2"
2378,,API,false,1,Malware,164,13.9
554,2026-07-03,API,No,0,,33,"5,2"
2105,15/11/2026,db,no,no,negativo,69,11.7
2555,2026/06/14 17:03,api,0,no,clean,111,"6,0"
2491,2026/10/15 10:52,Api,no,0,negativo,37,2.9
471,2026-01-20,auth,yes,no,-,26,"16,7"
567,2026/03/20 13:56,Api,NO,0,-,170,"0,6"
973,2026/09/04 14:28,database,0,0,limpio,96,"10,8"
2007,2026-09-19,AUTH,No,unknown,-,14,7.2
2426,2026-01-18,Api,NO,0,clean,93,-5.6
78,2026/09/04 03:33,authentication,No,no,clean,461,"6,8"
658,2026/07/07 16:17,UI,,0,clean,556,8.8
1748,2026-11-13,api,no,no,clean,34,5.3
685,2026-06-26,api,,no,-,41,8.0
1450,2026/08/19 03:20,UI,0,0,-,124,"1,7"
11,2026/05/20 12:01,api,no,0,clean,60,1.3
1599,2026-07-10, Api,No,no,-,43,3.0
36,23/07/2026,api,No,0,clean,50,"9,4"
2291,2026-09-25,database,,no,negativo,87,2.9
381,27/04/2026,Api,no,0,-,73,"5,2"
1657,,AUTH,NO,no,clean,35,"3,7"
55,2026/02/06 19:45,api,false,0,-,11,4.6
538,2026/10/10 23:17,auth ,false,no,negativo,9,8.2
228,2026-07-02,ui ,No,0,limpio,14,"3,5"
2374,2026-12-24,api,No,no,negativo,72,"1,9"
2301,2026-11-11,ui,0,no,clean,142,"4,1"
2413,2026/06/25 23:35,API,NO,0,+,85,"4,5"
1392,23/12/2026,database,false,0,-,49,"2,9"
1053,12/02/2026,auth,false,0,negativo,70,7.8
1588,12/08/2026,ui,false,0,limpio,98,6.1
1455,2026/06/10 00:08,API,0,no,limpio,42,4.9
2194,27/10/2026,ui,false,no,-,66,2.6
651,2026/07/21 05:36, API,false,0,limpio,207,3.0
482,13/03/2026,api,true,0,limpio,151,99999
576,,UI,no,no,negativo,51,"5,0"
2575,21/08/2026,api,false,no,MALWARE,240,"3,0"
2094,03/07/2026,api,0,no,limpio,21,2.6
654,02/11/2026,AUTH,No,0,negativo,359,10.4
1891,2026-11-13,Api,N/A,1,+,28,30.0
737,2026/02/01 06:40,api,No,no,clean,120,14.6
1662,2026-01-26,database,no,no,-,256,6.2
1637,2026/05/11 17:13,Api,0,0,limpio,64,5.7
1094,2026-05-07,database,false,0,-,165,6.4
2015,,DB,no,0,clean,68,10.7
1728,26/02/2026,auth,Si,0,negativo,-39,"4,9"
1900,2026-11-02,API,NO,0,negativo,35,"18,3"
2141,2026-11-02,Auth,0,0,clean,-1399,
20,2026/04/12 10:07,UI,false,0,negativo,48,"2,9"
577,19/06/2026,Auth,NO,no,negativo,90,"3,6"
915,2026-10-12,db,false,0,clean,66,8.8
114,2026-06-28,API,no,0,-,26,"8,6"
1473,2026-11-02,Api,0,0,-,38,3.5
208,2026/10/24 22:19,AUTH,false,0,limpio,18,9.4
1500,2026/02/15 10:35,db,Si,1,malware,1184,9.7
862,2026-05-21,auth,No,0,limpio,41,3.2
1426,01/11/2026,Api,0,0,negativo,20,8.0
1521,14/01/2026,Auth,NO,0,negativo,111,"11,2"
958,,API,No,0,clean,242,4.4
2215,18/12/2026,API,NO,no,-,19,5.2
2235,04/08/2026,auth,0,0,limpio,70,12.0
498,10/11/2026,authentication,sí,0,negativo,5,"2,4"
1164,16/02/2026,db,NO,0,negativo,82,"6,2"
762,03/04/2026,Auth,No,no,limpio,167,"1,4"
2346,2026-11-10,auth,No,,clean,29,"20,3"
1199,11/02/2026,auth,yes,0,clean,99,"5,7"
1411,12/09/2026,DB,No,0,-,105,"1,8"
1817,2026-12-03,db,false,no,-,42,8.2
1831,2026/04/09 19:20,db,No,no,clean,172,5.4
385,21/11/2026,API,No,no,-,17,"5,3"
1398,2026/01/27 13:45,Api,0,0,clean,58,3.0
1333,23/04/2026,db,No,0,clean,160,"0,6"
1884,2026/02/24 10:38,authentication,No,0,malware,121,3.7
1634,2026/08/03 05:36,api,No,0,clean,155,5.1
2332,23/08/2026,Api,no,no,-,57,2.4
2583,2026/11/02 21:01,ui,0,0,-,171,"1,5"
660,2026-11-10,db,No,0,clean,25,2.8
517,27/11/2026,Auth,No,0,limpio,81,1.7
547,2026/09/19 14:49,AUTH,false,0,limpio,164,2.9
126,2026-10-16,UI,false,no,clean,35,5.1
2430,2026-01-17,Auth,No,,negativo,53,5.5
2112,24/04/2026,ui,no,0,malware,115,4.8
1003,2026-10-26,db,NO,0,-,,6.0
992,2026-08-09,Auth,0,no,limpio,57,"5,4"
2283,,ui,NO,unknown,negativo,268,6.7
1401,2026/12/23 04:03,api,false,no,clean,43,"3,0"
876,17/02/2026,DB,0,no,-,103,9.5
1312,,UI,false,0,negativo,34,5.6
943,25/11/2026,authentication,false,0,-,293,"4,7"
2383,2026/10/06 17:25,api,0,no,limpio,43,3.9
877,22/06/2026,auth,0,no,-,26,10.1
1317,16/08/2026,database,1,no,-,58,8.6
1913,2026/05/11 17:01,ui,NO,0,-,40,-4.2
61,,db,false,0,Malware,21,2.9
133,2026-03-21,DB,NO,0,Malware,97,"12,8"
560,01/07/2026,ui,no,0,-,135,5.6
1543,14/11/2026,authentication,No,no,malware,34,7.7
555,22/07/2026,API,No,no,-,-177,6.6
1577,27/11/2026,auth,no,no,limpio,85,"3,6"
2097,24/11/2026,Auth,sí,si,Malware,-110,11.5
2582,2026-05-23,db,false,0,malware,35,11.6
1258,18/04/2026,db,0,0,negativo,181,-11.3
1088,2026-06-17,db,SI,0,MALWARE,107,"3,9"
1375,2026-12-03,authentication,No,no,clean,87,1.9
1875,2026/08/09 20:40,authentication,No,0,malware,117,2.6
1193,2026-03-23, api ,no,0,negativo,47,17.5
1227,2026/07/17 21:50,API,yes,si,Malware,41,24.4
2504,12/05/2026,api,N/A,no,-,838,5.4
493,2026-04-24,Api,No,no,limpio,504,"2,4"
1673,2026/12/26 05:40,authentication,sí,0,clean,25,4.0
406,13/08/2026,ui,No,0,-,2,4.7
661,02/09/2026,db,no,0,clean,44,"1,8"
874,2026-09-27,AUTH,false,0,limpio,72,4.2
2354,2026/08/12 15:40,db,NO,0,clean,189,5.5
1824,20/01/2026,db,NO,0,-,42,3.5
1653,2026-06-08,Auth,,0,clean,755,1.8
1225,10/02/2026,auth,NO,0,-,51,4.2
1259,2026/01/28 18:18, API ,false,no,limpio,149,2.6
1956,2026-08-22,API,false,0,clean,80,"16,8"
1163,2026/10/24 14:44,UI,false,no,-,10,"6,3"
171,2026-03-13,auth,si,0,negativo,191,"4,9"
195,26/08/2026,ui,true,0,clean,115,5.8
170,2026/07/18 06:03,ui,no,0,negativo,31,15.8
1827,2026/11/05 10:08,database,No,0,limpio,8,2.5
850,14/08/2026,ui,0,0,negativo,78,"6,6"
417,2026/01/01 02:12,ui,false,0,Malware,76,"14,4"
2127,04/11/2026,Api,No,0,-,37,5.7
2252,2026-12-20,api,false,0,negativo,119,"2,3"
2434,2026/05/02 11:24,ui,true,1,malware,36,12.0
1081,28/10/2026,authentication,NO,0,negativo,98,"10,3"
215,2026-02-20,Api,No,no,clean,87,7.2
239,08/03/2026,Auth,no,0,limpio,79,"9,1"
854,22/04/2026,api,true,0,negativo,33,"5,3"
2510,04/04/2026,auth,no,no,negativo,175,"14,3"
2190,25/02/2026,Auth,0,0,malware,24,2.2
1620,23/11/2026,ui,no,no,negativo,38,"4,4"
2018,16/09/2026,UI,false,no,limpio,157,"9,7"
2276,2026/03/03 16:01,ui,No,0,-,43,6.6
2151,2026-07-25,db,NO,no,negativo,55,3.8
847,2026-10-05,ui,no,no,-,20,"1,1"
2121,2026/07/05 12:13,api,no,0,-,826,8.9
1551,, AUTH ,NO,?,negativo,11,"17,6"
1070,2026/10/13 03:33,auth,0,no,malware,26,3.4
766,2026/08/17 09:02,Api,0,no,MALWARE,43,3.2
191,2026-10-26,AUTH,,0,Malware,56,4.0
1178,2026/09/14 00:14,API,1,0,negativo,59,2.5
2261,2026/02/18 05:16,api,No,0,-,65,4.7
1013,2026-08-06,Api,No,no,negativo,59,4.9
118,,auth,No,no,,27,"2,0"
2527,2026-08-20,authentication,0,0,negativo,51,8.3
1376,2026-08-25,AUTH,false,no,clean,213,12.9
896,21/08/2026,db,No,0,negativo,800,"15,5"
1919,2026-06-06, db,false,0,-,112,"7,5"
1340,2026/09/18 06:51,ui,NO,0,limpio,9,"4,1"
979,03/05/2026,api,false,0,-,53,8.4
2133,2026-09-14,UI,no,no,-,54,4.1
409,13/01/2026,db,0,0,-,62,"6,8"
948,2026-10-27,UI,false,no,limpio,58,"4,8"
1197,27/08/2026,db,0,0,clean,65,3.3
625,16/10/2026,AUTH,0,0,limpio,352,"9,0"
653,2026-05-19,AUTH,false,0,limpio,23,"1,6"
1556,19/01/2026,API,N/A,0,negativo,66,"4,5"
1484,2026/11/14 20:34,Auth ,false,no,-,72,"1,0"
610,2026/09/13 18:05, Api ,no,0,-,16,3.0
497,2026/04/16 20:35, database,SI,0,negativo,61,3.9
626,2026-07-11,api,0,0,negativo,17,"9,1"
629,12/03/2026,api,false,0,malware,118,5.9
290,18/10/2026,ui,No,no,negativo,221,3.1
549,2026-08-17, Api ,no,0,clean,86,7.7
2080,2026-03-16,auth,NO,0,negativo,159,6.1
1918,2026-01-11,api,NO,0,limpio,22,"10,2"
2052,2026-07-09,db,No,0,-,42,3.2
1459,,auth,no,no,limpio,45,
448,2026-10-28,API,NO,0,clean,40,7.7
2353,2026-04-21,db,sí,no,clean,25,"4,2"
2600,28/07/2026,authentication,no,0,clean,79,-3.8
1349,07/12/2026,db,No,0,clean,54,"2,5"
74,2026-07-04,AUTH,0,0,clean,98,2.5
925,2026/09/07 13:30,api ,sí,no,limpio,26,"2,9"
2255,2026-01-23,ui,NO,0,limpio,62,"7,6"
1655,2026/10/28 13:37,db,0,no,negativo,88,6.3
255,2026/09/22 05:09,Auth,false,no,+,16,
13,,api,false,0,negativo,31,"4,6"
157,2026-01-22,AUTH,1,0,limpio,72,0.9
2099,28/11/2026,ui,NO,0,negativo,71,"10,4"
2533,2026-03-18,db,No,0,negativo,110,-5.0
2202,2026/04/27 06:37,DB,no,no,limpio,30,2.1
1493,2026-10-09,database,no,0,,39,1.6
1347,2026-09-07,api,sí,no,negativo,162,6.5
1491,2026/09/04 14:55,Api,NO,0,negativo,100,1.7
302,2026/06/10 07:26,DB,true,no,-,28,
1000,25/08/2026,api,yes,0,positivo,54,13.5
2379,2026-01-09,API,no,no,-,123,2.8
2036,14/03/2026,DB,0,no,-,105,4.1
529,2026-09-20,API,false,0,clean,131,6.6
449,2026-05-10, UI,NO,0,-,54,
1320,2026-04-14,Auth,false,0,negativo,19,0.3
1167,,api,sí,no,limpio,212,3.9
1173,2026/11/08 20:52,db,yes,no,limpio,21,3.8
1114,,db,no,0,clean,56,14.0
550,25/10/2026,auth,sí,1,Malware,87,14.1
772,2026-12-17,ui,no,0,negativo,97,"3,7"
1140,,DB,0,0,limpio,147,14.9
674,17/10/2026,authentication,no,no,-,84,11.8
393,2026-02-02,UI,0,0,clean,205,2.6
450,2026-07-10,auth,0,0,-,132,12.3
363,12/01/2026,authentication,No,0,limpio,106,3.4
921,01/04/2026, auth,false,0,negativo,145,12.1
1373,2026-07-12,database,false,0,limpio,72,10.8
1695,2026/09/19 14:28,auth,false,0,clean,34,2.8
330,2026/06/27 12:46,AUTH,0,0,negativo,45,"0,9"
1669,2026-09-20,auth,No,0,MALWARE,95,"5,7"
1502,2026/10/20 23:52,AUTH,false,0,negativo,65,"12,7"
1679,2026/07/03 21:48,Auth,No,unknown,limpio,58,6.9
2168,2026/02/06 23:15,api,0,0,-,17,
288,2026/12/04 12:34,db,no,no,negativo,114,3.8
2204,2026/08/11 01:16,ui,NO,0,-,167,99999
1234,2026/12/07 09:37,auth ,No,0,limpio,212,"4,0"
734,,API,NO,0,clean,19,"6,4"
1084,2026-06-03,DB,no,no,negativo,23,8.2
1187,17/06/2026,DB,sí,0,negativo,121,"11,8"
1272,24/08/2026,ui,NO,?,clean,35,3.3
1734,2026/10/15 08:10,ui,NO,no,-,-65,"11,5"
712,2026/08/15 12:28,AUTH,SI,0,clean,58,"6,1"
2324,2026/01/28 19:56,AUTH,No,,limpio,325,11.6
1260,27/12/2026,authentication,si,no,negativo,180,5.1
10,10/04/2026,authentication,0,0,MALWARE,29,"6,2"
455,2026/09/14 18:55,api,sí,0,limpio,15,"3,5"
1334,06/06/2026,api,NO,0,clean,60,2.2
2380,09/09/2026,db,no,0,-,121,"3,7"
1217,2026-02-03,Api,No,0,-,152,"2,0"
2443,2026-03-03,AUTH,NO,0,negativo,81,5.9
1251,2026-03-03,UI,No,no,limpio,19,
1569,2026-10-12,UI,no,no,limpio,250,
571,2026-09-18,database,No,0,limpio,273,"6,7"
1735,2026-03-13,db,NO,0,-,129,0.7
2013,27/05/2026,API,NO,no,-,65,1.8
621,2026-02-13,db,no,0,limpio,65,1.0
2203,2026/09/02 08:10,Api,NO,0,-,99,-11.8
638,2026-01-14,API,NO,0,-,25,"3,6"
2311,22/04/2026,authentication,Si,sí,positivo,68,"10,1"
1535,13/09/2026,ui,No,0,limpio,117,"1,1"
904,2026-09-11,API,1,1,+,30,3.3
1675,2026-11-10,db,no,0,limpio,28,"4,4"
1073,03/09/2026,authentication,NO,0,clean,86,"16,3"
1075,2026-06-04,UI,0,0,clean,17,"2,0"
1702,2026-07-06,ui,true,0,-,18,"6,5"
431,2026-01-20,ui,no,0,-,28,"4,7"
117,2026/03/21 00:00,api,NO,no,negativo,41,9.4
1031,2026/11/18 00:07,Api,false,no,limpio,29,17.2
1105,2026-08-19,AUTH,sí,no,clean,259,5.5
450,2026-07-10,auth,0,0,clean,132,12.3
2436,2026/10/13 23:18,auth,0,0,-,72,6.2
788,2026-11-05,UI,NO,0,negativo,202,5.6
2198,2026-02-05,api,0,no,negativo,99,"6,2"
2562,2026-08-17,db,0,no,clean,11,5.7
1807,2026-01-25,AUTH,no,0,limpio,84,
1600,16/11/2026,ui,no,0,MALWARE,19,11.5
2081,09/10/2026,API,No,0,limpio,94,2.4
1389,2026-01-15,AUTH,sí,no,MALWARE,231,99999
1497,2026-12-12,Auth,No,0,clean,32,9.8
1611,2026/02/21 06:57,Api,NO,no,negativo,61,"1,6"
1573,2026/09/21 05:46,UI,No,no,negativo,31,"16,5"
701,03/07/2026,authentication,yes,1,MALWARE,51,99999
1424,,auth,false,no,-,183,1.7
2408,2026-01-21,ui,no,0,limpio,71,"2,6"
2272,2026/10/13 20:01,auth,0,0,clean,144,"9,9"
1413,2026-07-19,auth,NO,no,limpio,80,6.2
496,2026-04-06,api,No,0,clean,51,"3,3"
2169,2026-01-04,Api,No,0,clean,33,"8,3"
2162,17/10/2026,ui,false,unknown,clean,112,9.2
468,15/05/2026,authentication,No,no,-,32,9.4
2034,2026-05-10,DB,No,0,limpio,109,"1,8"
953,04/01/2026,authentication,no,no,clean,37,2.7
1002,2026-11-15,ui,no,0,clean,39,"4,5"
1888,21/09/2026,ui,No,0,negativo,168,1.5
2459,2026/07/10 10:39,UI,No,0,-,122,"3,8"
714,07/01/2026,db,No,0,negativo,255,"11,0"
251,20/09/2026,AUTH,no,0,-,117,16.4
888,07/08/2026,AUTH,0,no,negativo,90,6.6
1230,2026/04/03 22:11,auth,No,no,limpio,40,"14,3"
1210,2026-02-28,authentication,yes,0,MALWARE,59,3.6
2026,20/09/2026,Api,yes,unknown,Malware,40,5.6
1138,, ui,SI,0,negativo,20,11.4
355,2026/05/05 22:43,ui,no,0,-,142,"5,6"
1154,2026-08-24,UI,false,0,positivo,149,"10,8"
1975,2026-01-24,ui,No,no,-,170,5.5
1964,2026-08-20,auth,SI,0,negativo,29,"5,2"
989,2026-05-26,api,No,0,negativo,155,"6,7"
1773,2026-07-02,UI,0,no,clean,175,
2059,05/08/2026,auth,0,0,clean,60,"7,2"
825,10/08/2026,auth,false,0,limpio,121,"4,3"
1063,2026/10/03 04:48,ui,no,0,clean,43,"1,4"
922,10/02/2026,api,no,0,negativo,33,14.8
47,12/11/2026, Auth,NO,0,limpio,53,"4,9"
2568,2026/06/12 02:37,UI,no,0,limpio,103,4.2
2158,06/09/2026,ui,No,no,-,18,10.5
2448,2026/05/28 16:03,Auth,No,0,limpio,34,"6,9"
339,2026-12-16,authentication,NO,0,negativo,122,"1,3"
1758,2026/03/21 00:26,db,no,0,clean,155,"2,3"
656,2026/06/22 23:24,db,NO,no,-,67,"13,5"
2098,17/04/2026,API,false,0,-,66,"5,0"
325,2026-07-24,AUTH,false,0,-,24,"20,9"
2304,2026/06/03 20:08,auth,No,0,-,112,7.7
1820,2026-05-23,DB,No,si,+,304,17.1
2497,2026/09/18 03:03,authentication,false,no,negativo,52,"8,2"
2320,06/05/2026,AUTH,No,0,negativo,24,3.8
2567,2026-05-14,authentication,NO,0,clean,83,"5,4"
2500,27/03/2026,db,0,0,negativo,25,
2267,10/06/2026,auth,false,no,-,792,8.9
2590,2026-11-27,AUTH,No,0,positivo,94,"4,3"
234,06/09/2026,auth,0,no,limpio,50,9.6
832,25/02/2026,DB,NO,0,-,127,16.8
749,2026/06/18 11:54,AUTH,false,0,limpio,25,"8,0"
1155,2026-06-13,Auth,true,si,positivo,150,34.6
872,04/11/2026,db,0,0,,37,5.2
201,03/09/2026,database,NO,,limpio,520,"7,7"
1207,2026-11-22,Auth,NO,0,clean,56,1.6
1024,2026-05-22,Api,,no,negativo,23,"10,5"
2422,2026/05/04 15:10,ui,true,no,MALWARE,78,2.3
1078,2026/07/16 19:18,authentication,no,0,clean,128,1.6
666,2026-01-20,api,false,no,MALWARE,20,"11,2"
1157,2026-01-01,authentication,0,0,clean,37,7.1
113,2026-06-05,api,si,0,-,45,"11,6"
2514,2026-09-20,auth,no,0,+,110,"9,2"
1892,2026/12/18 04:27, UI,no,0,limpio,101,"1,4"
1315,08/12/2026,UI,NO,no,negativo,19,11.8
1364,2026-01-21,AUTH,NO,no,clean,18,4.7
2066,11/02/2026,db,no,no,MALWARE,166,"2,1"
256,2026/01/06 17:56,auth,0,no,negativo,48,"1,8"
596,17/11/2026,auth,No,no,-,124,"2,4"
15,27/02/2026,Auth,false,no,-,129,0.5
1791,2026-10-07,authentication,false,?,clean,86,"5,0"
423,2026/01/13 15:24,Auth ,No,0,limpio,108,
1836,2026-04-01,authentication,No,no,-,63,"4,3"
1559,08/06/2026,api,false,0,limpio,33,"8,3"
235,2026/08/18 12:01,api ,0,0,limpio,17,2.5
1403,2026-05-01,auth,no,0,-,61,1.6
2297,25/09/2026,API,0,0,negativo,29,"2,0"
1281,06/06/2026,api,no,0,-,256,2.5
2101,2026-09-06,authentication,No,0,-,25,1.7
2154,10/12/2026,AUTH,yes,si,limpio,26,1.0
1567,25/05/2026,auth,N/A,no,-,157,
533,2026-11-18,API,0,0,-,51,1.5
2360,2026-05-09,auth,false,0,,64,"7,2"
614,2026/12/27 23:21,api,true,sí,limpio,40,"5,9"
1212,2026-05-07, authentication,no,0,limpio,101,10.5
418,07/06/2026, API,no,no,clean,21,"6,4"
1899,2026-10-05,UI,false,0,negativo,513,4.2
224,2026-02-15,Api,No,0,-,62,
1444,2026/12/16 22:17,DB,false,no,limpio,23,"20,4"
2420,12/03/2026,api,NO,0,-,66,"6,1"
868,26/05/2026,database,false,0,negativo,84,3.7
1308,2026/09/09 01:54,database,0,no,clean,999999,12.8
837,2026-03-09,api,no,no,-,17,4.8
1674,22/12/2026, Api ,0,no,limpio,80,1.7
2587,2026-10-27,DB,No,0,-,35,5.1
100,2026-09-23,Auth,SI,1,MALWARE,15,18.0
1871,2026/01/05 16:39,db,no,0,negativo,9,5.8
2271,17/12/2026,database,No,no,-,55,14.9
1761,2026/05/15 02:10,api,No,no,clean,71,2.3
1401,2026/12/23 04:03,api,false,no,-,43,"3,0"
241,21/02/2026,database,0,no,limpio,139,5.2
705,,db,Si,0,-,36,"8,9"
687,2026-10-17,UI,false,0,limpio,43,99999
852,2026-09-26,authentication,no,no,clean,36,"16,1"
1336,2026-10-13,Auth,0,0,limpio,158,
1203,2026/02/09 06:53,api,0,no,clean,173,5.7
1419,2026-05-18,DB,NO,,clean,53,7.0
2212,03/11/2026,auth,No,no,limpio,89,"3,3"
1132,2026-04-25,api,NO,0,negativo,100,12.9
2415,2026/12/18 07:22,api,false,no,clean,84,3.0
1580,23/07/2026,database,no,no,limpio,74,"13,5"
2088,2026-08-06,AUTH,NO,0,clean,35,4.7
1849,2026/08/07 10:15,auth,0,0,-,98,10.8
250,2026-01-19,auth,0,0,limpio,79,
1732,2026-04-25,API,No,0,limpio,91,"2,1"
451,05/10/2026,auth,NO,0,negativo,15,"3,0"
572,2026/04/07 20:59,authentication,false,0,clean,18,99999
37,2026-02-15,auth,false,0,limpio,155,99999
326,2026-09-15, authentication ,NO,0,clean,36,"4,1"
1848,12/10/2026,database,No,1,clean,22,"20,8"
1257,2026-02-25,API,No,0,negativo,22,"6,1"
1677,,UI,No,0,negativo,38,4.1
1321,22/01/2026,authentication,false,0,clean,187,"7,6"
1805,16/06/2026,Api,false,0,negativo,130,7.9
1204,2026/01/05 05:22,db,NO,0,limpio,79,2.3
2530,03/11/2026,database ,false,0,clean,316,"2,0"
301,2026-09-07,auth,false,0,negativo,260,"6,3"
1049,2026-10-18,ui,false,0,negativo,21,4.5
1052,2026-01-19,UI,false,0,negativo,47,"5,0"
1041,2026/12/24 03:55,AUTH,No,0,limpio,21,"7,0"
1639,2026-02-03,Auth,NO,0,limpio,25,3.0
138,2026/08/11 18:31,ui ,no,no,-,21,3.8
581,12/09/2026,auth,No,no,-,26,"4,4"
1996,2026/06/08 20:30,authentication,NO,no,-,13,"11,4"
283,07/05/2026,auth,si,0,positivo,28,"16,3"
278,26/02/2026,auth,no,no,-,217,"19,3"
1579,2026/02/21 18:20,ui,yes,0,clean,57,"8,4"
2450,2026-12-20, authentication ,NO,no,-,31,"3,8"
487,2026-11-22,auth,Si,0,-,44,1.7
2180,13/02/2026,AUTH,0,0,-,27,"4,0"
1914,2026-08-08,authentication,NO,0,-,105,3.4
617,2026-01-24,API,no,0,clean,65,"3,4"
1668,2026/07/05 02:00,Auth,No,,-,54,"2,7"
346,2026-01-08,Auth,0,no,clean,59,1.7
1482,06/04/2026,api,NO,0,negativo,185,"6,5"
1310,22/09/2026,UI,si,1,positivo,19,
1935,11/12/2026,UI,no,0,clean,57,8.5
1752,18/03/2026,auth,No,0,clean,85,"13,0"
622,12/09/2026,api,false,no,negativo,62,"9,8"
894,2026/08/08 11:57,ui,no,0,limpio,210,"4,6"
76,16/01/2026,API,no,0,limpio,196,"8,4"
1772,2026/04/03 06:40,API,NO,0,clean,103,5.8
937,2026-05-21,ui,no,0,limpio,23,7.6
1886,2026-01-21,ui,No,0,negativo,89,2.1
243,2026-11-16,db,No,0,limpio,17,16.3
736,2026-07-19,authentication,no,0,positivo,24,"15,2"
332,2026-12-10,Auth,no,0,clean,1012,7.1
1608,2026-05-27,database,no,0,negativo,24,2.2
8,2026-02-26,api,No,0,negativo,,"4,0"
1152,23/11/2026,ui,NO,no,limpio,49,10.7
1596,04/06/2026,authentication,No,0,clean,70,"4,9"
2440,14/09/2026, ui,no,0,clean,122,4.9
748,2026-04-28,database,false,no,clean,41,2.6
1471,2026-11-11,database,0,0,negativo,79,"4,1"
1008,2026-11-08,Api,0,no,negativo,21,0.5
